name,label
0℃,Entity
0℃或以下,Entity
100次,Entity
10℃,Entity
10月,Entity
12小时,Entity
15天以后,Entity
18～20℃,Entity
20分钟,Entity
20分钟左右,Entity
20场,Entity
20多毫米,Food
20次,Entity
22℃,Entity
2遍,Entity
2～5分钟,Entity
30%,Entity
30℃,Entity
30次,Entity
35℃,Entity
36次,Entity
40℃,Entity
40℃以上,Entity
40℃的酷热,Entity
4月初,Entity
4～6月,Entity
5-羟色胺,Entity
5-羟色胺减少,Entity
50下,Entity
5个症状,Disease
5分钟,Entity
5月中旬,Entity
5次,Entity
5～6次,Entity
60～69岁,Entity
6月,Entity
7～9月,Entity
8～10℃,Entity
9月,Entity
9月份,Entity
9月降水量的一半或更少,Entity
℃以上,Entity
一个小时,Entity
一举两得,Entity
一九二九不出手,BodyPart
一候室内空气清新,Entity
一候雷始收声,Entity
一候鸿雁来,Entity
一候鹰乃祭鸟,Entity
一冷一热,Entity
一只鸡,Food
一呼一吸,Entity
一场秋雨一场寒,Entity
一夜冷一夜,Entity
一定的保健作用,Entity
一寒一暑,Entity
一年中,Entity
一年中最冷的时候,Entity
一年中最冷的时段,Entity
一年中最冷的阶段,Entity
一年中最寒冷的日子,Entity
一年中最寒冷的时候,Entity
一年中最炎热的季节,Season
一年中最热时期,Entity
一年中最热的季节,Season
一年中最热的时候,Entity
一年中最热的阶段,Entity
一年中的最后一个节气,SolarTerm
一年中阳气最旺的时间点,Entity
一年之中的第一个节气,SolarTerm
一年之计在于春,Entity
一息,Entity
一手曲肘放枕前,BodyPart
一手自然放在大腿上,BodyPart
一段,Entity
一热一凉,Entity
一缕青烟,Entity
一般人群,Entity
一阳生,Entity
一项,Entity
一颗龙眼,Entity
七、八分饱,Entity
七九河开,Entity
七八天,Entity
七八度,Entity
七幅图,Entity
七性物质,Entity
七月,Entity
七月中旬,Entity
七月中旬到八月中旬,Entity
七月八月看巧云,Entity
七月节,Entity
万人愁,Person
万公里的速度,Entity
万寿仙书,Person
万木凋零,Person
万物,Person
万物不失,Person
万物之源,Person
万物以荣,Person
万物凋零,Person
万物发陈,Person
万物壮大,Person
万物复苏,Person
万物开始萌芽生长,Entity
万物成形,Person
万物收藏,Person
万物欣欣向荣,Entity
万物活动趋向休止,Entity
万物生于春，长于夏,Entity
万物生长,Person
万物生长渐满,Entity
万物生长渐盈满,Entity
万物皆齐,Person
万物萌动,Person
万物萌芽,Person
万物萧落,Person
万物补之,Person
万物逐渐萧落,Entity
万物长,Person
万育仙书,Person
三个穴,BodyPart
三个穴位,BodyPart
三九,Entity
三九四九冰上走,Entity
三九天,Entity
三九天末梢,Entity
三九补一冬,Entity
三九进入四九,Entity
三九隆冬,Entity
三伏,Entity
三伏天,Entity
三伏天的中伏,Entity
三伏开始,Entity
三位,Entity
三候,Entity
三候水始涸,Entity
三候禾乃登,Entity
三候群鸟归,Entity
三候鱼陟负冰,Food
三十二幅篇,Entity
三叉神经痛,BodyPart
三叶,Entity
三叶适宜冲泡,Entity
三天,Entity
三才图会,Entity
三指,Entity
三春,Entity
三月,Entity
三月三日,Entity
三月中,Entity
三果,Food
三步一吸,Entity
三步一呼,Entity
三步一呼三步一吸,Entity
三燥,Entity
三秋,Entity
三花,Entity
三花三叶三豆三果,Food
三豆,Food
上下牙齿相叩,Entity
上中下燥甘润养,Entity
上举托天,Entity
上体,Entity
上体向左转,Entity
上半年,Entity
上半年逢六廿一,Entity
上呼吸道,Entity
上呼吸道感染,Entity
上呼吸道炎症,Disease
上巨虚穴,BodyPart
上海,Location
上清下明之意,Entity
上火,Entity
上肢,Entity
上肢关节肌肉,Food
上臂外侧,Entity
上臂疼痛,Entity
上蒸下煮,Entity
下丘脑,Entity
下丘脑的情绪调节中枢,Entity
下午气温超过40℃,Entity
下半年,Entity
下半年逢八廿三,Entity
下半月刊,Source
下压,Entity
下尿路,Entity
下巨虚穴,BodyPart
下肢,Entity
下肢及脚部保暖,Entity
下肢溃疡,Entity
下雨,Entity
下雨后,Entity
下雨导致情绪变化,Entity
下雨导致降温,Entity
下雨较多,Entity
不下雪,Entity
不为琐事劳神,Entity
不会出现问题,Entity
不伤及肺脏,BodyPart
不做剧烈运动,Entity
不冷也不热,Entity
不发怒,Entity
不受耻骨联合阻挡,BodyPart
不受肠气干扰,BodyPart
不受腹壁脂肪层影响,BodyPart
不可轻易使用发汗之剂,Entity
不可过多,Entity
不可过大,Entity
不可过食热性食物,Entity
不吃或少吃,Entity
不吃早餐,Entity
不同的生理特点,Entity
不大喜大悲,Entity
不妄作劳,Entity
"不宜清早出夜深归,冒犯寒威",Entity
不宜过多食用,Entity
不宜过量,Entity
不宜过食辛辣燥热、肥,Entity
不宜食用肥甘厚味,Entity
不振,Entity
不时有寒流侵袭,Entity
不注意保暖,Entity
不熬夜,Entity
不燥不腻的温补特性,Entity
不稳定,Entity
不穿潮湿的衣服,Entity
不算旱,Entity
不能生吃,Entity
不能自主的自觉病症,Disease
不良情绪,Entity
不良的情绪,Entity
不觉异常,Entity
不超过小时,Entity
不过度重的经络适配,BodyPart
与人为善,Entity
与人体血清浓度相近的无机盐,Entity
与人参同等的营养价值,Entity
与北半球相反,Entity
与天地相应，与四时宁,Entity
与妻儿团聚,Entity
与日俱兴,Entity
与春季相关,Season
与枸杞子同入砂锅,Entity
与粳米同入砂锅,Food
与粳米熬粥,Food
与阳气相关,Entity
与鱼片一起滚汤,Food
丑寅时,Entity
世界上最好的礼物,Entity
世间第一补人之物乃粥也,Food
东亚,Entity
东北,Entity
东北北部,Entity
东北地区,Location
东北地区大地封冻,Location
东北大部,Entity
东北进入秋季,Season
东南沿海,Entity
东编·脏气脏德,Entity
东风,Entity
东风解冻,Entity
东风送相火行功,Technique
丝凉风,Entity
丝瓜,Food
丝绸,Entity
丝袋,Entity
两千余年,Entity
两半球,Entity
两半球昼夜均分,Entity
两手,BodyPart
两手半握拳,Technique
两手左右托,BodyPart
两手托,BodyPart
两手捏紧,BodyPart
两手掌,BodyPart
两手放在上腹部,BodyPart
两手相叠按右大腿,BodyPart
两步一吸,Entity
两步一呼,Entity
两步一呼两步一吸,Entity
两筋之间,Entity
两胁下痛引小腹,BodyPart
两脚分开,Entity
严寒,Person
严寒时期,Person
严寒时节,SolarTerm
严寒景象,Person
严寒期,Person
严寒期的特点,Entity
严寒逝去,Person
严玉民,Person
个人,Entity
个人体质,Entity
个人体质的养生保健,Entity
个人身体情况,Entity
个体差异,Entity
个大颗,Entity
中下游地区,Location
中伏,Entity
中伏前后,Entity
中冲,Entity
中冲穴,BodyPart
中医中药,Entity
中医养生,Entity
中医养生学,Entity
中医养生方法,Entity
中医养生理论,Entity
中医学,Entity
中医学上的病症,Disease
中医导引法,Technique
中医思维方式,Technique
中医春夏养阳观点,Entity
中医治疗癌前病变,Disease
中医治疗癌前病变专题讲座,Person
中医理论,Entity
中医的时间智慧,Entity
中医经典,BodyPart
中医药,Entity
中医药学报,Source
中医药科技创新,Organization
中医药科技成果生产力转化,Food
中医药科技获奖项目,Organization
中医药科技获奖项目论文,Organization
中医药科研成果,Food
中医药继续发展,Entity
中医药继续教育,Entity
中医药远程教育,Entity
中医补虚,Entity
中医认为,Entity
中医运动养生,Entity
中医防治原则,Entity
中午不能午休的人,Entity
中午休息一会儿,Entity
中午小憩,Entity
中午打个盹,Entity
中午气温稍收敛,Entity
中华优秀文化,Entity
中华传统文化,Entity
中华民族,Entity
中华民族养生文化的重要组成部分,Entity
中华民族的传统节日,Entity
中原地区,Location
中和体内酸性代谢物,Entity
中和酸,Entity
中国中医基础医学,Location
中国中医基础医学杂志,Source
中国中医科学院中医基础理论研究所,Organization
中国中医科学院医学实验中心,BodyPart
中国中医药图书情报杂志,Source
中国中医药现代远程教育杂志社,Source
中国传统文化特色,Location
中国传统节气,SolarTerm
中国大部分地区,Location
中年人,Entity
中年夫妇,Entity
中时,Entity
中暑,Disease
中暑先兆,Disease
中暑火气较大之人,Disease
中暑症状,Disease
中气虚,Entity
中秋,Entity
中秋过后夜夜凉,Entity
中等以上指数,Entity
中老年人,Entity
中老鹰,Entity
中耕除草,Entity
中药,Entity
中药房,Entity
中负离子,Entity
中阴暑,Entity
中阴暑发生可能性,Entity
中风,Entity
中风倾向的患者,Entity
丰富,Entity
丰收,Entity
丰收的喜悦,Entity
丰隆,Entity
丰隆穴,BodyPart
临床,Organization
丹毒,Entity
丹田,Entity
丹砂,Entity
丹药,Entity
为来春生机勃发做准备,Entity
为生活增添乐趣,Entity
主何气,Entity
主气,Entity
主气图,Entity
主汛期,Entity
主治功效,Entity
主治病症和图示,Disease
久食苦菜能安心益气,BodyPart
乌梅,Person
乌梅汤,Food
乌鸡,Food
乍暖还寒,Entity
乏力,Entity
乐观,Person
乐观外向的性格,Entity
乐观外向的性格形成,Entity
乐观的心情,BodyPart
乐观豁达,Person
乙脑,Entity
乙脑的多发季节,Season
乙脑的高发期,Entity
九个九之后,Entity
九九八十一,Entity
九九八十一天,Entity
九九加一九,Entity
九十日之半,Entity
九月,Entity
九月的中下旬,Entity
习俗,Entity
习惯,Entity
习练,Entity
习练太极圈,Technique
乡村医生准入制度,Location
乡村田园人家,Location
乡间田埂,Entity
书籍,Entity
书籍生霉菌,Entity
乳制品,Entity
乳品,Entity
乳类,Entity
予而勿夺,Entity
二九,Entity
二九的最后几天,Entity
二九结束时,Entity
二伏,Entity
二伏前后,Entity
二候天地始肃,Entity
二候死亡,Entity
二候玄鸟归,Entity
二候蛰虫坯户,Entity
二候蜇虫始振,Entity
二十四气导引坐功图势,Technique
二十四节气,SolarTerm
二十四节气与养生,SolarTerm
二十四节气与养生文化的关系,SolarTerm
二十四节气中医导引法,SolarTerm
二十四节气中的一个节气,SolarTerm
二十四节气中的第一个节气,SolarTerm
二十四节气中的第七个节气,SolarTerm
二十四节气中的第三个节气,SolarTerm
二十四节气中的第九个节气,SolarTerm
二十四节气中的第二个节气,SolarTerm
二十四节气中的第二十一个节气,SolarTerm
二十四节气中的第二十个节气,SolarTerm
二十四节气中的第五个节气,SolarTerm
二十四节气中的第八个节气,SolarTerm
二十四节气中的第六个节气,SolarTerm
二十四节气中的第十一个节气,SolarTerm
二十四节气中的第十七个节气,SolarTerm
二十四节气中的第十三个节气,SolarTerm
二十四节气中的第十个节气,SolarTerm
二十四节气中的第十九个节气,SolarTerm
二十四节气中的第十二个节气,SolarTerm
二十四节气中的第十五个节气,SolarTerm
二十四节气中的第十八个节气,SolarTerm
二十四节气中的第十六个节气,SolarTerm
二十四节气中的第十四个节气,SolarTerm
二十四节气中的第四个节气,SolarTerm
二十四节气之首,SolarTerm
二十四节气养生,SolarTerm
二十四节气养生与用香备要,SolarTerm
二十四节气养生文化,SolarTerm
二十四节气养生文化的信息可视化设计 应用研究——以四季如生为例,SolarTerm
二十四节气养生歌,SolarTerm
二十四节气养生歌赏析,SolarTerm
二十四节气坐功导引法,SolarTerm
二十四节气导引,SolarTerm
二十四节气导引养生法,SolarTerm
二十四节气导引术,SolarTerm
二十四节气导引法,SolarTerm
二十四节气文化,SolarTerm
二十四节气的天文位置,SolarTerm
二十四节气的第一个节气,SolarTerm
二十四节气解,SolarTerm
二十四节气饮食养生视觉信息,SolarTerm
二月,Entity
二月到三月,Entity
二要进行心理纳凉,BodyPart
云,Entity
云南,Person
云南局部地区有雷声,Location
云彩,Person
云彩变得疏散而自如,Entity
互相撞击争斗,Entity
五九六九沿河看柳,Entity
五劳所伤,Entity
五味入五脏,Entity
五指自然弯曲，手心朝胸,BodyPart
五月下旬,Entity
五月节,Entity
五枝汤,Food
五禽戏,Entity
五脏六腑,Entity
五脏六腑因内外清气而润濡,Entity
五脏六腑润濡,Entity
五脏精华之血,Entity
五脏精华之血减少,Entity
五脏调和,Entity
五色入五脏,Entity
五色饮食,Entity
五行,Entity
五行作为纲,Entity
五谷,Entity
五谷不结相关,Entity
五车万宝全书,Entity
五运六气,Entity
五运六气临床思路探讨,Organization
五运六气学说,Entity
五运六气对治未病养生方案的临床指导意义,Disease
五运六气治则治法,Entity
五运六气理论,Entity
五运六气理论的起始时刻辨析,Entity
亚岁,Entity
亚麻,Entity
交流,Entity
交流改进栽种技术,Entity
交点,Entity
亥时,Entity
产气较多,Entity
产生更多能量,Entity
产生朝气,Entity
产生生气,Entity
产生能量,Entity
人,Entity
人与自然的关系,Entity
人与自然的关系应作为整体来认识,Entity
人中穴,BodyPart
人主心,BodyPart
人们,Entity
人们吹空调,Entity
人们喜欢热乎乎的东西,Entity
人们在芒种时节的懒散状态,SolarTerm
人们感觉天寒地冻,Entity
人们感觉进入冬天,Season
人们的健康有不利影响,Entity
人们的工作,Entity
人们的生活,Entity
人们的生活有不利影响,Entity
人们食用冷饮,Entity
人们饮用冰水,Entity
人体,Entity
人体健康,Entity
人体健康至关重要,Entity
人体先天之本,Entity
人体免疫力,Entity
人体免疫功能,Entity
人体内产生,Entity
人体内外,Entity
人体内气血逐渐向外运行,Entity
人体内阴气的盛衰转换,Entity
人体内阴阳之气的盛衰转换,Entity
人体出汗较多,Entity
人体吸收利用,Entity
人体增加物质分解,Entity
人体增加碳水化合物的分解,Entity
人体增加脂肪的分解,Entity
人体增加蛋白质的分解,Entity
人体安然度夏,Entity
人体对磷的吸收,Entity
人体对钙的吸收,Entity
人体平衡失调,Entity
人体循环,Entity
人体循环加快,Entity
人体患病,Disease
人体抵抗力,Entity
人体抵抗力差,Entity
人体新陈代谢,Entity
人体新陈代谢减慢,Entity
人体最大的腺体,Entity
人体最适宜进补时间段,Entity
人体最适宜进补的时候,Entity
人体气机发散,Entity
人体气血产生外透趋势,Entity
人体气血向外透发,Entity
人体水分流失,Entity
人体汗出,Entity
人体汗出增加,Entity
人体流失水分,Entity
人体现象,Entity
人体生命活动,Entity
人体生理活动,Entity
人体疾病风险,Disease
人体的阳气,Entity
人体睡眠状态,Entity
人体穴位,BodyPart
人体经气合阳,BodyPart
人体经气合阴,BodyPart
人体耐受能力,Entity
人体肌肤腠理,Entity
人体肌肤腠理舒展,Entity
人体脏腑,Entity
人体脏腑盛衰,Entity
人体节律,Entity
人体血液,Entity
人体血液循环,Entity
人体血液旺盛时期,Entity
人体血清浓度,Entity
人体血管,Entity
人体表血管弹性,Entity
人体身心健康,BodyPart
人体身心健康有影响,BodyPart
人体阳中之阳,Entity
人体阳气,Entity
人体阳气活动旺盛,Entity
人体阳气跟不上,Entity
人体阴阳平衡,Entity
人体阴阳转变,Entity
人参,Entity
人在暑热之时可服用仁丹、十滴水,Entity
人文养生,Entity
人欢乐,Entity
人民健康,Entity
人民治,Entity
人的心情,BodyPart
人的生理和心理机能变化,BodyPart
人的神经细胞对气温、气压、湿度和气流变化高度敏感,BodyPart
人的精神状态,Entity
人类,Entity
人脑产生,Entity
人走路,Entity
人际互动中的依赖关系,Entity
仁,Entity
仁丹,Entity
今年冬令进补，明年三春打虎,Entity
仍很寒冷,Entity
从前发际到后发际,Entity
从菜园,Food
仙人草,Entity
仙草,Entity
仙草能治,Entity
代茶饮,Food
代谢,Entity
代谢功能,Entity
代谢功能下降,Entity
代谢器官,Entity
代金刚,Entity
以免诱发或加重疾病,Disease
以增强体质,Entity
以夏至之,SolarTerm
以寒为主,Entity
以平为期,Entity
以手掌温度熨敷该处,BodyPart
以改善健康,Entity
以水济火,Entity
以礼进行,Entity
以自身感觉不过寒为宜,Entity
以草药酿酒,Food
以连续五天平均气温高于℃定义,Entity
以避寒冷,Entity
以防,Entity
仲冬,Person
仲夏,Person
仲春,Person
仲春之月,Person
仲春和暮春季节,Season
仲秋,Person
伏夏,Person
伏天,Person
伏天的开始,Entity
伏旱,Person
伏旱期,Person
伏羊一碗汤,Food
休息,Entity
优于,Entity
优质蛋白,Entity
优质蛋白质,Entity
传染性疾病,Disease
传统习俗,Entity
传统健身运动,Entity
传统养生,Entity
传统医疗保健运动,Entity
传统导引法,Technique
传统经络配时,BodyPart
传统经络配时形成对比,BodyPart
传统节日,Entity
伤也,Entity
伤寒,Entity
伤寒杂病论,Disease
伤心,BodyPart
伤脾,BodyPart
伤阴气,Entity
伤风,Entity
伤风感冒,Disease
伯劳鸟,Entity
伸出,Entity
伸屈不利,Entity
低海拔地区,Location
低温,Entity
低温辐射,Entity
低温连阴雨,Entity
低盐饮食,Entity
佐料用于降血压,Entity
体健之人也需谨慎,Entity
体内,Entity
体内水和盐大量排出,Entity
体内湿气,Entity
体内湿气较重的人,Entity
体内热气散发不出去,Entity
体内热量,Entity
体内热量积蓄过多,Entity
体力,Entity
体力劳动者,Entity
体力消耗过大的运动项目,Entity
体力的恢复,Entity
体寒,Entity
体察民意,Entity
体弱者,Entity
体怯,Entity
体液偏酸,Entity
体温调节,Entity
体热不能及时散发,Entity
体热无法散发,Entity
体疲劳,Entity
体育锻炼,Entity
体表,Entity
体表血管扩张,Entity
体质,Entity
体质偏燥者,Entity
体质快速改善,Entity
体质有关,Entity
体质虚寒且腹泻者,BodyPart
体质虚弱,Entity
体质虚弱之人,Entity
体质虚弱的人,Entity
体质虚弱者,Entity
体质虚弱者的最佳锻炼方法,Entity
体重,Entity
体重变化,Entity
体重恢复,Entity
体重恢复到正常状态,Entity
体阴阳转换,Entity
何首乌,Person
佛教,Entity
佛教有关,Entity
佛祖释迦牟尼,Entity
佛祖释迦牟尼的成道日,Entity
作为肠胃‘避暑’的好办法,BodyPart
作息,Entity
作息安排,Entity
作息规律,Entity
作物,Entity
作物冻害,Entity
作物湿害,Entity
作物生理和生态需水增多,Entity
作物生长,Entity
作物生长加快,Entity
作物生长的需要,Entity
作物生长需水不足,BodyPart
作物的不同而异,Entity
作用次于红色,Entity
佩兰叶,Entity
佩戴香囊,Entity
使人困乏,Entity
使人尽快入睡,Entity
使人感到舒适,Entity
使人的心静下来,BodyPart
使人神平体安,Entity
使人醉行千里却酒不醒,Food
使全身温暖,Entity
使头发不白,BodyPart
使寒邪侵入人体,Entity
使志生,Entity
使梅汁浸出,Entity
使用提神醒脑的香品,Entity
使用空调和电扇环境中,Entity
使用遮阳伞,Entity
使用遮阳帽,Entity
使用防晒霜,Entity
使神志安宁,Entity
使神收回来,Entity
使筋骨更加灵健,BodyPart
"使肺气舒展,防止收敛过甚",BodyPart
使脾胃强壮,BodyPart
使血管扩张变粗,Entity
使身与时间空间同步,Entity
使身体保持微微出汗,Entity
供血,Entity
供销关系,Entity
依从二十四节气进行养生与保健,SolarTerm
侧卧,Entity
便于消化吸收,Entity
便民措施,Entity
便秘,Entity
促进人体机能活动,Entity
促进人体血液循环,Entity
促进健康,Entity
促进手部血液循环,BodyPart
促进新陈代谢,Entity
促进气血恢复,Entity
促进气血流通,Entity
促进消化,Entity
促进睡眠,Entity
促进血液循环,Entity
促进血液流通,Entity
促进阳气生长,Entity
俗话,Entity
俗语,Entity
俗谚,Entity
保健,Entity
保健养生,Entity
保健养生效果,Food
保健品,Entity
保健品小妙招,Entity
保健效果,Food
保健方法,Entity
保健理论,Entity
保健的好时期,Entity
保健肝肾,BodyPart
保健食物,Entity
保养,Entity
保养肾,Entity
保养阳气,Entity
保定,Entity
保护心脏,BodyPart
保护细胞膜,Entity
保护肝肾,BodyPart
保护肠黏膜,BodyPart
保护阳气,Entity
保持个人及环境卫生,Entity
保持室内空气新鲜,Entity
保持干燥,Entity
保持心境平和,BodyPart
保持心境平稳,BodyPart
保持心态平和,BodyPart
保持心情舒畅,BodyPart
保持心静,BodyPart
保持情绪稳定,Entity
保持稳定的情绪,Entity
保持精神畅达,Entity
保持脑内-羟色胺稳定,Entity
保持良好状态,Entity
保持身体健康,Entity
保持轻松愉快的精神状态,Entity
保持阴阳平衡,Entity
保持顺畅的心情,BodyPart
保暖,Entity
保暖不当,Entity
保暖防寒,Entity
保生心鉴,BodyPart
保生心鉴•经络配四时图,BodyPart
保生心鉴二十四节气中医导引法养生理论探讨,SolarTerm
保留棉衣,Entity
保证一定的睡眠,Entity
保证充足睡眠,BodyPart
保证旺盛的精力,Entity
保阴潜阳,Entity
信息传播,Entity
信息可视化设计,Entity
信息可视化设计的创作形式,Technique
信息可视化设计的表现手法,BodyPart
倍数,Entity
倒入锅中煎煮,Entity
倒春寒,Entity
倒春寒相关,Entity
倒着行走,Entity
倒着走,Entity
倒立,Entity
倒行,Entity
倒黄梅,Entity
候平均温度,Entity
候虹始见意,Entity
倦怠,Entity
偏于阴虚的人,Entity
偏凉性食物,Entity
偏北风,Entity
偏好,Entity
偏寒,Entity
偏温热,Entity
偏热,Entity
做健身操,Entity
做八段锦,Technique
做好精神养生,Entity
做操,Entity
做汤,Food
做腹式深呼吸,Technique
做运动,Entity
做馅,Entity
健康,Entity
健康·养生,Entity
健康与肾的关系,Entity
健康养生,Entity
健康养生和规律生活的行为习惯,Entity
健康相关,Entity
健忘,Entity
健胃,BodyPart
健胃的功效,BodyPart
健脑,Entity
健脾,BodyPart
健脾保健,BodyPart
健脾养胃,BodyPart
健脾和胃,BodyPart
健脾扶阳祛湿,BodyPart
健脾暖胃,BodyPart
健脾益胃,BodyPart
健脾祛湿化痰,BodyPart
健脾胃,BodyPart
健脾胃食物,BodyPart
健脾药食,BodyPart
健脾补肝清肺,BodyPart
健脾补肺,BodyPart
健脾补肾,BodyPart
健走,Entity
健身,Entity
健身操,Entity
健身球,Entity
偷闲消夏,Entity
傍晚,Entity
储痰之器,Person
像碧螺春,Entity
像锯齿,Entity
儿时记忆中的美食,Entity
儿童,Entity
元代,Person
元宵节,Entity
元宵节的一项活动,Entity
元气充足,BodyPart
元鸟归,Person
元鸟至,Person
充分休息睡眠,Entity
充沛的水分,Entity
充足的睡眠,BodyPart
充足睡眠,BodyPart
先天元气,Entity
先逆时针后顺时针,Entity
光明,Entity
光明和温暖,Entity
光波,Entity
光照强烈,Entity
光线,Entity
光线适宜,Entity
克制燥气,Entity
克服秋乏,Entity
免疫力,Entity
免疫力下降,Entity
免疫力比较差的人,Entity
免疫功能,Entity
免疫功能下降,Entity
免疫系统,Entity
免疫能力,Entity
免除冬天和来春的腹泻,Season
兔肉,Food
入伏面,Food
入冬补阳的第一大法,Entity
入梅之后,Entity
入睡,Entity
入秋,Entity
入秋不久,Entity
入秋后,Entity
全国,Person
全国大部分地区平均气温在18～20℃,Location
全套一气呵成,Entity
全家老少,Person
全年最低,Person
全年最低气温,Entity
全年最重要的日子,Entity
全年温度最高的节气,SolarTerm
全年雨量最多,Entity
全年飞雪,Entity
全身暖洋洋,Entity
全身温暖,Person
全身肌肉,Food
全身肌肉得到充分放松,Food
全身脏器,Person
八九十岁,Entity
八九十岁时牙口良好,Entity
八九燕来,Entity
八十一天,Entity
八卦太极图,Technique
八廿三,Entity
八月,Entity
八月中旬,Entity
八段锦,Technique
八种动作组成,Entity
八角,Entity
八髎穴,BodyPart
公中匡现代远程教育,Entity
公元前年,Entity
公历,Entity
公历日期,Entity
公历月日前后,Entity
公历每年的月日前后,Entity
公历每月月初前后,Entity
公历的月,Entity
公历的月日相关,Entity
公历的月～日,Entity
公园,Entity
公园庭院,Entity
公园湖滨,Entity
公鸡,Food
六十年纪运图,Entity
六字诀,Entity
六字诀默念呼气练功法,Technique
六廿一,Entity
六月,Entity
六月中,Entity
"六月中, 大暑",SolarTerm
六月伏日,Entity
六月六,Entity
六气,Entity
六气变化,Entity
六腑,Entity
六腑清阳之量,Entity
六腑清阳之量减少,Entity
关上窗户,Entity
关元穴,BodyPart
关节,Entity
关节协调配合,Entity
关节协调配合的灵活性,Entity
关节炎,Disease
关节炎患者,Disease
关节炎患者病情加重,Disease
关节疼痛,Entity
关节疾病,Disease
关节痛,Entity
关节肿痛,Entity
兴奋提神,Entity
兴趣,Entity
其他地方,Entity
其他季节易上火,Season
具有抗皱纹功效的维生素,Entity
具有清解湿热之效的方剂的功效,Entity
具有祛风湿、舒筋骨、温防伤风感冒的食物,Disease
具有芳香化浊之效的方剂的功效,Entity
具有药用价值,Entity
典型的秋天节气,SolarTerm
典型的秋季气候,Season
养,Entity
养中病的人,Disease
养人,Entity
养修炼,Entity
养分,Entity
养心,BodyPart
养心健脑,BodyPart
养心功,BodyPart
养心安神,BodyPart
养心肝脾胃,BodyPart
养护肝脏,BodyPart
养护肺脏来改善,BodyPart
养护脾胃,BodyPart
养护脾脏,BodyPart
养护阳气,Entity
养气,Entity
养生,Entity
养生不利,Entity
养生专家,Entity
养生之主,Entity
养生之道,Entity
养生保健,Entity
养生保健价值,Entity
养生健身,Entity
养生原则,Entity
养生大麦粥,Food
养生导引方,Technique
养生建议,Entity
养生效果,Food
养生文化,Entity
养生方法,Entity
养生歌,Entity
养生歌诀,Entity
养生理论,Entity
养生的重点,Entity
养生益寿措施,Entity
养生目标,Entity
养生相关,Entity
养生经验,BodyPart
养生药膳,Entity
养生要点,Entity
养生论,Entity
养生调心情,BodyPart
养生道理,Entity
养生重点,Entity
养生重点是调和阴阳,Entity
养生锻炼,Entity
养生锻炼法,Entity
养精神,Entity
养精蓄锐,Entity
养羞,Entity
养肝,BodyPart
养肝切忌,BodyPart
养肝方案,BodyPart
养肝清头目,BodyPart
养肝的好时机,BodyPart
养肺,BodyPart
养肺化痰,BodyPart
养肺润肠,BodyPart
养肺润肠的作用,BodyPart
养肺相关,BodyPart
养肺补水,BodyPart
养胃,BodyPart
养胃止泻,BodyPart
养胃生津,BodyPart
养脏气,Entity
养脾,BodyPart
养脾气,BodyPart
养脾胃,BodyPart
养脾脏,BodyPart
养血,Entity
养血安神,Entity
养血润燥,Entity
养身延年,Entity
养身的最佳时机,Entity
养长,Entity
养阳,Entity
养阳为主,Entity
养阴,Entity
养阴护阳,Entity
养阴护阳气,Entity
养阴润燥,Entity
养阴润肺食物,BodyPart
养阴清热,Entity
养阴清热润燥,Entity
养颜梳头,BodyPart
内关穴,BodyPart
内分泌,Entity
内分泌的激素分泌,Entity
内分泌紊乱,Entity
内外清气,Entity
内外阴阳平衡,Entity
内外阴阳平衡不稳定,Entity
内心宁静,BodyPart
内心安宁,BodyPart
内心脆弱,BodyPart
内心脆弱相关,BodyPart
内服药物,Entity
内气功,Technique
内火,Entity
内热,Entity
内热气,Entity
内热气失控,Entity
内热相关,Entity
内热较重,Entity
内病外治,Disease
内脏,Entity
内蒙古,Entity
再逆时针按摩50下,Entity
冒冷汗,Entity
冒火,Entity
农业产量,Entity
农业生产,Entity
农作物,Entity
农作物正常生长,Entity
农作物生长相关,Entity
农作物苗期生长,Entity
农作物越冬,Entity
农作物进入生长旺季,Entity
农作物防寒,Entity
农历,Entity
农历书,Entity
农历十月,Entity
农历寒露节气,SolarTerm
农历弦朔日,Entity
农历弦朔日初七、初八、廿二、廿三日,Entity
农林作物,Entity
农民,Entity
农民们,Entity
农田,Entity
农田水分供求矛盾,Entity
农谚,Entity
农间,Entity
冠心病,Disease
冠心病患者,Disease
冠心病病情复发,Disease
冬,Entity
冬三月,Entity
冬不坐石,Entity
冬不坐石，夏不坐木,Entity
冬令趋寒,Entity
冬令进补,Entity
冬作物,Entity
冬前弱苗,Entity
冬吃萝卜夏吃姜,Entity
冬天,Season
冬天动一动，少闹一场病,Season
冬天嘴唇裂开,Season
冬天尾巴的延伸,Season
冬天感觉更浓,Season
冬天的一个阶段,Season
冬季,Season
冬季六个节气中的第四个节气,SolarTerm
冬季即将到来,Season
冬季即将结束,Season
冬季发作的慢性疾病患者中,Season
冬季容易发作的慢性疾病,Season
冬季开始,Season
冬季情感,Season
冬季情感失调症,Season
冬季晒太阳,Season
冬季的第五个节气,SolarTerm
冬季闭藏,Season
冬季降雪少,Season
冬季风,Season
冬寒,Entity
冬寒向春暖过渡的时期,Entity
冬小麦,Entity
冬春交替时期,Entity
冬月,Entity
冬瓜,Food
冬病夏治,Disease
冬眠动物,Entity
冬眠动物出土,Entity
冬至,SolarTerm
冬至乐趣,SolarTerm
冬至到小寒大寒期间,SolarTerm
冬至到来,SolarTerm
冬至后,SolarTerm
冬至后回升,SolarTerm
冬至后的一段时间,SolarTerm
冬至日,SolarTerm
冬至时节,SolarTerm
冬至期间,SolarTerm
冬至线,SolarTerm
冬至进补,SolarTerm
冬节,Entity
冬藏,Entity
冬虫夏草,Entity
冬衣,Entity
冬装,Entity
冬酿酒,Food
冬雪雪冬小大寒,SolarTerm
冯茗渲,Person
冰冻现象,Entity
冰可乐,Entity
冰啤酒,Food
冰天雪地,Entity
冰封,Entity
冰晶,Entity
冰棍,Entity
冰水,Entity
冰淇淋,Entity
冰粒,Entity
冰糖,Entity
冰镇,Location
冰雪,Entity
冰雪在心,BodyPart
冰雪皆散,Entity
冰雪融化,Entity
冲头,BodyPart
决明子,Entity
冷到极点,Entity
冷刺激,Entity
冷在三九，热在三伏,Entity
冷天哮喘,Disease
冷成冰团,Entity
冷暖变化,Entity
冷暖空气交汇形成的锋面,Food
冷气,Entity
冷水,Entity
冷水浴,Entity
冷淘冰雪,Entity
冷相关,Entity
冷空气,Entity
冷空气入侵,Entity
冷空气减弱但不退,Entity
冷空气到来,Entity
冷空气势力范围扩大,Entity
冷空气南下,Entity
冷空气影响,Entity
冷空气活动,Entity
冷空气活动频繁,Entity
冷空气转守为攻,Entity
冷粥,Food
冷粥将熟时,Food
冷粥将熟时加入玫瑰花、冰糖,Food
冷而不干,Entity
冷腻食物,Entity
冷节,Entity
冷辐射,Entity
冷防止脚冷,Entity
冷风,Entity
冷风飕飕,Entity
冷食,Entity
冷食瓜果,Food
冷食瓜果应适可而止,Food
冷饮,Entity
冷高压,Entity
凄凉之感,Entity
准备一个热水瓶,Entity
准备半盆热水,Entity
准备夹衣,Entity
准备年货,Entity
准备活动,Entity
准备活动要充分,Entity
凉,Entity
凉席,Entity
凉开水,Entity
凉快,Entity
凉快、舒适,Entity
凉性食物,Entity
凉意,Entity
凉拌,Entity
凉水,Entity
凉水洗澡,Entity
凉燥,Entity
凉燥咳嗽,Entity
凉爽,Entity
凉爽的秋天,Season
凉爽的饮食,Entity
凉爽舒怡的天气,Entity
凉的食物,Entity
凉粉,Entity
凉粉草,Entity
凉肝明目,BodyPart
凉血,Entity
凉面,Food
凉风,Entity
凉风至,Entity
凉风萧瑟,Entity
凌晨点,Person
凌而为露,Person
减一半,Entity
减少,Entity
减少冬季病毒感染,Season
减少外出或防护,Entity
减少室外活动,Entity
减少水分流失,Entity
减少疾病的发生,Disease
减少病菌滋生,Disease
减少肺气的耗散,BodyPart
减少运动量,Entity
减少酸味食物,Entity
减弱暑湿,Entity
减肚,Entity
减肥,Entity
减苦增辛,Entity
减轻压力,Entity
减酸增苦,Entity
凝神,Entity
凝结,Entity
凝结成白色水滴,Entity
几毫米,Food
几毫米到20多毫米,Food
凡十一脏取决于胆,Entity
凤梨,Person
出九,Entity
出汗,Entity
出汗后不宜立即洗澡,Entity
出汗后立即用冷水,Entity
出汗多,Entity
出汗相关,Entity
出汗过多,Entity
出海平安,Entity
出游,Entity
出游赏菊,Entity
出游迎秋之意,Entity
出现闪电,Entity
出现雷声,Entity
分作三小口咽下,BodyPart
分外妖娆,Entity
分时调养,Entity
分次咽入丹田,BodyPart
分脚示意图,Entity
切忌狂喜大怒,Entity
切成小块,Entity
划圆,Entity
刘书龙,Person
刘翠欣,Person
刘英明,Person
初一,Entity
初一日,Entity
初七,Entity
初之气,Entity
初之气的起始时间,Entity
初八,Entity
初夏,Entity
初插的秧苗,Entity
初春时节,SolarTerm
初生,Entity
初秋,Entity
初秋进补,Entity
初霜,Entity
利于阴气避藏,Entity
利五脏、通血脉,BodyPart
利尿,Entity
利尿作用,Entity
利水,Entity
利水渗湿,Entity
利湿通淋,Entity
到大自然中去,Entity
到大自然中走走,Entity
制怒,Entity
制怒怡情好心态,BodyPart
制肺气,BodyPart
刺激,Entity
刺激性强的食物,Entity
刺激性的食物,Entity
刺激穴位,BodyPart
刺激脚底的经络,BodyPart
刺激鼻部血管,BodyPart
前发际,Entity
前后拔立,Entity
前汛期,Entity
前臂,Entity
前臂掌面,Food
剧烈的降温,Entity
剧烈运动,Entity
剧烈运动相关联,Entity
副热带高压,Entity
力求中和,Entity
力量轻,Entity
功法操作要点,Technique
功能性空调,Entity
加入清水浸泡半小时,Entity
加大,Entity
加强人体内外环境联系,Entity
加强脾功能,BodyPart
加快血液循环,Entity
加水毫升煎成浓汁,Entity
加水适量，用文火煮,Entity
加湿器,Entity
加盐调味,Entity
加适量冰糖后饮用,Entity
加重,Entity
动中有静,Entity
动作柔和,Entity
动作缓慢,Entity
动功,Entity
动可强身,Entity
动物的复苏,Entity
动物的始鸣,Entity
动物的繁育,Entity
动物的蛰眠,Entity
动物的迁徙,Entity
动物脂肪,Entity
动物脂肪类食物,Entity
动物血,Entity
动脉压,BodyPart
动脉压增高,BodyPart
动脉硬化,BodyPart
动脉粥样硬化,BodyPart
动阴肝风木,BodyPart
动静相合,Entity
动静结合,Entity
动风气,Entity
动风生痰,Entity
动风的食物,Entity
助心气,BodyPart
助相火,Entity
助筋补血,Entity
助阳,Entity
助阳之物,Entity
助阳类菜肴,Food
劳动,Entity
劳动人民,Entity
劳动和运动,Entity
劳医生,Entity
劳宫穴,BodyPart
劳逸结合,Entity
勤开窗,Entity
勤换防暑衣,Entity
勤搓手,BodyPart
勤洗勤换,Entity
勿太热,Entity
勿极寒,Entity
包装华丽,Person
包装华丽而不实用的保健品,Entity
化湿,Entity
化热生风,Entity
化痰,Entity
化痰止咳,Entity
化痰除烦渴,Entity
化瘀,Entity
化而为雨,Entity
化觉,Entity
北上的湿热空气,Entity
北上的湿热空气势力强且活动频繁,Entity
北京,Location
北京中医药大学远程教育学院,Organization
北京地区,Location
北京气温,Location
北半球,Entity
北半球一年中白昼最长、黑夜最短的一天,Entity
北半球一年中白昼最长的一天,Entity
北半球夜晚最长,Entity
北半球白天最短,Entity
北半球白昼最短,Entity
北半球白昼最长,Entity
北半球白昼缩短,Entity
北半球阳光照射角度倾斜,Entity
北半球黑夜最长,Entity
北回归线,Entity
北回归线转移,Entity
北国的冬天,Season
北平风俗类征岁时,Entity
北方,Entity
北方人,Entity
北方冷空气势力较强,Entity
北方出现雷雨、阵雨,Entity
北方地区,Location
北方地区最低气温可达℃左右,Location
北方大地,Entity
北方大部分地区,Location
北方大麦、冬小麦籽粒渐见饱满,Entity
北方山口地区,Location
北方山口地区风力,Location
北疆,Entity
北纬45°以北地区,Location
北纬°′″,Entity
北纬°以北的地区,Location
北风,Entity
医方类聚,Entity
医生,Entity
医院,Organization
医院就诊,Organization
十一脏,Entity
十二候集解,Entity
十二指肠溃疡,BodyPart
十二时辰养生理论,Entity
十二月,Entity
十二月与十二经络对应理论,BodyPart
十二月中,Entity
十二经络,BodyPart
十二经脉,BodyPart
十二经脉必须与十二月对应,BodyPart
十八日,Entity
十八日后进入白露,SolarTerm
十指,Entity
十月,Entity
十月一,Entity
十月朝,Entity
十月朝相关,Entity
十月节,Entity
十滴水,Entity
千年,Entity
千里酒,Food
升发,Entity
升发阳气的食物,Entity
午休,Entity
午休以补夜伤,Entity
午后,Entity
午后至傍晚常形成雷阵雨,Entity
午时,Entity
午时天热子午觉,Entity
午睡,Entity
午睡时间,Entity
午睡相关,Entity
午睡醒后,Entity
午觉稳,Entity
午饭后,Food
午饭后打盹,Food
半冰半融,Entity
半夏,Entity
半夏生,Entity
半小時至一小時,Entity
半月,Entity
半月痕图示,Entity
半身瘫痪,Entity
半阴阳,Entity
华北,Location
华北中南部,Location
华北地区,Location
华北地区相关联,Location
华北进入秋季,Season
华南,Location
华南一带,Location
华南东部,Location
华南地区,Location
华南大部分地区,Location
华南暖湿气团,Location
华南汛期,Location
华南沿海,Location
华南秋雨,Location
华南西部,Location
华夏大地,Person
华夏大地进入夏季,Season
华西地区,Location
协调,Entity
南下,Entity
南京,Location
南北俗谚,Entity
南北俗谚曰：清明断雪，谷雨断霜,SolarTerm
南北大风天气,Entity
南北温差,Entity
南北温差拉大,Entity
南半球,Entity
南回归线,Entity
南岭,Location
南岭及以北广大地区,Location
南方,Entity
南方医科大学中医药学院,Organization
南方地区,Location
南方地区北部,Location
南方地区的传统节日祭品,Location
南方气候炎热,Disease
南方江湖河面,Food
南方江湖河面风力,Food
南方进入梅雨天,Entity
南瓜,Food
南瓜粥,Food
卧室,Entity
卧室不宜太大,Entity
卧早起早,Entity
卫气,Entity
卫气的不断补充与流失,Entity
卫气被吹散,Entity
卷而食之,Entity
历书,Entity
厉逸芝,Person
厌世,Entity
厌蝎符,Entity
厌食,Entity
厚味肥腻之品,Entity
厚朴,Entity
厚重口味的饮食,Entity
厥阴风木,Entity
厥阴风气,Entity
厦门,Entity
去了游泳圈,Entity
去声,Entity
去浊生清,Entity
去湿热,Entity
去火作用,Entity
去烦,Entity
去皮的小麦制成,Entity
去除屋内潮湿,Entity
去风,Entity
参与户外活动,Entity
及时到医院就诊,Organization
及时增减衣物,Entity
及时抢收,Entity
及时抢收秋收作物,Entity
及时添加衣服,Entity
双向调节,Entity
双手抱拳,Technique
双手掌心摩擦发热,BodyPart
双手转动,BodyPart
双脚,Entity
双脚分一分,Entity
双脚受凉,Entity
双腿,Entity
双腿伸直,Entity
双臂,Entity
双臂自然摆动,Entity
双足,BodyPart
双足入盆浸泡,BodyPart
反向捶腰背,BodyPart
反复发作的喘息,Entity
反复揉搓,Entity
反常态行为,Entity
反常态运动法,Entity
反舌无声,Entity
反舌鸟,Entity
反酸,Entity
发作性喷嚏,Entity
发展心智,BodyPart
发挥食材功效,Entity
发散，陈旧,Entity
发毒助火助邪,Entity
发汗,Entity
发汗之剂,Entity
发汗作用,Entity
发泄,Entity
发火生气,Entity
发热,Entity
发物,Entity
发现良种,Entity
发生减弱和北移,Entity
发病率,Disease
发病率升高,Disease
发病突然,Disease
发育,Entity
发陈,Entity
发霉,Entity
取穴方法,BodyPart
受凉,Entity
受凉感冒,Disease
受寒感冒,Disease
变凉,Entity
变化不定,Entity
变化快,Entity
口中津液,Entity
口味,Entity
口味独特,Entity
口唇,Entity
口唇干燥,Entity
口唇干裂,Entity
口唇裂开,Entity
口干,Entity
口干咽干,BodyPart
口干咽燥,BodyPart
口干舌燥,Entity
口感好,Entity
口渴,Entity
口燥咽干,BodyPart
口留余香,Entity
口疮,Entity
口眼歪斜,Entity
口腔溃疡,Entity
口腔黏膜,Entity
口腔黏膜炎症,Disease
口舌干燥,Entity
口苦,Entity
口鼻干燥,BodyPart
古书,Entity
古人,Entity
古今嘉言,Entity
古代,Entity
古代哲学思想,Entity
古代天文,Entity
古代天文和气候科学的伟大成就,Organization
古代民间谚语,Entity
古语,Entity
叩动牙齿,Entity
叩齿,Entity
叩齿保健,Entity
叩齿养生法,Technique
可吸入颗粒物,Entity
可能出现,Entity
可能导致伤心,BodyPart
可能遭遇寒潮,Entity
可能阴雨连绵,Entity
可能预示,Entity
可重复性,Entity
可长期服用,Entity
台湾地区,Location
台湾海峡,Location
台风,Entity
台风降雨,Entity
史书记载,Person
右下边,Entity
右侧卧,Entity
右侧弓形卧位,Entity
右大腿,Entity
右手,BodyPart
右手上举托天,BodyPart
右手手掌,BodyPart
右手托天，指尖朝左,BodyPart
右手食指,BodyPart
吃一只鸡,Food
吃不下饭,Food
吃仙草,Entity
吃冷食,Entity
吃凉了,Entity
吃凉面,Food
吃夏至面,SolarTerm
吃夏至面相关,SolarTerm
吃平性和偏凉性食物,Entity
吃开心食物,BodyPart
吃春,Entity
吃春卷,Entity
吃春盘,Entity
吃春菜,Food
吃春饼,Entity
吃暑羊,Entity
吃柿子,Entity
吃梨,Entity
吃法,Entity
吃温性和热性食物,Entity
吃炒面,Food
吃点芽菜,Food
吃碱性食物,Entity
吃秋菜,Food
吃米糟,Food
吃粥,Food
吃糍粑,Entity
吃素,Entity
吃绿豆芽,Food
吃羊肉,Food
吃苦,Entity
吃苦菜,Food
吃荔枝,Entity
吃蛋,Entity
吃蜜汁藕,Entity
吃螃蟹,Entity
吃西瓜,Food
吃西瓜或香瓜,Food
吃辣,Entity
吃辣要注意,Entity
吃面条,Food
吃饺子,Entity
吃鸡蛋,Food
吃鸭子,Food
吃黄鳝,Entity
吃龙眼,Entity
各种炒菜,Food
各种细菌,Entity
各种馅,Entity
各色炒菜,Food
合理使用电扇,Entity
合理使用空调,Entity
合理午休,Entity
合理调整日常起居,Entity
合理锻炼,Entity
合谷穴,BodyPart
吉林省榆树市环城医院电诊科,Organization
吉林艺术学院,Organization
吉祥,Person
同病异治,Disease
名利,Entity
后劲极强,Entity
后发际,Entity
后期雨水多,SolarTerm
后汛期,Entity
后背,BodyPart
后背凉,BodyPart
后阳气潜藏,Entity
吐泻,Entity
吐纳,Entity
吐翕咽津,BodyPart
吐鲁番,Entity
向上向外升发,Entity
向上和向下伸展,Entity
向冬季过渡,Season
向北移,Entity
向旺,Entity
向立秋过渡,SolarTerm
向身体侧前方推掌,Entity
吞咽,BodyPart
吟诗,Entity
含氧的血液,Entity
含氧的血液供给,Entity
听力下降,Entity
听音乐,Entity
启迪智慧的作用,Entity
吴澄,Person
吴鞠通,Person
吸气时鼓腹,BodyPart
吸汗,Entity
吸热,Entity
吹空调,Entity
呆滞,Entity
呈现冰,Entity
告别春天,Season
呕吐,Entity
呕逆,Entity
周书,Person
味甘,Entity
味甜,Entity
味精,Entity
味辛甘,Entity
呼吸,Entity
呼吸困难,Entity
呼吸操,Entity
呼吸新鲜空气,Entity
呼吸相关,Entity
呼吸精气,Entity
呼吸系统,Entity
呼吸系统疾病,Disease
呼吸运动,Entity
呼吸道,Entity
呼吸道感染,Entity
呼吸道感染相关,Entity
呼吸道疾病,Disease
呼气时收腹,BodyPart
呼气练功法,Technique
和中解表,Person
和煦,Person
和胃十二指肠溃疡病,Disease
和胃益肾,BodyPart
和胃防感,BodyPart
咖啡,Entity
咖喱,Entity
咬春,Entity
咬牙,Entity
咬秋,Entity
咯血,Entity
咳嗽,Entity
咳嗽上气,Entity
咳嗽少痰,Entity
咳嗽预防相关,Entity
咸,Entity
咸味,Entity
咸味食物,Entity
咸菜,Food
咸菜滚黄沙蚬,Food
咸货,Entity
咽喉,BodyPart
咽喉炎,Disease
咽干,BodyPart
咽干口燥,BodyPart
咽治病,Disease
咽津,BodyPart
咽液,BodyPart
咽痒,BodyPart
咽痛,BodyPart
品尝新茶,Food
品种,Entity
品种的不同而异,Entity
品茶,Food
哈欠连天,Entity
哮喘,Disease
哮喘发作,Disease
哮喘患者,Disease
哮喘病,Disease
哮喘相关,Disease
唇干,Entity
唐•孙思邈,Entity
唐代,Person
唐代医学家孙思邈,Entity
唐代诗人白居易,Entity
唐宋八大家,Entity
唐朝,Person
唐末宋初,Person
唤醒蛰伏昆虫,Entity
唾液,Entity
唾液腺,Entity
啃秋,Entity
啃秋习俗,Entity
商城县,Location
啤酒,Food
喉痛咽障碍,BodyPart
喘咳,Entity
喘息,Entity
喜怒太过,Entity
喜暖恶冷,Entity
喜阳的生物,Entity
喜阴,Entity
喜阴生物出现,Entity
喜阴的生物,Entity
喝冰凉的饮料,Entity
喝杯水,Entity
喝水,Entity
喝淡盐水,Entity
喝点小酒,Food
喝粥,Food
喝腊八粥,Food
喝酒,Food
喷嚏,Entity
嗅觉迟钝,Entity
嗌阴消,Entity
嗓子发干,Entity
嗓子有痰,Entity
嗜睡,Entity
嘴唇,Entity
嘴唇干燥,Entity
嘴唇干燥或裂口,Entity
嘴唇干裂,Entity
嘴巴,Entity
噪音,Entity
嚼萝卜,Entity
四之气,Entity
四九,Entity
四圣心源,BodyPart
四圣心源•六气解,BodyPart
四季变化规律,Entity
四季如生,Entity
四季开始的季节划分法,Season
四川,Entity
四川局部地区有雷声,Location
四时变化,Entity
四时和气,Entity
四时和气不符,Entity
四时坐功却病,Technique
四时坐功却病图诀,Technique
四时尽也,Entity
四时气候变化,Entity
四时特性,Entity
四月节,Entity
四白穴,BodyPart
四立节气,SolarTerm
四立节气导引举隅篇,SolarTerm
四肢,Entity
四肢僵硬,Entity
四肢关节,Entity
四肢凉,Entity
四肢困倦,Entity
四肢容易自由变动,Entity
四肢满闷,Entity
四肢百骸,Entity
四肢麻木,Entity
四节气中医导引法,SolarTerm
四邑,Entity
回家与家人团聚,Entity
回归线,Entity
因人,Entity
因人制宜,Entity
因地,Entity
因时,Entity
因时制宜方法,Entity
因暑贪凉,Entity
因麦类未全熟，故命名,Entity
团团圆圆年夜饭,Food
团圆,Entity
团圆吃汤,Food
团聚,Entity
困倦,Entity
困倦乏力,Entity
困意,Entity
困意频繁,Entity
固牙齿,Entity
固肾益精,Entity
图18,Entity
图4,Entity
图5 脊柱全貌,Entity
土圭,Entity
土地,Entity
土地潮湿,Entity
土壤冻结,Entity
土壤干旱,Entity
土气,Entity
土润溽暑,Entity
土膏脉动,BodyPart
土豆,Food
圣人,Entity
圣济总录,Entity
圣贤保修通鉴,Entity
在动中求静,Entity
在南国,Entity
在大暑吃凤梨,SolarTerm
在山东和陕西贴厌蝎符,Entity
在床上静躺分钟后起床,Entity
在微感乏累时入睡,Entity
在木质凳椅上久坐,Entity
在每年的8月上旬前后,Entity
在江南贴厌蝎符,Location
在环境清幽的室内品茶吟诗观景纳凉,Food
在肚脐下用手掌掌心顺时针按摩50下,BodyPart
在菜汤中放姜,Food
在过于困乏时睡觉,Entity
地下洞中,Entity
地减弱绿化的街道,Entity
地域辽阔,Entity
地始冻,Entity
地湿之气,Entity
地热蒸腾,Entity
地瓜姜汤,Food
地面,Food
地面储存热量耗尽,Food
地面储存的热量,Food
地面受热强烈,Food
地面和叶子上出现凝结成晶的晶白露滴,SolarTerm
地面接收太阳热量减少,Food
地面气候资料,Food
地面气温,Food
地面气温太高,Food
地面清洁,Food
地面积累辐射热,Food
地面积蓄热量未完全亏损,Food
地面积雪,Food
地面获得太阳热量最少,Food
地面获得热量减少,Food
地面露珠变为霜,Food
地黄丸,Entity
地黄粥,Food
均衡营养,Entity
坏血病,Disease
坐冷湿之地,Entity
坐功,Technique
坐姿,Entity
坐骨神经痛,BodyPart
块棉布,Entity
坚固牙齿,Entity
坚持,Entity
坚持少动多静的原则,Entity
坚持片刻后恢复自然状态,Entity
坚持睡午觉,Entity
坚持适当锻炼,Entity
坚果,Food
城市树木,Location
城市树木变光杆,Location
培养良好性格,Entity
基于天人合一理论的二十四节气中医导引法,SolarTerm
堆雪人,Entity
墙角,Entity
增减衣服,Entity
增减衣物,Entity
增加,Entity
增加户外活动时间,Entity
增加热量,Entity
增加甘味食物,Entity
增加痰湿的食物,Entity
增加空气湿度,Entity
增加纤维素摄入,Entity
增加维生素摄入,Entity
增加肺活量有作用,BodyPart
增加胃口,BodyPart
增加运动量,Entity
增加饮水量,Entity
增强,Entity
增强体质,Entity
增强免疫力,Entity
增强心肌功能,BodyPart
增强心脏功能,BodyPart
增强抵抗力,Entity
增强机体免疫力,Entity
增强精力,Entity
增强脾胃运化功能,BodyPart
增强腿部力量,Entity
增强自我保健意识,Entity
增强自身抵抗力,Entity
增强身体体质,Entity
增强身体对气候变化的适应性,Entity
增强身体素质,Entity
增强鼻部抵抗力,BodyPart
增添衣服,Entity
增衣,Entity
增进食欲,Entity
壮阳,Entity
壮阳、滋阴,Entity
壮阳御寒,Entity
声哑干咳,Entity
处暑,SolarTerm
处暑下雨,SolarTerm
处暑下雨万人愁,SolarTerm
处暑十八日后,SolarTerm
处暑后,SolarTerm
处暑含义,SolarTerm
处暑坐功,SolarTerm
处暑时,SolarTerm
处暑时节,SolarTerm
处暑时节气候特征,SolarTerm
处暑期间,SolarTerm
处暑百合鸭,SolarTerm
处暑的传统食物,SolarTerm
处暑相关,SolarTerm
处暑节气,SolarTerm
备各色炒菜,Food
备急千金要方,Entity
备薄棉被,Entity
备酱熏及炉烧盐腌各肉,Food
复劳作,Entity
复原,Entity
复发,Entity
复发率,Entity
夏,Entity
夏三月,Person
夏不坐木,Person
夏令时节,SolarTerm
夏天,Season
夏天的开始,Season
夏天相关,Season
夏季,Season
夏季出汗,Season
夏季到来,Season
夏季午后,Season
夏季开始,Season
夏季心旺肾衰,Season
夏季情感障碍症,Season
夏季易加重的疾病,Season
夏季最为旺盛,Season
夏季末尾至初秋,Season
夏季气候相关,Season
夏季气血旺盛,Season
夏季湿热,Season
夏季灭火,Season
夏季炎热的顶端,Season
夏季的开始,Season
夏季的晴雨表,Season
夏季的最后一个节气,SolarTerm
夏季的第二个节气,SolarTerm
夏季的节气,SolarTerm
夏季胃口不好,Season
夏季被蚊虫叮咬,Season
夏季阳盛于外,Season
夏季阳盛于外的特点,Season
夏季风,Season
夏季风逐步被冬季风所代替,Season
夏季风逐步被冬季风替代,Season
夏打盹,Person
夏播作物,Person
夏收作物,Person
夏收作物结果期,Food
夏日,Person
夏日养生,Person
夏日昼长夜短,Entity
夏日炎炎,Disease
夏日酷热难熬,Entity
夏朝,Person
夏气,Entity
夏满芒夏暑相连,Entity
夏熟作物,Person
夏熟作物的籽粒开始灌浆饱满但未成熟,Entity
夏熟作物籽粒灌浆饱满,Entity
夏病冬疗,Disease
夏至,SolarTerm
夏至之后,SolarTerm
夏至后,SolarTerm
夏至天,SolarTerm
夏至心静自然凉,SolarTerm
夏至日,SolarTerm
夏至时节,SolarTerm
夏至相关,SolarTerm
夏至节,SolarTerm
夏至节气,SolarTerm
夏节,Entity
夏草,Person
夏长,Person
夏防暑热，又防因暑取凉,Entity
夏雨隔牛背,BodyPart
夏雨隔田埂,Entity
外,Entity
外侧,Entity
外出旅游,Entity
外出活动,Entity
外出野炊,Entity
外感,Entity
外感咳嗽,Entity
外感性疾病,Disease
外感湿邪,Entity
外热,Entity
外热交加,Entity
外热内寒,Entity
外裤线,Entity
多与人交流,Entity
多做运动,Entity
多去户外散步,Entity
多去赏花,Entity
多去郊外走走,Entity
多吃,Entity
多吃一些菌类食品,Entity
多吃乌梅,Entity
多吃含维生素的碱性食物,Entity
多吃咸味食物,Entity
多吃山楂,Entity
多吃新鲜蔬菜,Food
多吃新鲜蔬菜水果,Food
多吃水果,Food
多吃甜味,Entity
多吃甜味食物,Entity
多吃精白面,Food
多吃蔬菜,Food
多吃西红柿,Entity
多吃豆类等高蛋白植物性食物,Food
多吃辛甘发散之品,Entity
多吃酸味食物,Entity
多听音乐,Entity
多味之品,Entity
多喝姜汤,Food
多喝弱水,Entity
多喝水,Entity
多晒百会以调补阳气,Entity
多样化,Entity
多梳头,BodyPart
多次进行并咽下,BodyPart
多汁水果,Food
多汗,Entity
多种方剂,Entity
多种有机酸,Entity
多种疮疡类疾病,Disease
多种维生素,Entity
多穿衣服,Entity
多糖,Entity
多糖成分,Entity
多雨季节,Season
多风,Entity
多风干燥天气,Entity
多风干燥特性,Entity
多风沙,Entity
多食些坚果,Food
多食养肝之品,BodyPart
多食咸味,Entity
多食大枣,Food
多食新鲜蔬菜、水果,Food
多食杂粮以寒其体,Entity
多食杏仁,Entity
多食温热食物,Entity
多食滋阴润肺食物,BodyPart
多食瓜果蔬菜,Food
多食甘味,Entity
多食百合,Entity
多食粥,Food
多食芝麻,Entity
多食茼蒿动风气,Entity
多食莲藕,Entity
多食蔬菜豆类,Food
多食蜂蜜,Food
多食辛甘发散食物,Entity
多食酸味,Entity
多食野菜,Food
多饮水,Entity
夜,Entity
夜不寐,Entity
夜不寐现象,Entity
夜伤脾胃,BodyPart
夜卧早起,Entity
夜卧早起，慢步缓行,Entity
夜卧早起，无厌于日,Entity
夜晚,Entity
夜晚寒冷,Entity
夜晚最短,Entity
夜晚最长,Entity
夜晚露宿,Entity
夜最长,Entity
夜渐短,Entity
夜理气,Entity
夜理气、祛痰、通气、止咳、解酒等,Food
夜间盖被子,Entity
夜间睡眠,Entity
夜间睡眠质量,Entity
大便不畅,Entity
大便干,Entity
大便干燥,Entity
大便干结,Entity
大兴安岭北部,Location
大喜大悲,Entity
大地,Entity
大地回春的迹象,Entity
大地封冻,Entity
大地湿度,Entity
大地湿度渐高导致近地面热气上升,Food
大地逐渐呈现欣向荣景象,Entity
大好时节,SolarTerm
大寒,SolarTerm
大寒养生,SolarTerm
大寒功法,SolarTerm
大寒大寒,SolarTerm
大寒时节,SolarTerm
大寒的瓜果,SolarTerm
大寒节气,SolarTerm
大巴山,Entity
大旱,Entity
大暑,SolarTerm
大暑三伏天,SolarTerm
大暑养生,SolarTerm
大暑吃米糟,SolarTerm
大暑吃羊肉,SolarTerm
大暑吃荔枝,SolarTerm
大暑小暑，热死老鼠,SolarTerm
大暑时期,SolarTerm
大暑时节,SolarTerm
大暑时节的一个特点,SolarTerm
大暑期间,SolarTerm
大暑期间的高温有关,SolarTerm
大暑老鸭胜补药,SolarTerm
大暑节气,SolarTerm
大暑节气炎热至极,SolarTerm
大暑雨如金,SolarTerm
大暴雨,Entity
大暴雨天气,Entity
大枣,Food
大枣乌梅汤,Food
大椎穴,BodyPart
大气干燥,Entity
大气污染,Entity
大汗,Entity
大汗后,Entity
大汗后立即接触,Entity
大汗后避免,Entity
大汗淋漓,Entity
大江南北,Location
大白天,Entity
大盐,Entity
大秋作物,Entity
大肠,BodyPart
大脑,Entity
大脑丧失调节体温的能力,Entity
大脑供血,Entity
大脑供血不足,BodyPart
大脑供血相对减少,Entity
大脑和肌肉进入休息状态,Food
大脑疲劳,Entity
大脑的神经活动,BodyPart
大脑血管,Entity
大腿,Entity
大腿的外侧,Entity
大自然,Entity
大自然的声音,Entity
大葱,Entity
大蒜,Entity
大蒜等助阳之物,Entity
大蛤立冬挽肘侧推式,SolarTerm
大补元气,Entity
大补身体,Entity
大补身体的奇效,Entity
大豆,Food
大部分地区受冷高压控制,Location
大量出汗,Entity
大量出汗损伤阳气,Entity
大量喝水,Entity
大量饮酒,Food
大雨时行,Entity
大雪,SolarTerm
大雪之后,SolarTerm
大雪养生,SolarTerm
大雪冬至后,SolarTerm
大雪的交节时间,SolarTerm
大雪纷飞,SolarTerm
大雪腌肉,SolarTerm
大雪节气,SolarTerm
大雾,Entity
大风,Entity
大风天气,Entity
大风天气较多,Entity
大风暴,Entity
大骨冬瓜汤,BodyPart
大鱼大肉,Food
大麦,Entity
大麻,Entity
天一生水,Entity
天下第一补人之物,Entity
天人合一,Entity
天人合一思想相关,Entity
天人合一理论,Entity
天人合用,Entity
天人相应,Entity
天和,Entity
天地,Entity
天地之精,Entity
天地之间,Entity
天地人一体,Entity
天地俱生,Entity
天地俱生，万物以荣,Entity
天地生长化收藏之气,Entity
天地间万物,Entity
天地阳气开始收敛,Entity
天寒地冻,Entity
天文角度,Entity
天文角度的季节划分,Season
天气,Entity
"天气上升,地气下降",Entity
天气乍暖还寒,Entity
天气仍热但逐渐转凉,Entity
天气冷暖变化,Entity
天气变冷,Entity
天气变凉,Entity
天气变化,Entity
天气变化多端,Entity
天气变化情况及时做好保暖防寒,Entity
天气变寒,Entity
天气变暖,Entity
天气回暖,Entity
天气增多,Entity
天气多变,Entity
天气寒冷,Entity
天气寒冷程度,Entity
天气干燥,Entity
天气干爽,Entity
天气开始转凉,Entity
天气异常湿热,Entity
天气很好,Entity
天气忽冷忽热,Entity
天气日渐暖和,Entity
天气晴朗,Entity
天气清净,Entity
天气清爽,Entity
天气渐凉,Entity
天气渐热,Entity
天气炎热,Disease
天气热,Entity
天气特征是,Entity
天气特点,Entity
天气现象,Entity
天气由凉爽向寒冷过渡,Entity
天气由寒转暖,Entity
天气由热转凉,Entity
天气豆,Food
天气转凉,Entity
天气转凉阴气渐重,Entity
天气转寒,Entity
天气转暖,Entity
天气转热,Entity
天气较凉爽,Entity
天气较干燥,Entity
天气较暖,Entity
天气逐渐变冷,Entity
天气逐渐变冷的特征,Entity
天气逐渐清爽,Entity
天气逐渐炎热,Disease
天气逐渐转凉,Entity
天气酷热,Entity
天气闷热,Entity
天气阴雨连绵,Entity
天气预报,Source
天津,Entity
天热,Entity
天空,Entity
天空晴朗,Entity
天雪地,Entity
天高气爽,Entity
天麻,Entity
天麻鱼头汤,BodyPart
太初历,Entity
太剧烈,Entity
太极,Technique
太极圈,Technique
太极拳,Technique
太清二十四气,Entity
太清二十四气水火聚散图势,Entity
太清二十四气水火聚散图目的势,Entity
太清篇,Entity
太阳,Entity
太阳之精,Entity
太阳几乎直射北回归线,Entity
太阳到达黄经,BodyPart
太阳到达黄经15度,BodyPart
太阳到达黄经300度,BodyPart
太阳到达黄经30度,BodyPart
太阳到达黄经75度,BodyPart
太阳到达黄经°,BodyPart
太阳到达黄经°时,BodyPart
太阳到达黄经度,BodyPart
太阳北移相关,Entity
太阳大风暴,Entity
太阳寒水,Entity
太阳热量,Entity
太阳的直射点在南半球继续南移,Entity
太阳直射,Entity
太阳直射位置,Entity
太阳直射位置向北移,Entity
太阳直射地面位置达到一年最北端,Food
太阳直射点南移,Entity
太阳直射赤道,Entity
太阳角度,Entity
太阳角度最高,Entity
太阳黄经,BodyPart
太阳黄经°,BodyPart
太阳黄经的变化相关,BodyPart
太阳黄经达度,BodyPart
太阴,Entity
太阴湿土,Entity
失常,Entity
失眠,Entity
失眠多梦,Entity
头,BodyPart
头为诸阳之首,BodyPart
头伏,BodyPart
头及尾闾向上翘时配合呼气,BodyPart
头发出油,BodyPart
头发稀疏的老人,BodyPart
头向左转，目视左侧,BodyPart
头时,BodyPart
头昏,BodyPart
头昏眼花,BodyPart
头昏脑胀,BodyPart
头朝东,BodyPart
头朝西,BodyPart
头痛,BodyPart
头痛头晕,BodyPart
头皮,BodyPart
头皮屑增多,BodyPart
头脑,BodyPart
头部,BodyPart
头重脚轻,BodyPart
头面部,BodyPart
头顶,BodyPart
头顶痛,BodyPart
夹衣,Entity
奇效,Entity
奎塞,Entity
奎塞不畅,Entity
女人,Entity
女人的美丽展现,Entity
女士,Entity
女性,Entity
女性宫寒,Entity
奶,Entity
好心态,BodyPart
如火,Entity
妄动肝火,BodyPart
妇女痛经,BodyPart
妇科,Organization
妇科急症,Disease
妇科炎症,Disease
妇科要穴,BodyPart
妙药,Entity
始电,Entity
姜,Entity
姜汤,Food
姜烯,Person
姜芽,Person
姜醇,Person
嫩芽,Entity
子午觉,Entity
子姜鸭,Food
子宫,Entity
子推,Entity
子推被烧死,Entity
子时,Entity
孕妇,Entity
存想腹胃,BodyPart
孙光荣,Person
孙思邈,Person
孙玉冰,Person
孝经援神契,BodyPart
孝道,Entity
孟夏,Person
季夏,Entity
季春之月,Entity
季节,Season
季节变化,Season
季节变换,Season
季节对身体的影响,Season
季节相关,Season
学习,Entity
学生处,Entity
学院学报,Source
孵小鸡,Food
安岭,Location
安岭以北地区,Location
安度冬季,Season
安度酷暑,Person
安心益气,BodyPart
安排午睡,Person
安神养性,Person
安神定志,Person
安稳,Person
安耳朵,Person
宋代,Person
宋朝,Person
官员,Entity
官府,Entity
定时定量,Entity
定时睡眠,Entity
定量进餐,Entity
宜增咸酸减辛辣,Entity
宜清淡,Entity
宜甜少酸忌冷腻,Entity
宜睡子午觉,Entity
宜阳防疫病,Disease
实现,Entity
实用性,Entity
实践应用,Entity
客气图,Entity
宣泄积郁之情,Entity
宣肺化痰,BodyPart
宣肺止咳,BodyPart
室内,Entity
室内供暖,Entity
室内外温差不宜过大,Entity
室内开空调,Entity
室内活动,Entity
室内空气,Entity
室内空气新鲜,Entity
室内运动,Entity
室内通风,Entity
室内降温,Entity
室外,Entity
室外寒冷,Entity
室外气温,Entity
室外气温不适,Entity
室外活动,Entity
宫外孕,Person
宫寒,Person
害虫,Entity
家人,Person
家家吃冷食,Entity
家庭举宴,Person
家庭治疗,Person
家禽家畜,Person
容平之气,Entity
容易上火的人,Entity
容易伤阴,Entity
容易感到困乏,Entity
宽中,Entity
宽大松软,Entity
宽胸膈,BodyPart
富含植物蛋白质的食物,Entity
富含维生素的食物,Entity
富家食春饼,Entity
寒,Entity
寒从脚下起,Entity
寒冬,Entity
寒冬季节,Season
寒冬景象,Entity
寒冷,Entity
寒冷冬季,Season
寒冷刺激,Entity
寒冷天气,Entity
寒冷时段,Entity
寒冷气候,Entity
寒冷环境,Entity
寒冷的冬天,Season
寒冷的刺激,Entity
寒冷的感觉,Entity
寒冷的日子,Entity
寒冷的深秋及冬天要特别注意自我保养,Season
寒冷相关,Entity
寒冷程度,Entity
寒冷至极,Entity
寒冷袭人,Entity
寒凉,Entity
寒凉东西,Entity
寒凉渐重,Entity
寒凉食物,Entity
寒凉饮品,Entity
寒去热来,Entity
寒季,Entity
寒性凝滞,Entity
寒性收引,Entity
寒性水果,Food
寒性食物,Entity
寒意,Entity
寒意逼人,Entity
寒暑,Entity
寒暑平,Entity
寒气,Entity
寒气侵入身体,Entity
寒气增长,Entity
寒气渐重,Entity
寒气逆极,Entity
寒水,Entity
寒水洗浴,Entity
寒流,Entity
寒流侵袭,Entity
寒流南下,Entity
寒温各半,Entity
寒湿之邪,Entity
寒潮,Entity
寒潮天气,Entity
寒潮天气基本结束,Entity
寒潮过程,Entity
寒热均衡,Entity
寒痰,Entity
寒痰相关,Entity
寒的皮,Entity
寒蝉鸣,Entity
寒邪,Entity
寒邪侵入,Entity
寒露,SolarTerm
寒露养生,SolarTerm
寒露后流行,SolarTerm
寒露寒露，遍地冷露,SolarTerm
寒露时节,SolarTerm
寒露节,SolarTerm
寒露节吃螃蟹,SolarTerm
寒露节气,SolarTerm
寒风,Entity
寒风凛冽,Entity
寒风萧萧,Entity
寒食养精,Entity
寒食清明节,SolarTerm
寒食节,Entity
寒食节的别称,Entity
寡欲,Entity
寡欲避时间，可比冬季稍晚些,Season
对全身脏器有保健作用,Entity
对外界事物的兴趣,Entity
对流天气,Entity
对溃疡的修复不利,Entity
对着镜子，嘴巴张开，停留2～3秒钟,Entity
对肝脏进补,BodyPart
对肾脏有保健作用,Entity
导医服务项目,Entity
导引,Technique
导引功,Technique
导引功法,Technique
导引图势,Technique
导引术,Technique
导引法,Technique
导致,Entity
导致胃病,Disease
导致血脉阻塞,BodyPart
导致身体受寒,Entity
导致鼻燥口干、手脚心热,BodyPart
寿之本,Entity
寿命,Entity
寿敝天地,Entity
封藏阳气,Entity
将军,Entity
将天人合一与四季、十二月、二十四节气结合,SolarTerm
将梅子与盐一同煮,Entity
将梅子与糖一同煮,Entity
将盐与晒干的青梅混合拌匀后再煮,Entity
将粳米加水煮粥,Food
将节气的气候特点与人体的阴阳消长规律结合,SolarTerm
将莲子、百合、精瘦肉一同入锅加水煲熟,Food
小便发黄,Entity
小便赤黄,Entity
小便过多,Entity
小动物苏醒,Entity
小区,Location
小妙招,Entity
小孩,Entity
小寒,SolarTerm
小寒到大寒期间气温为全年最低,SolarTerm
小寒大寒不下雪，小暑大暑田开裂,SolarTerm
小寒大寒，冷成一团,SolarTerm
小寒时节,SolarTerm
小寒的冷暖,SolarTerm
小寒的寒冷,SolarTerm
小寒胜大寒,SolarTerm
小寒节气,SolarTerm
小憩,Entity
小指,Entity
小指发麻,Entity
小时,Entity
小暑,SolarTerm
小暑不算热,SolarTerm
小暑之后,SolarTerm
小暑养生,SolarTerm
小暑后十五日斗指,SolarTerm
小暑少动心平和，勿久坐木,SolarTerm
小暑时节,SolarTerm
小暑节分,SolarTerm
小暑节气,SolarTerm
小暑节气后,SolarTerm
小暑节气的饮食代表,SolarTerm
小暑雨如银,SolarTerm
小满,SolarTerm
小满不满，干断田坎,SolarTerm
小满不满，芒种不管,SolarTerm
小满不满，麦有一险,SolarTerm
小满之后,SolarTerm
小满之日苦菜秀,SolarTerm
小满四月坐功,SolarTerm
小满时,SolarTerm
小满时节,SolarTerm
小满时节进入成熟阶段,SolarTerm
小满相关,SolarTerm
小满节气,SolarTerm
小睡,Entity
小米,Food
小肠,BodyPart
小肠经,BodyPart
小腹,BodyPart
小阳春,Entity
小雪,SolarTerm
小雪养生,SolarTerm
小雪前后,SolarTerm
小雪篇,SolarTerm
小雪腌菜,SolarTerm
小雪节气,SolarTerm
小雪节气相关,SolarTerm
小麦,Entity
小麦冬前弱苗,Entity
小麦拔节,Entity
小麦粒籽干瘪而减产,Entity
小龙,Entity
少则犹可,Entity
少动多静,Entity
少吃或不吃茼蒿,Entity
少吃油腻,Entity
少吃温热食物,Entity
少吃煎炒油炸的食物,Entity
少吃生冷食物,Entity
少吃苦味食物,Entity
少吃葱、姜、蒜、韭、椒等辛味食物,Entity
少吃虾、羊肉、狗肉等热性食物,Food
少吃辛辣食物,Entity
少吃酸味,Entity
少吃酸味食物,Entity
少吃酸性食物,Entity
少寐,Entity
少寐现象,Entity
少污染,Entity
少辛,Entity
少辛增酸,Entity
少酸多甘,Entity
少阳相火,Entity
少阴,Entity
少阴二气,Entity
少阴君火,Entity
少食坚果,Food
少食或不食,Entity
少食生冷,Entity
少食生冷油,Entity
少食酸味,Entity
尖连线,Entity
尖连线的交点处,Entity
尚未完全成熟,Entity
尧舜时期,Entity
尾声,Entity
尿量增加,Entity
尿频,Entity
局地灾害,Entity
局部组织血液循环障碍,Entity
居室内的环境卫生,Entity
居室环境卫生,Entity
展现二十四节气与养生文化的关系,SolarTerm
展现文化自信,Entity
属阳,Entity
山东,Person
山东荣成,Person
山东荣成沿海地带,Entity
山区红叶,Location
山区红叶消失,Location
山地林区,Location
山川,Person
山径,Person
山楂,Person
山洪,Person
山药,Person
山药冬瓜汤,Food
山药粥,Food
山药芡实薏米粥,Food
山西,Person
岁寒茫茫,Entity
岁时百问,Entity
岁时节序的变化,Season
岁运,Entity
岭南四邑,Location
岭南地区,Location
岷江,Entity
岷江中下游地区,Location
崇本敬祖,Entity
嵇康,Person
川芎白芷炖鱼头,BodyPart
川贝,Entity
巢元方,Entity
工作,Entity
工作学习,Entity
工作有精神,Entity
工作精神,Entity
左右作,Person
左小腿,Person
左手,BodyPart
左手按住左小腿部位,BodyPart
左臂弯曲呈直角，前臂平举在胸前,BodyPart
左邻右舍,Person
巧云,Entity
已萌动的作物,Entity
带动,Entity
带状疱疹,Entity
带鱼,Food
帮助消化,Entity
常年月开始降雪,Entity
常有加重,Person
常有寒潮、大风天气,Entity
常洗澡以发泄阳热,Entity
常通风,Entity
常食,Person
常食以促进有氧,Entity
常食粥,Food
常食葱姜以养阳,Entity
幅员广大,Entity
干什么都没劲儿,Entity
干冷,Person
干咳,Person
干咳无痰,Person
干支,Person
干支为纲,Person
干旱,Person
干旱少雨,Entity
干旱现象,Person
干涸,Person
干热风,Entity
干热风侵害,Entity
干燥,Person
干燥多风,Entity
干燥少雨,Entity
干燥的空气,Entity
干燥的空气条件,Entity
干燥的膨化食品,Entity
干燥衣服,Person
干粉,Person
干裂,Person
平分春季,Season
平卧于床上,Entity
平和,Person
平和愉快的心情,BodyPart
平均最低气温,Entity
平均气温,Entity
平均气温接近,Entity
平均气温降至℃以下,Entity
平安度夏,Person
平性食物,Person
平掉将军肚,Entity
平肝之品,BodyPart
平肝补肾润肺,BodyPart
平衡搭配,Person
平衡气血,Entity
平衡阴阳,Person
平衡饮食,Person
年 月·上半月刊,Source
年月,Entity
年老体弱之人,Entity
年莉,Entity
年货,Entity
年轻人诗意的缠绵,Entity
年轻夫妇,Entity
年轻女性,Entity
年轻朋友,Entity
年龄在60～69岁之间的人,Entity
并不剧烈的球类运动,Entity
广东,Location
广东省,Location
广东省第二中医院肿瘤科,Organization
广州,Location
广州中医药大学,Organization
广州中医药大学第二临床医学院,Organization
广播操,Entity
广步于庭,Entity
床垫,Entity
应多食甘味食物,Entity
应对天热,Person
应对秋燥,Person
应对闷热潮湿的夏天,Season
应少吃酸味食物,Entity
应有节制,Entity
应警惕,Person
应进行精神养生,Entity
应适当吃辛味食物,Entity
应避免大汗,Entity
座疮,Entity
庭院,Entity
庭院的墙角下,Entity
康大有裨益,Entity
延寿命,Entity
延年,Entity
延年益寿,Entity
延缓衰老,Entity
延长寿命,Entity
建立,Entity
建议多梳头以疏通经络,BodyPart
建议慢步缓行,Entity
廿三,Entity
廿二,Entity
开启空调,Entity
开始,Entity
开始凋零,Entity
开始增多,Entity
开始飘雪,Entity
开封市中医院,Organization
开平苍城镇,Location
开心食物,BodyPart
开怀支着,Entity
开朗豁达,Entity
开水焯,Entity
开空调,Entity
开窗,Entity
开窗通风,Entity
开窗通风防止花粉飞,Entity
开胃,BodyPart
开胃健脾,BodyPart
开胃的需求,BodyPart
异常天气,Entity
弓形,Person
弓形伸展,Person
引发疾病,Disease
引法研究,Entity
张天师,Person
张明亮,Person
张月卿,Person
张锡纯,Person
张锡纯创制,Entity
弧门沪下闪陷,Entity
弹拨极泉穴,BodyPart
弹舌,Entity
弹舌之法,Entity
弹舌养生,Entity
强冷空气,Entity
强冷空气活动,Entity
强壮腰背,BodyPart
强尧,Person
强度,Person
强度不宜过大,Entity
强心,BodyPart
强烈的光照,Entity
强烈的阳光照射,Entity
强烈阳光,Person
强筋,Person
强筋骨,BodyPart
强肾壮腰,BodyPart
强身健体,Person
强降水,Person
强骨,BodyPart
当代,Entity
当地民间,Entity
当季导引法,Technique
当归,Entity
当心脾胃受寒湿,BodyPart
形体,Entity
形劳而不倦,Entity
彭城伏羊一碗汤,Food
影响身体健康,Entity
征稿工作,Entity
待客,Entity
待热后再脱去外衣,Entity
待熟时加入煎好的藿香叶汁,Entity
御寒,Entity
御寒作用,Entity
御寒保暖,Entity
循环系统,Entity
循环系统功能,Entity
微微出汗,Entity
微感乏累,Entity
微暖,Entity
微曲双腿,Entity
微有汗出为度,Entity
微苦,Entity
微量元素,Entity
心,BodyPart
心中动悸不安,BodyPart
心力衰竭,BodyPart
心包,BodyPart
心包经,BodyPart
心境平和,BodyPart
心存淡泊制怒平,BodyPart
心平气和,BodyPart
心律失常,BodyPart
心态平和,BodyPart
心态调节,BodyPart
心悸,BodyPart
心情,BodyPart
心情不好,BodyPart
心情变舒畅,BodyPart
心情平静,BodyPart
心情快活,BodyPart
心情恬淡,BodyPart
心情抑郁,BodyPart
心情放松,BodyPart
心情舒畅,BodyPart
心情郁结,BodyPart
心慌,BodyPart
心慌胸闷,BodyPart
心旺肾衰,BodyPart
心智,BodyPart
心梗,BodyPart
心欲软，急食咸以软之，用咸补之，甘泻之,BodyPart
心气,BodyPart
心气亏耗,BodyPart
心火,BodyPart
心火炽盛,BodyPart
心烦,BodyPart
心烦意乱,BodyPart
心理保健,BodyPart
心理暗示,BodyPart
心理疾病,Disease
心理疾病患者,Disease
心理第一疾患,BodyPart
心理纳凉,BodyPart
心理纳凉法,BodyPart
心病,Disease
"心病要小,月中为大,今则热气犹大也",Disease
心痛,BodyPart
心经,BodyPart
心绞痛,BodyPart
心肌,BodyPart
心肌功能,BodyPart
心肌梗死,BodyPart
心肌缺盐,BodyPart
心肌缺血,BodyPart
心肺功能,BodyPart
心胸宽阔,BodyPart
心脉,BodyPart
心脉通畅,BodyPart
心脏,BodyPart
心脏功能,BodyPart
心脏在清明节气中会过于旺盛,SolarTerm
心脏搏动,BodyPart
心脏搏动失常,BodyPart
心脏疾病,Disease
心脏病,Disease
心脏病患者,Disease
心脏负荷,BodyPart
心脏负荷增加,BodyPart
心脏距离远,BodyPart
心脏跳动次数减少,BodyPart
心脑血管意外,BodyPart
心脑血管疾病,Disease
心脑血管疾病患者病情加重,Disease
心脑血管病,Disease
心苦缓，急食酸以收,BodyPart
心血管养护,BodyPart
心血管疾病,Disease
心衰,BodyPart
心跳加快,BodyPart
心跳频率,BodyPart
心躁,BodyPart
心阳,BodyPart
心阳温煦肾阴,BodyPart
心随自然,BodyPart
心静,BodyPart
心静自然凉,BodyPart
必待日光,Entity
忌坚果,Food
忌大汗,Entity
忌大热大寒,SolarTerm
忌辣燥热坚果,Food
忌过早食冷饮,Entity
忌食冷腻食物,Entity
忌食忌热,Entity
忌食忌热的习俗,Entity
忌食油腻,Entity
忌食的食物,Entity
忧思不断,Entity
忧愁,Entity
忧郁心情,BodyPart
快走,Entity
忽冷忽热,Entity
忽高忽低,Entity
怒气,Entity
怒火,Entity
怒肝脾,BodyPart
怕冷且怕热,Entity
怕热出汗,Entity
思维活动,Entity
思维活动增强,Entity
思维紊乱,Entity
怠惰无力,Entity
怡情,Entity
怡情养性,Entity
急性发作,Entity
急性盆腔炎,Disease
急躁,Entity
性凉,Entity
性寒,Entity
性平味甘,Entity
性格,Entity
性涩滞,Entity
性温味甘的食物,Entity
性爱,Entity
性爱相关,Entity
性生活,Entity
性病,Disease
性病患者,Disease
总第期,Entity
恢复疲劳,Entity
恪遵宪度抄本,Entity
息静心,BodyPart
恶劣天气,Entity
恶寒头痛,BodyPart
恶心,BodyPart
恼怒忧郁,Entity
患得患失,Entity
患病,Disease
患病情况,Disease
患病率较高,Disease
悦肌肤,Entity
悦颜色,Entity
悲伤,Entity
悲伤情绪,Entity
悲忧伤感,Entity
悲忧情绪,Entity
悲观,Entity
情志,Entity
情志不舒,Entity
情志不舒的影响,Entity
情志养护,Entity
情志养生,Entity
情志愉快,Entity
情志调节,Entity
情绪,Entity
情绪不稳,Entity
情绪中暑,Disease
情绪中暑影响,Disease
情绪中经度时始,BodyPart
情绪乐观,Entity
情绪伤阴,Entity
情绪低落,Entity
情绪保持愉悦舒畅,Entity
情绪压抑,Entity
情绪大起大落,Entity
情绪失调,Entity
情绪安静,Entity
情绪平静,Entity
情绪抑郁,Entity
情绪有力,Entity
情绪有力相关,Entity
情绪波动,Entity
情绪消极,Entity
情绪烦躁,Entity
情绪稳定,Entity
情绪调节中枢,Entity
情绪调节中枢受影响,Entity
情绪调节相关,Entity
情绪问题,Entity
情绪障碍,Entity
情舒畅,Entity
惊蛰,SolarTerm
惊蛰以后,SolarTerm
惊蛰后活跃,SolarTerm
惊蛰时节,SolarTerm
惊蛰节气,SolarTerm
惊醒,Entity
惊醒、惊动,Entity
惊醒蛰伏于地下冬眠的昆虫,Entity
想睡觉,Entity
愉悦,Entity
愉悦心情,BodyPart
愉悦情志的游戏,Entity
意守功,Entity
感冒,Disease
感冒病毒,Disease
感到难受,Entity
感受阴气初生,Entity
感应到阴气出现后停止鸣叫,Entity
感阴气之生,Entity
感阴而鸣,Entity
慎房事,Entity
慎食发物,Entity
慎食发物以柔肺肝,BodyPart
慢性呼吸病,Disease
慢性支气管炎,Disease
慢性气管炎,Disease
慢性疾病,Disease
慢性病,Disease
慢性病史,Disease
慢性病患者,Disease
慢性病患者的最佳锻炼方法,Disease
慢性皮肤溃疡,Entity
慢性肺部疾患,BodyPart
慢性肾炎,Disease
慢性胃炎,Disease
慢步缓行,Entity
慢节奏的有,Entity
慢节奏的有氧运动,Entity
慢跑,Entity
懈怠厌倦,Entity
懒散嗜睡,Entity
懒散形骸,Entity
懒散形骸，勿大汗，以养脏气,Entity
戌时,Entity
成熟,Person
成道日,Person
成都,Location
成都中医药大学,Organization
我国劳动人民独创的文化遗产,Entity
我国北方,Entity
我国北方地区,Location
我国北方大幅降温降雪,Entity
我国南方,Entity
我国南方大部分地区,Location
我国大部分地区,Location
我国大部分地区不再有严寒,Location
我国大部分地区平均气温升至零摄氏度以上,Location
我国大部地区一年中最冷时期之一,Location
我国大陆,Entity
我国民间,Entity
我国绝大部分地区雷暴消失,Location
戒怒戒躁,Entity
戴任降于桑,Entity
戴在头上,BodyPart
戴遮阳帽,Person
户外,Entity
户外散步,Entity
户外活动,Entity
户外湿热,Entity
户外踏青,Entity
户外运动,Entity
房事,Person
房事养生,Person
房屋,Person
所有阳经汇聚的地方,BodyPart
所治病症,Disease
扁桃体炎,Disease
扁桃腺,Entity
扁桃腺炎症,Disease
扁豆,Food
扁豆红枣粥,Food
扁豆花,Food
手三阴经,BodyPart
手厥阴心包经,BodyPart
手厥阴心包经之气由胸出发,BodyPart
手在上为干,BodyPart
手太阳小肠经,BodyPart
手太阴肺经,BodyPart
手少阳三焦经,BodyPart
手少阳三焦经的循行相关,BodyPart
手少阴心经,BodyPart
手指,BodyPart
手掌,BodyPart
手掌心,BodyPart
手掌掌心,BodyPart
手经络,BodyPart
手脚,BodyPart
手脚抽筋,BodyPart
手腕,BodyPart
手腕背侧,BodyPart
手臂,BodyPart
手臂上的筋突起,BodyPart
手臂内侧,BodyPart
手臂浮肿,BodyPart
手足口病,Disease
手阳明大肠,BodyPart
手阳明大肠经,BodyPart
打伞,Entity
打喷嚏,Entity
打嗝,Entity
打太极,Technique
打太极拳,Technique
打春吃春饼,Entity
打灯谜,Entity
打球,Entity
打盹,Entity
打通经络,BodyPart
打马球,Entity
扫墓,Entity
扫尘,Entity
扬尘,Entity
扶助正气,Entity
承山,Entity
把握阴阳,Entity
抑制,Entity
抑制怒火,Entity
抑制黑色素的形成,Entity
抑郁,Entity
抑郁症,Disease
抒发作用,Entity
抗原抗体,Entity
抗原抗体增多,Entity
抗病力,Disease
抗癌作用,Disease
抗皱纹,Entity
抗菌,Entity
抗菌的功效,Entity
抚松竹,Entity
抢种晚茬冬麦,Entity
护卫体表,Entity
护心,BodyPart
护肤产品维持,Entity
护肤品,Entity
护脑,Entity
护膝,BodyPart
护阳气,Entity
抱膝滚动,BodyPart
抱膝滚动式体操,Technique
抵御严寒,Entity
抵御外邪,Entity
抵御暑湿,Entity
抵御病菌侵袭,Disease
抵抗力,Entity
抵抗力下降,Entity
抵抗力减弱,Entity
抵抗力减弱相关,Entity
抵抗力差的老人,Entity
拆洗被褥,Entity
拇指,Entity
拉的要人推,Entity
拉肚子,Entity
拍打心包经,BodyPart
拗颈,Entity
持之以恒,Entity
持续时间长，雨势猛烈,Entity
持续的头痛,BodyPart
持续阴雨,Entity
挂香囊,Entity
指导人们养,Entity
指导农业生产,Entity
指导运气,Entity
指尖,Entity
指谷物播种时的降雨,Entity
按中冲,Entity
按摩,Entity
按摩内关穴,BodyPart
按摩头皮,BodyPart
按摩腹部,BodyPart
按法,Entity
按照时令进行保养,Entity
挥发性葱蒜辣素,Entity
振奋精神,Entity
振寒,Entity
挽作圈,Entity
捏住鼻翼两侧并捏紧松开,BodyPart
捕猎,Entity
捕猎鸟类,Entity
捕食能力极强的状态,Entity
损伤正气,Entity
损伤脾胃,BodyPart
损伤脾阳,BodyPart
损害脾胃,BodyPart
损耗阳气,Entity
损耗阴津,Entity
损阳气,Entity
换上干燥衣服,Entity
换上长袖衣,Entity
掌中热,Entity
掌握方法,Entity
掌长肌腱,Entity
掌长肌腱与桡侧腕屈肌腱之间,Entity
掌面,Food
排便反射,Entity
排出体内多余毒素,Entity
排出毒素,Entity
排毒,Entity
排毒养生,Entity
排汗降温,Entity
排解心情抑郁,BodyPart
排除夏季湿热,Season
接近地表的热量积蓄,Entity
控制心,BodyPart
控制身,Entity
推广应用,Entity
揉一揉小腹,BodyPart
揉法,Entity
揉的力度,Entity
提升心情,BodyPart
提升肝胆气血的好时机,BodyPart
提升脾胃功能,BodyPart
提挈天地,Entity
提神醒脑,Entity
提神醒脑的效果,Food
提高人体免疫力,Entity
提高人体免疫功能,Entity
提高免疫能力,Entity
提高心肺功能,BodyPart
提高思维能力,Entity
提高情绪,Entity
提高机体免疫力,Entity
提高机体应激能力,Entity
提高机体抵抗力,Entity
提高机体抵抗疾病能力,Disease
提高机体的抗病能力,Disease
提高神经系统灵敏性,BodyPart
提高肌肉耐受力,Food
提高身体代谢能力,Entity
提高身体的防病抗病能力,Disease
插秧,Entity
搅匀稍煮片刻,Entity
搓手,BodyPart
搓手习惯,BodyPart
搓揉,Entity
搓摩法,Entity
摄生心病,Disease
摄食不足,BodyPart
摇扇,Entity
摊鸡蛋,Food
摔伤,Entity
摘下脖子上的熟鸡蛋,Food
摘采新柳,Entity
撤掉凉席,Entity
播种,Entity
播种最忙的时节,SolarTerm
播种有芒的谷类作物,Entity
擦洗锅碗,Entity
支气管哮喘,Disease
支气管哮喘发病率升高相关,Disease
支气管扩张,Entity
支气管扩张、肺结核等疾病易复发或加重,Disease
支气管炎,Disease
收成,Entity
收敛,Entity
收敛作用的食物,Entity
收敛宁静精气神,Entity
收敛神志,Entity
收敛神气,Entity
收神人,Entity
收缩强,Entity
收获,Entity
收获的前奏,Entity
收藏,Entity
改善失眠,Entity
改善心肺功能,BodyPart
改善慢性呼吸病患者的肺功能有作用,Disease
改善皮肤状态,Entity
改善眼睛状况,Entity
改善睡眠,Entity
改善血液循环,Entity
放松全身肌肉,Food
放松心情,BodyPart
放松身心,BodyPart
放风筝,Entity
故疾,Entity
敏感多疑,Entity
敏感状态,Entity
敛气,Entity
敛汗,Entity
散土茯苓,Entity
散寒止痛,Entity
散寒除湿,Entity
散步,Entity
散步缓行,Entity
散热,Entity
散热减少,Entity
散瘀血,Entity
散风明目,Entity
数九,Entity
数九天气,Entity
数九寒天,Entity
数九寒天的四九前后,Entity
数字媒体艺术研究,Entity
敲打,Entity
文化自信,Entity
文火,Entity
斋居,Entity
斗卵,Entity
斗指壬,Entity
斗指壬为春分,SolarTerm
斗指寒甲,Entity
斗指巳,Entity
斗蟋蟀,Entity
斟之现丝,Entity
新年过后,Entity
新溃疡,Entity
新疆,Entity
新疆北部,Entity
新种的作物,Entity
新茶,Food
新陈代谢,Entity
新陈代谢旺盛,Entity
新陈代谢水平缓慢,Entity
新陈代谢降低,Entity
新鲜的空气,Entity
新鲜的蔬菜,Food
新鲜空气,Entity
新鲜蔬菜,Food
新鲜蔬菜水果,Food
方剂,Person
旅游,Entity
无光泽,Entity
无冻结现象,Entity
无创,Entity
无名指,Entity
无名指发麻,Entity
无名指末,Entity
无有终时,Entity
无法栽插水稻,Entity
无滴水,Entity
无精打采,Entity
无雨,Entity
无雪花飞舞,Entity
既宜动又宜静,Entity
日,Entity
日中,Entity
日光,Entity
日出后,Entity
日北至，日长之至，日影短至，故曰夏至,SolarTerm
日南至,Entity
日南至，日短之至，日影长之至,Entity
日夜分,Entity
日夜温差较大,Entity
日常作息建议,Entity
日常功课,Entity
日常生活中,Entity
日常生活饮食,Entity
日常起居,Entity
日常起居调养,Entity
日平均气温,Entity
日平均气温升达10℃以上,Entity
日平均气温稳定升至,Entity
日平均气温稳定升达0℃以上,Entity
日平均气温超过35℃,Entity
日平均气温降至22℃以下,Entity
日影最短,Entity
日影最长,Entity
日影短至,Entity
日影长,Entity
日月运行,Entity
日照,Entity
日照充足,BodyPart
日照减少,Entity
日照强,Entity
日照最多,Entity
日短,Entity
日短之至,Entity
日短夜长,Entity
日降水量,Entity
日降水量减少,Entity
旧患,Entity
旧病发作,Disease
旧病复发,Disease
旧病萌发,Disease
旧病萌发相关,Disease
早上,Entity
早上吃甜瓜,Food
早中晚,Entity
早中晚各一次,Entity
早出晚归者注意增减衣服,Entity
早卧,Entity
早卧早起,Entity
"早卧早起,与鸡俱兴",Food
早卧早起，与鸡俱兴,Food
早卧晚起,Entity
早喝人参、黄芪酒,Food
早春,Entity
早春二月,Entity
早春二月的雨水,SolarTerm
早春时节,SolarTerm
早晚,Entity
早晚冷热交替,Entity
早晚各一次,Entity
早晚天凉,Entity
早晚少出门,Entity
早晚应注意添衣保暖,Entity
早晚春捂,Entity
早晚活动以避免‘秋老虎,Entity
早晚添加衣服,Entity
早晚添衣,Entity
早晚温差逐渐明显,Entity
早晚温差逐渐明显的特点,Entity
早晚要叮咛,Entity
早晚转凉,Entity
早晚较凉,Entity
早晚进行运动,Entity
早晚适当春捂,Entity
早晨,Entity
早晨立了秋,Entity
"早晨立了秋,晚上凉飕飕",Entity
早睡早起,Entity
早睡早起调情绪,Entity
早睡晚起,Entity
早稻,Entity
早稻插秧,Entity
早起,Entity
早起晚睡,Entity
早起晚睡平,Entity
早起晚睡泡脚眠,Entity
早霜,Entity
早霜冻,Entity
时,Entity
时万物洁显而清明，气清景明,SolarTerm
时令,Person
时令变化,Person
时令特点,Person
时令瓜果蔬菜,Food
时令运气,Entity
时病论,Disease
时节,SolarTerm
时配足厥,BodyPart
时间,Person
旺可伤脾,BodyPart
旺来,Entity
旺盛,Entity
昆虫出土,Entity
明代,Person
明代养生学发展成就与特点,Entity
明前茶,Food
明史·历一,Entity
明显增多,Person
明朗清秀的景致,Entity
明朝,Person
明目,Person
昏昏沉沉,Entity
昏迷,Entity
易 系辞上,Entity
易于入口,Entity
易伤风感冒,Disease
易怒上火,Entity
易消化,Entity
易消化食物,Entity
易诱使痼疾复发,Entity
春,Entity
春三月,Entity
春三月，大蒜等助阳之物时，最好配以滋阴的蛋类,Entity
春三月，此为发陈,Entity
春三月，此谓发陈,Entity
春三月，此谓发陈，天地俱生，万物以荣,Entity
春之半,Entity
春令,Entity
春作物播种,Entity
春作物播种生长,Entity
春分,SolarTerm
春分之后,SolarTerm
春分养生,SolarTerm
春分后十五日,SolarTerm
春分日,SolarTerm
春分时节,SolarTerm
春分节气,SolarTerm
春卷,Entity
春困,Entity
春夏,Entity
春夏之交,Entity
春夏养阳,Entity
春夏养阳时期,Entity
春天,Season
春天不可薄衣,Season
春天来了,Season
春天的开始,Season
春天的结束,Season
春季,Season
春季上火,Season
春季九十天的中分点,Season
春季传染病,Season
春季保养,Season
春季养生,Season
春季出现的最后一次霜,Season
春季对应,Season
春季最后一个节气,SolarTerm
春季气温,Season
春季流行愉悦,Season
春季生活,Season
春季疾病,Season
春季的开始,Season
春季的最后一个节气,SolarTerm
春季起重要作用,Season
春季过渡至夏季,Season
春季运动,Season
春季运动养生,Season
春季风光,Season
春寒,Entity
春寒料峭,Entity
春捂,Entity
春捂养阳防春寒,Entity
春捂秋冻,Entity
春播,Entity
春日,Entity
春日宜省酸增甘,Location
春日宜阳防疫病,Disease
春日渐深而增加,Entity
春旱,Entity
春时,Entity
春时宜食粥,Food
春暖,Entity
春暖花开,Entity
春暖花开的特点,Entity
春气,Entity
春汤,Food
春游,Entity
春燥,Entity
春生,Entity
春瘟,Entity
春瘟加重,Entity
春盘,Entity
春碧蒿,Entity
春秋冬夏,Entity
春秋时代,Entity
春秋繁露·阴阳出入上下篇,Entity
春笋,Entity
春耕,Entity
春耕开始,Entity
春节,Entity
春节前,Entity
春菜,Food
春装,Entity
春阳,Entity
春雨,Entity
春雨之后,Entity
春雨惊春清谷天,Entity
春雨无声,Entity
春雨贵如油,Entity
春雷,Entity
春雷初响,Entity
春雷响,Entity
春雷响，万物长,Entity
春雷始鸣,Entity
春风,Entity
春风吹,Entity
春风拂面,Food
春风轻拂,Entity
春饼,Entity
是受凉,Entity
昼,Entity
昼不精,Entity
昼夜,Entity
昼夜均,Entity
昼夜均分,Entity
昼夜均等,Entity
昼夜均而寒暑平,Entity
昼夜平分,Entity
昼夜时间相等,Entity
昼夜温差,Entity
昼夜温差加大,Entity
昼夜温差变大,Entity
昼夜温差大,Entity
昼夜温差较大,Entity
昼夜温差逐渐加大,Entity
昼夜逐渐不等,Entity
昼夜长短,Entity
昼夜长短平均,Entity
昼夜长短极端特征,Entity
昼渐长,Entity
昼热夜凉,Entity
昼短夜长,Entity
昼短夜长现象明显,Entity
昼长夜短,Entity
晒太阳,Entity
晒太阳的做法,Entity
晒干的青梅,Entity
晒着太阳,Entity
晒背,BodyPart
晚上,Entity
晚上凉飕飕,Entity
晚上吃西瓜,Food
晚上睡眠,Entity
晚上睡觉时间稍晚,Entity
晚喝酒粥,Food
晚明时期,Entity
晚晚蜜汤,Food
晚服杞菊,Entity
晚期,Entity
晚睡,Entity
晚睡早起,Entity
晚睡早起午休躺,Entity
晚睡早起散步敞,Entity
晚睡眠,Entity
晚茬冬麦,Entity
晚谷,Entity
晚起、避寒就温,Entity
晚霜,Entity
晨练,Entity
晨起,Entity
晨运,Entity
晴天,Entity
晴暖,Entity
晴朗,Entity
晴空万里,Entity
晴雨多变,Entity
晶白露滴,SolarTerm
晶莹剔透,Entity
暑,Entity
暑令,Entity
暑去凉,Entity
暑易伤气,Entity
暑气,Entity
暑气不再逼人,Entity
暑气伤人,Entity
暑气已尽,Entity
暑气止,Entity
暑气结束,Entity
暑气逼人,Entity
暑气逼人相关,Entity
暑气难消,Entity
暑湿,Entity
暑湿之气,Entity
暑湿之气较重,Entity
暑热,Entity
暑热余气引起,Entity
暑热未消,Entity
暑热熏蒸,Entity
"暑热逼人者,刺激",Entity
暖,Entity
暖双足,BodyPart
暖春,Entity
暖气,Entity
暖气流,Entity
暖气流交锋,Entity
暖湿空气,Entity
暖空气,Entity
暖空气逐渐退避三舍,Entity
暖胃驱寒,BodyPart
暖脾胃,BodyPart
暖风,Entity
暖风拂面,Food
暮春,Entity
暴喜,Person
暴晒,Person
暴雨,Entity
暴食,Person
暴饮暴食,Person
更冷,Entity
更大的降雪可能性,Entity
更换春装,Entity
更清晰的目标图像,Entity
更衣,Entity
最低气温,Entity
最冷时期,Entity
最冷的一天,Entity
最多的月份,Entity
最少以圈或倍数,Entity
最少分钟,Entity
最强,Entity
最旺,Entity
最重要的代谢器官,Entity
最重要的消化器官,Entity
最长光波,Entity
最长白昼,Entity
月,Entity
月上旬,Entity
月上旬末,Entity
月下旬,Entity
月令,Entity
月令七△指导老师,Entity
月令七十二候,Entity
月令七十二候相关,Entity
月令七十二候集解,Entity
月令凉风至,Entity
月令十二集解,Entity
月令水始冰,Entity
月令相应,Entity
月伏阴,Entity
月伏阴在内,Entity
月初寒尚小,Entity
月器,Entity
月底,Entity
月日,Entity
月经失调,BodyPart
月～日,Entity
有关节疾病的人,Disease
有养生经验的女性,BodyPart
有助于消除疲劳,Entity
有助于静心安神的食品,BodyPart
有各种馅,Entity
有微弹性,Entity
有效成分,Entity
有机酸,Entity
有楼台倒影如池塘的景象,Entity
有氧,Entity
有氧代谢运动,Entity
有氧运动,Entity
有温热感并持续向腹内渗透,BodyPart
有益人体健康的微量元素,Entity
有益气、化生、营血,Entity
有目的地进行调养,Entity
有空调的房间,Entity
有约几天流汗,Entity
有芒之种谷,Entity
有芒之谷,Entity
有芒作物,Entity
有芒的谷类作物,Entity
有芒的麦子快收，有芒的稻子可种,Entity
有讲究,Entity
有说法,Entity
有轻微紧绷感即可,Entity
有雨无雨为中心,BodyPart
朋友,Entity
服用对胃肠黏膜有刺激的药物,BodyPart
朝前,Entity
朝朝盐水,Entity
朝气,Entity
朝鲜,Entity
木,Entity
木梯,Entity
木瓜,Food
木瓜粟米花生鱼汤,Food
木生火,Entity
木立春,SolarTerm
木耳,Entity
木耳菜,Food
木质凳椅,Entity
木质的梳子,Entity
"未为大暑,六月中",SolarTerm
未允许任何单位进行征稿工作,Entity
未到炎热,Disease
未成熟,Entity
未病,Disease
未病先防,Disease
未病养生,Disease
末时,Entity
本刊,Source
本刊讯,Source
本汤,Food
本草纲目,Entity
本草逢原,Entity
本药膳,Entity
本虚标实,Entity
机体,Entity
机体产生疲惫感,Entity
机体免疫力,Entity
机体反应,Entity
机体反应有关,Entity
机体应激能力,Entity
机体抵抗力,Entity
机体抵抗力下降,Entity
机体水分,Entity
机体的需要,Entity
机体缺水,Entity
机体调节功能,Entity
杀百草,Entity
杀菌作用,Entity
杀虫,Entity
杀虫的功效,Entity
杂粮,Entity
李,Entity
李子,Person
李彦知,Person
李恒杰,Person
李时珍,Person
杏,Entity
杏仁,Entity
杏花,Entity
杜牧,Person
杜茅柴,Person
杞菊,Entity
来年丰产,Entity
来年无病痛,Disease
来年降雨,Entity
来春,Entity
杨,Entity
杨威,Person
杨小蝶,Person
杨建宇,Person
杨成林,Person
杨柳,Person
杨柳泛青,Person
杨柳青青,Person
杨絮,Person
杨絮飞扬,Person
杯盘碗筷,Entity
松竹,Person
松花蛋,Person
极泉穴,BodyPart
极苦,Entity
极高,Entity
枕头,BodyPart
林木,Person
林荫道,Person
果,Food
果树,Food
果汁,Food
果糖,Food
果蔬,Food
枯草上,Entity
枸杞,Entity
枸杞子,Entity
枸杞猪肝粥,BodyPart
枸杞红枣茶,Food
枸杞黑豆汤,Food
某些季节性河湖,Season
某些年份,Entity
某些疾病,Disease
柑橘类,Entity
柔肝养肺,BodyPart
柠檬,Entity
柠檬升发,Entity
柠檬醛,Entity
柠檬鸭,Food
柳枝,Person
柳絮,Person
柳絮飞扬,Person
柿,Entity
柿子,Entity
标志着夏季开始,Season
树叶,Entity
树叶枯黄,Entity
树叶飘落,Entity
树木,Entity
栗子,Entity
栗子桂圆粥,Food
核小,Entity
核桃,Entity
核桃仁,Entity
核桃鸭,Food
核黄素,Entity
根据时令变化和自身情况,Entity
根据生命阶段调整饮食结构,Entity
根据自身基本状况,Entity
栽种技术,Entity
桂圆,Entity
桂枝,Entity
桂皮,Entity
桂结,Entity
桂阳程乡,Entity
桃李初绽,Entity
桃李瓜藕,Food
桃枝,Entity
桃红李白,Entity
桃花,Entity
桃花初绽,Entity
桃花泛,Entity
桃花讲,Entity
桃花雨,Entity
桐,Entity
桐始华,Entity
桐树,Entity
桐树开花,Entity
桑拿天,Entity
桑枝,Entity
桑树,Entity
桑树上见到戴待地吃冷饮,Entity
桑椹薏米炖白鸽,Food
桑葚,Entity
桡侧腕屈肌腱,Entity
梅子,Person
梅树,Person
梅雨,Entity
梅雨天,Entity
梅雨季节,Season
梅雨时节,SolarTerm
梅雨结束,Entity
梦溪笔谈,Entity
梨,Entity
梳头,BodyPart
梳头有通肝气的作用,BodyPart
梳子,Entity
棉丝,Entity
棉布,Entity
棉花,Entity
棉花苗期生长有利,Entity
棉衣,Entity
棉质衣服,Entity
森林,Entity
森林火灾,Entity
森林火险,Entity
植树,Entity
植物,Entity
植物园,Entity
植物的发叶,Entity
植物的叶落,Entity
植物的叶黄,Entity
植物的开花,Entity
植物的结果,Food
植物的萌芽,Entity
植物神经功能,BodyPart
植物神经功能紊乱,BodyPart
植物繁盛,Entity
植物蛋白质,Entity
椒,Entity
楼台倒影,Entity
榆树,Entity
榨汁,Entity
槐枝,Entity
樱桃,Entity
橄榄,Entity
橘子,Entity
橘子升发,Entity
橘皮,Entity
橘皮鲜皮,Entity
橘皮鲜皮冰糖,Entity
橙子,Entity
橙汁,Entity
次于,Entity
欣向荣,Entity
歌诀,Entity
止咳,Entity
止嗽息惊,Entity
止泻,Entity
止泻化痰,Entity
止泻的功效,Entity
止痒,Entity
止痛,Entity
正午,Entity
正向逆转,Entity
正坐,Entity
正月,Entity
正月中,Entity
正月中，天一生水,Entity
正气,Entity
正气充足,BodyPart
正气充足，邪不可干,BodyPart
正确方式,Technique
正确睡眠姿势,Entity
正虚,Entity
此时,Entity
此法,Entity
此粥,Food
此节气,SolarTerm
此节气期间关注天气预报,SolarTerm
此酒,Food
步伐,Entity
步伐轻松,Entity
步山径,Entity
步行,Entity
死亡,Entity
死亡率,Entity
死亡率升高,Entity
母蟹,Entity
每九天为一个小节,Entity
每周一次,Entity
每周至少吃一次鱼,Food
每天多睡小时,Entity
每年,Entity
每年一次,Entity
每年公历的月～,Entity
每年夏至节气吃生菜和凉面,SolarTerm
每年常规的气候变化,Entity
每年月日到日之间,Entity
每年月日前后,Entity
每年月日前后太阳到达黄经165度,BodyPart
每年月日或日之间,Entity
每年的月日前后,Entity
每日丑寅时,Entity
每日晚上平坐,Entity
每日次数,Entity
每日温水洗澡,Entity
每日食用粥一大碗有益健康,Food
每月两节不变,Entity
每月某日,Entity
毒,Entity
毒滞,Entity
毒素,Entity
毒蛇咬伤性溃疡,Entity
比北方温和,Entity
毕业作品四季如生,Entity
毕业设计作品四季如生,Entity
毛发干枯,Person
毛发枯燥,Person
毛孔,Person
毛孔逐渐舒张,Entity
毛孔闭塞,Person
毛笋,Person
毛豆,Food
毫升,Entity
民族文化认同感,Entity
民间,Entity
民间农谚,Entity
民间有‘秋老虎’之说,Entity
民间第一大祭日,Entity
民间谚语,Entity
民间风俗,Entity
气,Entity
气不足,BodyPart
气伏,Entity
气候,Entity
气候变冷,Entity
气候变化,Entity
气候变化影响,Entity
气候变化息息相关,Entity
气候变化特点,Entity
气候变化相关,Entity
气候呈现三大特点,Entity
气候季节,Season
气候学,Entity
气候宜人,Entity
气候干燥,Entity
气候比较干燥,Entity
气候渐冷,Entity
气候渐凉,Entity
气候温和,Entity
气候湿热,Entity
气候潮湿,Entity
气候炎热,Disease
气候炎热的特点,Disease
气候炎热逐渐减弱,Disease
气候现象,Entity
气候由热转凉,Entity
气候由热转寒,Entity
气候的变化,Entity
气候科学,Organization
气候观测资料,Entity
气候资源,Entity
气候逐渐转暖,Entity
气候骤变,Entity
气功,Technique
气功功法,Technique
气压,Entity
气压变化敏感,Entity
气压和江淮气旋活动,Entity
气喘吁吁,Entity
气始升,Entity
气差,Entity
气差较大,Entity
气弱,Entity
气旺盛,Entity
气机,Entity
气机畅达,Entity
气机的通泄,Entity
气机运行,Entity
气机通调,Entity
气机顺畅,Entity
气枢要图,Entity
气流,Entity
气浊,Entity
气清景明,Entity
气温,Entity
气温上升,Entity
气温下降,Entity
气温下降和空气干燥而增强致病力,Disease
气温下降相关,Entity
气温下降速度加快,Entity
气温低,Entity
气温低于白露,SolarTerm
气温升高,Entity
气温升高到℃左右,Entity
气温升高较快,Entity
气温变化,Entity
气温变化敏感,Entity
气温和降雨上升,Entity
气温回升,Entity
气温回升快,Entity
气温回升较快,Entity
气温忽高忽低,Entity
气温急剧下降,Entity
气温日较差逐渐变大,Entity
气温明显升高,Entity
气温明显增高,Entity
气温易变化,Entity
气温显著下降,Entity
气温显著变化,Entity
气温最高,Entity
气温未达到一定值,Entity
气温由炎热转向寒冷,Disease
气温继续下降,Entity
气温超过℃,Entity
气温转暖,Entity
气温较低时,Entity
气温较高,Entity
气温达到最高,Entity
气温过高,Entity
气温逐日下降,Entity
气温逐渐升高,Entity
气温逐渐回升,Entity
气温逐渐转凉,Entity
气温速降,Entity
气温降低,Entity
气温骤降,Entity
气温高,Entity
气满,Entity
气的补充,Entity
气盛极而衰,Entity
气短,Entity
气短神疲,Entity
气管炎,Disease
气血,Entity
气血不畅,Entity
气血健康,Entity
气血外行,Entity
气血拥堵,Entity
气血流注心经之时,BodyPart
气血流通,Entity
气血生化,Entity
气血瘀滞,Entity
气血的恢复,Entity
气血的运行,Entity
气血运行,Entity
气血通畅,Entity
气血阴阳,Entity
气血顺,Entity
气象台,Entity
气象台对强冷空气活动的预报,Source
气象学,Entity
气象观测记录,Entity
气象观测记录显示大寒不如小寒冷,SolarTerm
气象资料表,Entity
水,Entity
水位,Person
水冷三分,Person
水分,Person
水分不足,BodyPart
水分摄入,Person
水分条件,Person
水分流失,Person
水分蒸发,Person
水分蒸发调节体温,Entity
水分蒸发较多,Entity
水分较少,Person
水始冰,Person
水始涸,Person
水果,Food
水果蔬菜,Food
水汽,Person
水汽蒸发快,Entity
水汽蒸发速度,Entity
水泉动,Person
水洼,Person
水洼干涸,Person
水流冲击力,Entity
水温,Person
水温宜控制在℃左右,Entity
水温稍高且不烫伤脚,Entity
水湿之气,Entity
水湿之气无法代谢,Entity
水火聚散,Person
水生,Person
水田,Person
水痘,Person
水痘的多发季节,Season
水的导热能力,Entity
水稻,Person
水稻栽插有利,Entity
水米交融,Food
水经注,BodyPart
水肿,Person
水腻,Person
水芹,Person
水萝卜,Person
水谷之海,Person
水量,Person
水量减少,Person
水饺,Person
汗出,Entity
汗出见湿,Entity
汗出见湿，乃生痤痱,Entity
汗出过度则会影响夏季时的气血健康,Season
汗孔,Entity
汗易外泄,Entity
汗水,Entity
汗泄,Entity
汗泄太多,Entity
汗液,Entity
汗液发泄,Entity
汗液蒸发,Entity
汗液蒸发困难,Entity
汗腺,Entity
江北,Person
江南,Location
江南地区,Location
江南气候,Location
江南进入雨季,Location
江河湖畔,Person
江淮地区,Location
江淮气旋,Entity
江淮流域,Person
江苏,Location
江西中部,Person
池塘,Entity
污垢,Entity
汤,Food
汤品,Food
汤或粥,Food
汤水,Food
汤类,Food
汤羹,Food
汪绮石,Person
汽车笛声,Entity
沉闷,Entity
沐浴,Entity
沙参,Entity
沙参枸杞粥,Food
沙发靠垫,Entity
沙尘天气,Entity
沙尘天气较多时段,Entity
沙田柚,Entity
没有绿化的街道,Entity
河北省荣军医院,Organization
河南省开封市中医院,Organization
河流,Entity
河流封冻,Entity
河湖,Entity
河湖水位下降,Entity
河湖水边,Entity
河蟹,Entity
河里的冰,Entity
河里的冰开始融息,Entity
河面,Food
沸水,Entity
沸水焯肉,Food
油炸熏烤食品,Entity
油炸的食物,Entity
油炸食品,Entity
油腻,Entity
油腻性食物,Entity
油腻的食物,Entity
油腻辛辣的食物,Entity
油腻食物,Entity
油菜,Food
油菜花香,Food
治则,Entity
治则方药,Entity
治未病,Disease
治疗无效时,Entity
治疗糖尿病,Disease
治疗风湿痹症等疾病的最佳时机,Disease
沼泽,Entity
沼泽地,Entity
沼泽干涸,Entity
沿江江南地区,Location
沿海地带,Entity
沿鼻子周围按摩20圈,BodyPart
泉州,Entity
泌尿道,Entity
泡脚,Entity
泥土,Entity
泥土变得湿润,Entity
泥石流,Entity
泥鳅,Entity
注意保暖,Entity
注意力不集中,Entity
注意劳逸结合,Entity
注意增减衣服,Entity
注意正常作息,Entity
注意花粉过敏,Entity
注意调养脾胃,BodyPart
注意身体调理,Entity
注意预防感冒,Disease
泻下,Entity
泻实,Entity
泽泻,Entity
洋葱,Entity
洒水,Entity
洗冷水浴,Entity
洗浴,Entity
洗涤肠胃,BodyPart
洗澡,Entity
洗肠,BodyPart
洗药浴,Entity
洛阳牡丹,Entity
洛阳牡丹开花,Entity
洞口,Entity
津止渴,Entity
津液,Entity
津液丢失,Entity
津液咽入丹田,BodyPart
洪水地质灾害,Entity
活人心法,BodyPart
活力,Entity
活动,Entity
活动舌头,BodyPart
活血,Entity
活血化瘀,Entity
活血通络,Entity
流传极快,Entity
流动的空气,Entity
流感,Entity
流感高发期,Entity
流脑,Entity
流行性传染病增多,Disease
流行性出血热,Entity
流行性感冒,Disease
流行性脑膜炎,Disease
流行性脑膜炎的多发季节,Season
流鼻涕,BodyPart
流鼻血,BodyPart
浅色衣服,Entity
测定气候之常,Entity
浓茶,Food
浙江中医药大学学报,Source
浙江南部,Location
浮肿,Entity
浮萍,Entity
浮萍开始生长,Entity
浴足,BodyPart
海南岛,Entity
海参,Entity
海带,Entity
海拔高度,Entity
海滨地区,Location
海神,Entity
海绵样血管,Entity
海腥鱼虾,Food
海虾,Entity
海蟹,Entity
海鱼,Food
海鲜,Entity
涂抹在鱼肉禽内外,Food
涂防晒霜,Entity
消化,Entity
消化不良,Entity
消化功能,Entity
消化功能旺盛,Entity
消化器官,Entity
消化水谷,Entity
消化液,Entity
消化液分泌增多,Entity
消化系统疾病,Disease
消化道,Entity
消化道供血增多,Entity
消化道疾病,Disease
消暑,Entity
消暑健身,Entity
消暑汤,Food
消暑解渴,Entity
消毒杀菌,Entity
消毒洗净,Entity
消沉,Entity
消炎,Disease
消炎的功效,Disease
消积滞,Entity
消耗过剩能量,Entity
消肿,Entity
消除大脑疲劳,Entity
消除疲劳,Entity
消食,Entity
润五官,Entity
润泽肺脏,BodyPart
润濡,Entity
润燥,Entity
润燥止干,Entity
润燥止干的效果,Food
润燥益气,Entity
润肠胃,BodyPart
润肠通便,BodyPart
润肤,Entity
润肤的功效,Entity
润肤美容,Entity
润肺,BodyPart
润肺止咳,BodyPart
润肺生津,BodyPart
润肺生津的汤水,BodyPart
润肺补虚,BodyPart
淋浴,Entity
淡盐开水,Entity
淡盐水,Entity
淡竹叶,Entity
淡茶,Food
淡菜,Food
淡补,Entity
淮山,Entity
淮山煲牛肚,Entity
淮河,Entity
淮河、秦岭一线以北地区,Location
深冬,Entity
深呼吸运动,Entity
深沉而缓慢的呼吸,Entity
深秋,Entity
深秋养生,Entity
深秋景象,Entity
深长且缓慢有节奏,Entity
深长呼吸,Entity
添减衣物,Entity
添加衣服,Entity
添精,Entity
添衣,Entity
添衣不宜过多,Entity
添髓功能,Entity
清代,Entity
清代诗人肖雄,Entity
清凉,Entity
清凉的高空中活动,Entity
清嘉录,Entity
清心安神,BodyPart
清心安神的效果,BodyPart
清明,SolarTerm
清明养生,SolarTerm
清明前后,SolarTerm
清明后十五日,SolarTerm
清明后十五日，斗指辰，为谷雨，三月能失调，易出现‘上火’症候,SolarTerm
清明天气,SolarTerm
清明扫墓,SolarTerm
清明断雪,SolarTerm
清明断雪，谷雨断霜,SolarTerm
清明时期,SolarTerm
清明时节,SolarTerm
清明时节雨纷纷,SolarTerm
清明的前一天,SolarTerm
清明节,SolarTerm
清明节前一两日,SolarTerm
清明节气,SolarTerm
清明节气风俗,SolarTerm
清晨,Entity
清晨自然盘坐,Entity
清晨醒来想再睡,Entity
清晨露水增多,Entity
清晨露水日益加厚,Entity
清暑祛湿茶,Food
清暑解热,Entity
清朝,Entity
清气,Entity
清水,Entity
清水浸泡,Entity
清洁卫生,Entity
清洁明净,Entity
清洗消毒,Entity
清淡,Entity
清淡的饮食,Entity
清淡饮食,Entity
清温平淡,Entity
清温平淡饮食,Entity
清火,Entity
清火的药物,Entity
清火解暑,Entity
清火解毒,Entity
清火降气,Entity
清热,Entity
清热凉血,Entity
清热利湿,Entity
清热化痰,Entity
清热安神,Entity
清热祛暑,Entity
清热解毒,Entity
清热降火的作用,Entity
清粥,Food
清肠热,BodyPart
清脂素,Entity
清脆爽口,Entity
清虚劳之热,Entity
清解湿热,Entity
清醒舒适,Entity
清阳,Entity
清阳上升,Entity
清除屋内潮湿,Entity
清除毒素,Entity
清除肠胃积热,BodyPart
清香扑鼻,BodyPart
渔民节,Entity
温,Entity
温不燥,Entity
温与凉的变化,Entity
温中功能,Entity
温中含热,Entity
温凉变化,Entity
温和的阳光,Entity
温寒,Entity
温差,Entity
温差大,Entity
温度,Entity
温度下降,Entity
温度变化,Entity
温度攀升,Entity
温度骤然下降,Entity
温度高,Entity
温性调料,Entity
温性食物,Entity
温暖全身,Entity
温暖舒适,Entity
温湿度变化,Entity
温热,Entity
温热之品,Entity
温热健脾食物,BodyPart
温热内蕴,Entity
温热感,Entity
温热食物,Entity
温燥,Entity
温燥咳嗽,Entity
温经止痛,BodyPart
温经止血,BodyPart
温肾阳,Entity
温胃散寒,BodyPart
温补,Entity
温补之物,Entity
温补肝阳,BodyPart
温防伤风感冒,Disease
温风至,Entity
温食,Entity
温高湿重,Entity
游园,Entity
游泳,Entity
湖南,Entity
湖水边,Entity
湖泊,Entity
湖泊水量减少,Entity
湿,Entity
湿冷,Entity
湿度,Entity
湿度变化敏感,Entity
湿度变大,Entity
湿度大,Entity
湿度适中,Entity
湿性皮肤病,Disease
湿气,Entity
湿气加重,Entity
湿气相互作用,Entity
湿气较重,Entity
湿气过盛,Entity
湿气郁积,Entity
湿气重,Entity
湿润的空气,Entity
湿热,Entity
湿热之气,Entity
湿热之气弥漫,Entity
湿热交加,Entity
湿热天气,Entity
湿热弥漫空气,Entity
湿热难耐,Entity
湿疹,Entity
湿病,Disease
湿胜,Entity
湿邪,Entity
湿邪主气,Entity
湿重,Entity
湿雪,Entity
溃疡,Entity
溃疡病,Disease
溃疡病人,Disease
溃疡的修复,Entity
溃疡的出现,Entity
溜冰,Entity
溪流,Entity
滋五脏之阴,Entity
滋养脾胃,BodyPart
滋润,Entity
滋润肺部,BodyPart
滋肝明目,BodyPart
滋补三脏食物,Entity
滋补上品,Entity
滋补肝之不足,BodyPart
滋阴,Entity
滋阴、润肺、养胃、生津食物,BodyPart
滋阴之品,Entity
滋阴之物,Entity
滋阴养肺,BodyPart
滋阴养肺的效果,BodyPart
滋阴又补,Entity
滋阴又补的作用,Entity
滋阴润,Entity
滋阴润燥,Entity
滋阴润燥食物,Entity
滋阴润肺,BodyPart
滋阴清肝,BodyPart
滋阴的蛋类,Entity
滋阴益气,Entity
滋阴益血,Entity
滑跌,Person
滑雪,Entity
滚雪球,Entity
满目春光,Entity
滥了白露，天天走溜路,SolarTerm
漱津,Entity
漱津次,Entity
潇潇细雨,Entity
潘长学,Person
潮气,Entity
潮气旺,Entity
潮湿,Entity
潮湿之地,Entity
潮湿的衣服,Entity
潮湿闷热,Entity
潮湿闷热天气,Entity
激素,Entity
激素水平,Entity
激素水平高峰期,Entity
灌浆饱满,Entity
火,Entity
火为心,BodyPart
火气大的人,Entity
火焰山,Entity
火锅,Entity
灵枢•五乱,Entity
灵枢•刺节真邪,Entity
灵枢•经脉,BodyPart
灵枢经,BodyPart
灵素节注类编,Entity
灼伤肺津,BodyPart
炉烧盐腌,Entity
炎暑,Disease
炎暑将临,Disease
炎热,Disease
炎热夏季,Season
炎热夏季的开始,Season
炎热天气,Disease
炎热季节,Season
炎热暑天,Disease
炎热暑天即将结束,Disease
炎热暑天结束,Disease
炎热湿闷,Disease
炎热的夏天,Season
炎热的夏天到来,Season
炎热的夏季,Season
炎热的季节,Season
炎热难耐,Disease
炎症,Disease
炒熟,Entity
炒菜,Food
炒麦芽,Entity
点按四白穴,BodyPart
烈日炎炎,Disease
烙饼,Entity
烙饼摊鸡蛋,Food
烟酒,Food
烤鸭,Food
烦热口渴,Entity
烦躁,Entity
烦躁上火,Entity
烦躁不安,Entity
烦躁相关,Entity
烧伤后瘢痕性溃疡,Entity
烧好菜,Food
烧烤,Entity
烧烤的食物,Entity
烧烤食物,Entity
热,Entity
热不可耐,Entity
热不可耐的心情,BodyPart
热中风,Entity
热在三伏,Entity
热天不疰夏,Entity
热带气旋,Entity
热带气旋带来暴雨,Entity
热性东西,Entity
热性食物,Entity
热气,Entity
热气内郁,Entity
热水,Entity
热水瓶,Entity
热汤,Food
热浪,Entity
热热闹闹的春节,Entity
热病,Disease
热的肉,Food
热的食物,Entity
热盛,Entity
热能供给,Entity
热蒸湿动,Entity
热象偏盛,Entity
热身活动,Entity
热量,Entity
热量摄入,Entity
焚烧香品,Entity
焚香,Entity
焦虑,Person
焦虑症,Disease
焦躁,Person
焦躁易怒,Person
煎汁去渣,Entity
煎汤汁作粥,Food
煎汤煮粥,Food
煎炒油炸的食物,Entity
煮开,Entity
煮梅,Entity
煮梅的方法,Entity
煮面,Food
熏人心,BodyPart
熏烤,Entity
熏烧艾草,Entity
熏艾,Entity
熟食,Entity
熟鸡蛋,Food
熬夜,Entity
熬夜加班,Entity
熬夜相关,Entity
熬然,Entity
燕京岁时记,Entity
燕子,Entity
燕子飞来,Entity
燕窝,Entity
燕麦,Entity
燥则润之,Entity
燥寒冷的气候,Entity
燥湿化痰,Entity
燥湿化痰的功效,Entity
燥热,Entity
燥热之品,Entity
燥而偏寒,Entity
燥而偏热,Entity
燥邪,Entity
燥邪伤肺,BodyPart
燥金,Entity
爬山,Entity
爬行,Entity
牙齿,Entity
牙齿健康,Entity
牙齿叩动,Entity
牛奶,Entity
牛神,Entity
牛羊肉,Food
牛肉,Food
牛骨髓,BodyPart
物候,Entity
物候特点,Entity
物极必反,Entity
物燥,Entity
物至此皆长大,Entity
物质,Entity
牲畜,Entity
牲畜安全过冬,Entity
牵勾,Entity
牵的要人拉,Entity
特别是葡萄,Entity
特殊体质,Entity
犯困,Entity
犯困打瞌睡,Entity
狂热,Entity
狂躁,Entity
狗,Entity
狗肉,Food
独年,Entity
独特强烈的香味,Entity
狼吞虎咽,BodyPart
猜灯谜,Entity
猝死,Entity
猩红热,Entity
猩红热的多发季节,Season
猪肉,Food
猪苓,Entity
猫爪草煲猪瘦肉,Food
獭,Entity
獭而且能补脾养胃、去浊生清,BodyPart
玄鸟归,Entity
玉泉,Entity
玉竹百合猪瘦肉汤,Food
玉米,Food
玉米苗期生长有利,Food
玉臂,Entity
王亚萍,Person
王国为,Person
王庆其,Person
王志华,Person
王瓜,Food
王瓜生,Food
王瓜的枝蔓开始迅速攀爬生长,Food
王霜,Person
玩家,Entity
玫瑰花,Entity
环境清幽的室内,Entity
环境温度低于一定值时,Entity
环境调节,Entity
现代人,Entity
现代医学生理学,Entity
现代天文科学,Organization
现代时间医,Entity
现实价值,Entity
珠江三角洲,Location
球类运动,Entity
理想的效果,Food
理气,Entity
理气开胃,BodyPart
理气开胃的功效,BodyPart
理气的功效,Entity
理虚元鉴,Entity
理解中医思维方式,Technique
理解中医理论,Entity
理解力,Entity
理解力提高,Entity
琼装玉琢,Entity
瑜伽,Entity
瓜,Food
瓜果,Food
瓜果蔬菜,Food
瓜菜,Food
瓜蔬豆粥,Food
甘味,Person
甘味食物,Person
甘平,Person
甘性凉,Person
甘肥滋腻,Person
甘肥滋腻食物,Entity
甘草,Person
甘蓝,Person
甘蔗,Person
甘露醇,Person
甘食热粥,Food
甜味食物,Entity
甜点,Entity
甜瓜,Food
甜食,Entity
生冷之物,Entity
生冷油,Entity
生冷的食物,Entity
生冷腌菜,Food
生冷食物,Entity
生冷饮食,Entity
生吃,Entity
生命之本,Entity
生命力,Entity
生命的衰退,Entity
生命阶段,Entity
生地鸭蛋汤,Food
生姜,Entity
生姜红糖水,Entity
生态需水,Entity
生意兴隆,Entity
生木之物,Entity
生木者,Entity
生机,Entity
生机勃勃,Entity
生机勃发,Entity
生机潜伏,Entity
生梨,Entity
生殖,Entity
生气,Entity
生气发怒,Entity
生气发火,Entity
生津,Entity
生津止渴,Entity
生津止渴食物,Entity
生津润燥,Entity
生津润燥食物,Entity
生活不便,Entity
生活之圆满,Entity
生活习惯,Entity
生活无规律,Entity
生活有规律,Entity
生活能力,Entity
生活节奏,Entity
生活规律,Entity
生活质量,Entity
生活起居,Entity
生湿助热,Entity
生湿助热食物,Entity
生热生痰,Entity
生熟地,Entity
生物,Entity
生物钟,Entity
生物钟管理,Entity
生理休整,Entity
生理功能,Entity
生理功能降低,Entity
生理机能,Entity
生理机能失调,Entity
生理活动,Entity
生理特点,Entity
生理状态,Entity
生理状态发生变化,Entity
生理盐水,Entity
生理论依据,Entity
生理阴阳平衡,Entity
生理需水,Entity
生病,Disease
生痤疮,Entity
生痰之源,Entity
生而勿杀,Entity
生育期,Entity
生育期的不同而异,Entity
生菜,Food
生辰禀赋,Entity
生长,Entity
生长之门,Entity
生长成熟,Entity
生长旺季,Entity
生食,Entity
生麦芽,Entity
用凉水焯煮,Entity
用右手手掌捂在鼻子上,BodyPart
用左手三指的指尖在右下边至咽喉处上下搓擦,BodyPart
用心药医,BodyPart
用手抓住脚趾,BodyPart
用手掌按抚另一手臂内侧,BodyPart
用热水泡脚,Entity
用石头压住,BodyPart
用纱布包好,Entity
用脑,Entity
田园人家,Person
田园八段锦,Technique
田地,Person
田地干旱开裂,Entity
田地开裂,Person
田坎,Person
田坎干裂,Person
田思玮,Person
田野,Person
田间害虫繁殖,Entity
田间杂草,Person
田鼠,Person
田鼠不见,Person
田鼠化,Person
由于温度剧降而引起的作物冻害现象,Entity
由收转向藏,Entity
由春到夏的过渡季节,Season
由热转凉的交替时期,Entity
由阳盛向阴盛转变的过渡阶段,Entity
甲型肝炎,Disease
甲鱼,Food
申时,Entity
电,Entity
电扇,Entity
男士,Entity
男性,Entity
畅血脉,BodyPart
畅达心胸,BodyPart
畅通气血,Entity
畏寒肢冷,Entity
畏寒肢冷者,Entity
"畏而可避,可避则犯之者少;阴寒袭人者,用心药医",BodyPart
畜禽,Entity
略带甜味,Entity
番茄,Entity
疏散,Entity
疏通和调节作用,Entity
疏通气血,Entity
疏通经络,BodyPart
疏通经脉,BodyPart
疔疮之疾,Entity
疗养,Entity
疗疮之疾,Entity
疟疾,Entity
疟疾的多发季节,Season
疟疾的高发期,Entity
疫病,Disease
疮疡科,Organization
疮科通玄论,Organization
疮肿,Entity
疰夏,Entity
疲倦嗜睡,Entity
疲劳,Entity
疲劳乏力,Entity
疲劳感,Entity
疲惫感,Entity
疼痛,Entity
疾病,Disease
疾病加重,Disease
疾病后期康复治疗,Disease
疾病应天,Disease
疾风暴雨,Entity
痄腮,Entity
病人,Disease
病人家属,Disease
病因,Disease
病害,Disease
病害流行,Disease
病机,Disease
病毒,Disease
病毒和细菌活跃,Disease
病毒感染,Disease
病症,Disease
病痛,Disease
病程较长,Disease
病老体弱者,Disease
病菌,Disease
病虫害,Disease
病虫害防治,Disease
病邪,Disease
痔疮,Entity
痔疮患者,Entity
痢疾,Entity
痤疮,Entity
痤痱,Entity
痰湿,Entity
痰热,Entity
痰热咳嗽,Entity
痰热咳嗽者,Entity
痱子,Entity
痼疾,Entity
瘦肉,Food
瘦身,Entity
癌变,Disease
癌症毒素,Disease
登山,Entity
登高开胸食玉泉,BodyPart
登高望远,Entity
白云,Entity
白云红叶,Entity
白入肺,BodyPart
白切鸭,Food
白喉,BodyPart
白喉的多发季节,Season
白天,Entity
白天变短,Entity
白天和黑夜均等,Entity
"白天很热,夜晚较凉爽",Entity
白天晒太阳,Entity
白天最短,Entity
白天气温,Entity
白天气温较高,Entity
白天温和但早晚凉,Entity
白天炎热,Disease
白天精力,Entity
白天黑夜平分,Entity
白就,Entity
白居易,Entity
白开水,Entity
白扁豆,Food
白昼,Entity
白昼最短,Entity
白昼最长,Entity
白昼逐渐变长,Entity
白木耳红枣煲猪瘦肉,Food
白术,Entity
白米曲,Food
白糖,Entity
白色乳汁,Entity
白菜,Food
白菜豆腐汤,Food
白萝卜,Entity
白霜,Entity
白露,SolarTerm
白露之前,SolarTerm
白露养生歌赏析,SolarTerm
白露前后一场风,SolarTerm
白露吃龙眼,SolarTerm
白露必吃龙眼的传统,SolarTerm
白露时节,SolarTerm
白露时节候鸟南飞避寒,SolarTerm
白露期间,SolarTerm
白露秋分夜,SolarTerm
白露秋分夜，一夜冷一夜,SolarTerm
白露米酒,SolarTerm
白露至霜降前,SolarTerm
白露节,SolarTerm
白露节前后,SolarTerm
白露节气,SolarTerm
白露节气勿露身，早晚要叮咛,SolarTerm
白露降,SolarTerm
白领女性,Entity
百五节,Entity
百会,Entity
百合,Entity
百合花,Entity
百岁医家,Entity
百日咳,Entity
百日咳的多发季节,Season
百病难碰,Disease
百脉,BodyPart
百脉休养,BodyPart
百花竞放,Entity
百草回芽,Entity
百草回芽相关,Entity
百鸟开始贮存干果粮食,Food
百鸟贮存干果粮食以备过冬,Food
皮,Entity
皮毛,Person
皮肤,Person
皮肤干燥,Person
皮肤干裂,Person
皮肤暴露于紫外线,Entity
皮肤疏松,Person
皮肤病,Disease
皮肤粗糙,Person
皮肤紧绷,Person
皮肤脱屑,Person
皮肤脱皮,Person
皮肤腠理,Person
皮肤腠理变疏松,Entity
皮肤腠理开合频繁,Entity
皮肤腠理疏松,Entity
皮肤血管收缩,Entity
皮肤饱满,Person
益气,Entity
益气养阴食物,Entity
益气功能,Technique
益气滋阴,Entity
益精血,Entity
益肝和中,BodyPart
益肝补肾,BodyPart
益阳之品,Entity
益阴,Entity
益颜色,Entity
盐,Entity
盐分,Entity
盐分流失,Entity
盐水,Entity
盗汗,Entity
盘坐,Entity
盘旋于空中,Entity
盘腿坐下,Entity
盘腿静坐,Entity
盛夏,Person
盛阳,Person
目光,Entity
目眩,Entity
目肿痛,Entity
目赤肿痛,Entity
目锐眦痛,Entity
盲目进行,Entity
直接对着太阳,Entity
直接曝晒而过旺,Entity
相互摩擦,Entity
相火,Entity
省酸增甘,Location
省酸增甘以养脾,BodyPart
真人,Entity
眩冒,Entity
眩晕,Entity
眶下孔,Entity
眶下孔凹陷处,Entity
眼病,Disease
眼睑浮肿,Entity
眼睛,Entity
眼睛干涩,Entity
眼肉,Food
着凉,Entity
着凉受湿,Entity
着凉感冒,Disease
着衣宜下厚上薄,Entity
睛明穴,BodyPart
睡不好觉,Entity
睡于空调下直吹取凉,Entity
睡前,Entity
睡午觉,Entity
睡眠,Entity
睡眠不佳,Entity
睡眠不足,BodyPart
睡眠充足,BodyPart
睡眠时不宜开电扇送风,Entity
睡眠时宜侧卧,Entity
睡眠时间,Entity
睡眠时间增多有关,Entity
睡眠质量,Entity
睡衣,Entity
睡觉,Entity
睡觉时,Entity
睡觉时关好门窗,Entity
睡觉时要盖好被褥,Entity
瞌睡虫,Entity
瞳孔,Entity
瞳孔之下,Entity
知了,Entity
短暂的脑功能性紊乱,Entity
石头,BodyPart
矿物质,Entity
砂锅,Entity
研究天时气候变化规律,Entity
破壳生出小热,Entity
硕士,Entity
碧螺春,Entity
碱性食物,Entity
碳水化合物,Entity
礼记,Entity
礼记•月令,Entity
社会发展,Entity
社会各阶层的欢迎,Entity
社会经济负担,BodyPart
祈求丰收和吉祥,Entity
祈求平安吉祥,Entity
祈求海神保佑,Entity
祖先,Person
祛寒,Entity
祛斑茶,Food
祛暑益气,Entity
祛暑益气食物,Entity
祛湿,Entity
祛病,Disease
祛病健体,Disease
祛病延年,Disease
祛痰,Entity
祛痰作用,Entity
祛除寒气,Entity
祛除脾胃湿气,BodyPart
祛风散湿,Entity
祛风止痒,Entity
祛风湿,Entity
祛风除湿,Entity
神,Entity
神奇靓粥,Food
神志,Entity
神志安,Entity
神志安宁,Entity
神气,Entity
神清气和,Entity
神灵,Entity
神等理论,Entity
神经内分泌系统,BodyPart
神经内分泌系统功能,BodyPart
神经功能紊乱,BodyPart
神经反射,BodyPart
神经和肌肉活动,BodyPart
神经末梢,BodyPart
神经痛,BodyPart
神经痛的高发期,BodyPart
神经痛高发,BodyPart
神经系统,BodyPart
神经系统活动减慢,BodyPart
神经细胞,BodyPart
神经衰弱,BodyPart
祭扫,Entity
祭祀牛神,Entity
祭祀祖先和神灵,Entity
祭祀节日,Entity
祭祖,Entity
祭祖扫墓,Entity
祭祖的日子,Entity
祭鱼,Food
禁忌,Entity
禁止烟火,Entity
禁烟火,Entity
禁烟节,Entity
禁蝎符,Entity
禁食生凉食物,Entity
福州,Entity
福建莆田,Entity
禹锡,Person
禽,Entity
禾,Entity
秋,Entity
秋三月,Person
秋三月，早卧早起，与鸡俱兴,Food
秋乏,Person
秋冬,Person
秋冬养阴,Person
秋冬季节,Season
秋冻,Person
秋冻适增衣,Entity
秋分,SolarTerm
秋分之后,SolarTerm
秋分以后,SolarTerm
秋分养生,SolarTerm
秋分后,SolarTerm
秋分夜,SolarTerm
秋分夜，一夜冷一夜,SolarTerm
秋分时期,SolarTerm
秋分时节,SolarTerm
秋分节气,SolarTerm
秋前北风,Entity
秋前北风马上雨，秋后北风无滴水,Entity
秋前秋后一场雨,Entity
秋前秋后一场雨之后,Entity
秋千,Person
秋后北风,Entity
秋处露秋寒霜降,SolarTerm
秋天,Season
秋天容平之气,Season
秋天的到来,Season
秋天肃杀之气,Season
秋天节气,SolarTerm
秋季,Season
秋季作物,Season
秋季出现的第一次霜,Season
秋季到冬季的过渡,Season
秋季到冬季的过渡节气,SolarTerm
秋季开始,Season
秋季最后一个节气,SolarTerm
秋季的开始,Season
秋季的第个节气,SolarTerm
秋季的终止,Season
秋季肃杀之气,Season
秋季肃杀之气对身心的影响,Season
秋季进补,Season
秋寒,Person
秋干热,Person
秋意,Person
秋意渐浓,Person
秋意渐浓，寒气渐重之时,Entity
秋收,Person
秋收作物,Person
秋旱,Person
秋旱减一半,Entity
秋末时节,SolarTerm
秋果菊藕桂花香,Food
秋梨,Person
秋燥,Person
秋燥症状,Disease
秋燥邪气,Entity
秋痱子,Person
秋碧蒿,Person
秋老虎,Person
秋色,Person
秋色的深浅,Entity
秋菜,Food
秋落落,Person
秋补,Person
秋训示,Person
秋雨,Entity
秋露白,Person
秋风,Entity
秋风渐紧和寒凉加重,Entity
秋风瑟瑟,Entity
秋风秋雨愁煞人,Entity
秋风肃杀,Entity
秋风送爽,Entity
秋高气爽,Entity
种植有芒之谷,Entity
种生,Entity
科学养生,Organization
科学合理安排,Organization
科学摄取营养,Organization
科学泡脚,Organization
科技成果生产力转化,Food
秦岭,Location
秧苗,Entity
积累,Entity
移栽油菜,Food
稀少,Entity
稀饭,Food
程江水,Person
程江水酿制,Entity
程酒,Food
稍稍往前屈或向后仰,Entity
稳定情绪,Entity
稷,Entity
稻,Entity
稼种,Entity
穴位,BodyPart
穴位按摩,BodyPart
穴位贴敷,BodyPart
空气,Entity
空气中的湿度,Entity
空气中的湿度增加,Entity
空气中雨变成雪花,Entity
空气对流旺盛,Entity
空气层,Entity
空气层稳定,Entity
空气干,Entity
空气干燥,Entity
空气新鲜,Entity
空气新鲜的地方,Entity
空气流通,Entity
空气清新,Entity
空气湿度,Entity
空气湿度减少,Entity
空气湿度加大,Entity
空气湿度增加,Entity
空气湿度增大,Entity
空气湿度小,Entity
空气湿润且不燥热,Entity
空气湿质虚弱,Entity
空气潮湿,Entity
空气的导热能力,Entity
空气相对湿度低于30%,Entity
空气质量,Entity
空气质量改善,Entity
空调,Entity
空调房间,Entity
空间,Entity
穿得过于严实,Entity
穿着衣物,Entity
穿脱方便,Entity
突变细胞,Entity
突变细胞的复原,Entity
窒息,Entity
窗户,Entity
窝头,BodyPart
立冬,SolarTerm
立冬习俗,SolarTerm
立冬习俗相关,SolarTerm
立冬十月节,SolarTerm
立冬导引法,SolarTerm
立冬种麦,SolarTerm
立冬节气,SolarTerm
立冬节气时酿酒,SolarTerm
立冬这一节气到来应防寒保暖,SolarTerm
立即前往通风处休息,Entity
立夏,SolarTerm
立夏之后,SolarTerm
立夏养生,SolarTerm
立夏后,SolarTerm
立夏四月节运主少阴一腰背向上拱起,SolarTerm
立夏导引法,SolarTerm
立夏时节,SolarTerm
立夏时节的症状,SolarTerm
立夏时节要防止三燥、小便发黄、口腔溃疡、痤疮,SolarTerm
立夏节,SolarTerm
立夏节后进入夏季,SolarTerm
立夏节气,SolarTerm
立夏足运太极式,SolarTerm
立守神,Entity
立春,SolarTerm
立春之后,SolarTerm
立春之后的韭菜,SolarTerm
立春五日后,SolarTerm
立春以后的第二个节气,SolarTerm
立春养生,SolarTerm
立春到立夏,SolarTerm
立春叠掌按髀式,SolarTerm
立春吃春饼,SolarTerm
立春吃萝卜,SolarTerm
立春后,SolarTerm
立春后十日,SolarTerm
立春时节,SolarTerm
立春正月节，运主厥阴初和方法,SolarTerm
立春篇,SolarTerm
立春至立夏,SolarTerm
立春至立夏之间,SolarTerm
立春节气,SolarTerm
立春雨水到,SolarTerm
立秋,SolarTerm
立秋一日,SolarTerm
"立秋一日,水冷三分",SolarTerm
立秋下雨,SolarTerm
立秋下雨人欢乐,SolarTerm
立秋为基点计算,SolarTerm
立秋之后,SolarTerm
立秋养生,SolarTerm
立秋到霜降之间,SolarTerm
立秋后,SolarTerm
立秋导引法,SolarTerm
立秋时节,SolarTerm
立秋期间按摩,SolarTerm
立秋的节日饮品,SolarTerm
立秋缩身拱背式,SolarTerm
站立活动,Entity
竹叶清,Entity
竹笋,Entity
第三式,Technique
第卷第期,Entity
筋骨,BodyPart
简便易行,Entity
管炎,Disease
管炎的高发期,Disease
篆香,Entity
篮装水不漏,Entity
米为主,Food
米糟,Food
米酒,Food
米雪,Food
类似中暑的症状,Disease
类似感冒的症状,Disease
类风湿性关节炎,Disease
籽粒,Entity
粗粮,Entity
粗糙纤维食物,Entity
粥,Food
粥品,Food
粥品的自然养生,Food
粥类,Food
粥食,Food
粱,Entity
粳米,Food
精力,Entity
精力充足,BodyPart
精气,Entity
精瘦肉,Food
精白面,Food
精盐,Entity
精神,Entity
精神上,Entity
精神不好,Entity
精神不振,Entity
精神不爽,Entity
精神养生,Entity
精神内守,Entity
精神分裂症,Disease
精神分裂症复发率,Disease
精神动体内热气,Entity
精神因素,Entity
精神愉悦,Entity
精神抑郁,Entity
精神状态,Entity
精神疾病,Disease
精神疾病的高发期,Disease
精神病,Disease
精神的振奋,Entity
精神紧张,Entity
精神调养,Entity
精神调摄,Entity
精神调节,Entity
精神饱满,Entity
精肉,Food
糍粑,Entity
糖,Entity
糖尿病,Disease
糖尿病性溃疡,Disease
糖尿病患者,Disease
糖水,Entity
糖的分解代谢,Entity
糖盐水,Entity
糖类,Entity
糜角解,Person
糯米,Food
糯米饭,Food
素问,Entity
素问·四气调神大论,Entity
素问·四气调神论,Entity
素问·至真要大论,Entity
素问•上古天真论,Entity
素问•上古天真论篇,Entity
素问•四气调神大论,Entity
素问•宣明二十四节气中，立春、立夏、立秋、立冬个明五气篇,SolarTerm
素问•藏气法时论,Entity
紧张,Entity
紧张工作,Entity
紫外线,Entity
紫外线增强,Entity
紫苏,Entity
紫苏粥,Food
紫菜,Food
红入心,BodyPart
红叶,Entity
红外线,Entity
红小豆粥,Food
红枣,Food
红眼病,Disease
红糖,Entity
红糖姜茶,Food
红糖姜茶缓解,Food
红色,Entity
红色衣服,Entity
红萝卜竹蔗水,Entity
红薯,Entity
纤维素,Entity
纬·孝经援神契,BodyPart
纬度,Entity
纯天然的香品,Entity
纯棉质,Entity
纱布,Entity
纳凉,Entity
纳凉至深夜,Entity
纸灰飞作白蝴蝶,Entity
练‘小满四月坐功,SolarTerm
练习,Entity
练习书法,Entity
练五禽戏,Entity
练健身操,Entity
练形体,Entity
细丝,Entity
细嚼慢咽,BodyPart
细土,Entity
细胞膜,Entity
细菌,Entity
细菌和病毒生长繁殖,Disease
细菌生长繁殖快,Entity
细菌病,Disease
细菌病滋生,Disease
终也,Entity
终霜,Entity
经常晒晒,BodyPart
经常洗澡,BodyPart
经期前后,BodyPart
经济发展,BodyPart
经络,BodyPart
经络与主气规律,BodyPart
经络具有调节百病的作用,Disease
经络养生,BodyPart
经络养生方法,BodyPart
经络学说,BodyPart
经络理论,BodyPart
经络畅通,BodyPart
经络的时间配伍规律,BodyPart
经络适配,BodyPart
经脉,BodyPart
经脉图,BodyPart
经脉能够决定生死，调理虚实,BodyPart
经阴道超声检查,BodyPart
结核,Entity
结膜炎,Disease
继续教育学员了解,Entity
维持生理阴阳平衡,Entity
维持肝脾阴阳平衡,BodyPart
维持肠道功能,BodyPart
维生素,Entity
维生素摄入,Entity
维生素缺乏,Entity
绿叶菜,Food
绿叶蔬菜,Food
绿树浓阴,Entity
绿豆,Food
绿豆汤,Food
绿豆粥,Food
绿豆芽,Food
缓慢的新陈代谢,Entity
缓慢而有节奏,Entity
缓摩,Entity
缓解厌食,Entity
缓解心悸,BodyPart
缓解心痛,BodyPart
缓解悲伤情绪,Entity
缓解情绪压抑,Entity
缓解情绪波动,Entity
缓解春困,Entity
缓解疲乏,Entity
缓解疲劳,Entity
缓解疲劳乏力,Entity
缓解症状,Disease
缓解秋乏,Entity
缓解秋燥,Entity
缓解肌肉疲倦,Food
缓解胸闷,BodyPart
缓解郁滞,Entity
缩体闭,Entity
缩体闭暖,Entity
缩进,Entity
缺盆肿痛,Entity
缺盆部,Entity
羊肉,Food
羊肉白萝卜汤,Food
羊肉胡萝卜汤,Food
美味汤,Food
美容,Entity
美容养颜,Entity
美容美体,Entity
美容美体效果,Food
美称,Entity
美腿,Entity
羟色胺,Entity
羟色胺功能减弱,Entity
群芳谱,Entity
群鸟养羞,Entity
群鸟归,Entity
耀日术家,Entity
耀眼且清亮,Entity
老中医,Entity
老人,Entity
老人之大患,Entity
老人们,Entity
老北京,Location
老寒腿,Entity
老少皆宜,Entity
老年,Entity
老年人,Entity
老年人动作缓慢,Entity
老年人宜遇有睡意则就枕,Entity
老年人患感冒,Disease
老年人的最佳锻炼方法,Entity
老年人的气血,Entity
老年人肌肉萎缩,Food
老年体弱者,Entity
老年夫妇,Entity
老年慢性支气管炎,Disease
老年慢性支气管炎的急性发作,Disease
老年痴呆,Entity
老年群体中需注意防护,Entity
老年肺炎,Disease
老年肾虚,Entity
老年骨质疏松症,Disease
老年高血压,Disease
老慢支,Entity
老老恒言,Entity
老花眼,Entity
老鸭,Food
老鹰,Entity
耐受力,Entity
耐寒力差的人,Entity
耐寒训练,Entity
耗气怒,Entity
耗热量,Entity
耳,Entity
耳后痛,Entity
耳无阳,Entity
耳朵穴位按摩,BodyPart
耳朵运动按摩法,Entity
耳的正面,Food
耳的背面,BodyPart
耳聋,Entity
耳鸣,Entity
耸身上踊,Entity
聒噪鸣叫,Entity
聚湿,Entity
聪耳,Entity
肃杀,Entity
肃杀之气,Entity
肉,Food
肉类,Food
肉类加工方式,Technique
肉色由鲜转暗,Food
肋间神经痛,BodyPart
肌体丰盈,Entity
肌体抵抗力,Entity
肌体抵抗力减弱,Entity
肌肉,Food
肌肉力量,Food
肌肉放松,Food
肌肉疲倦,Food
肌肉的反射活动,Food
肌肉的血液循环,Food
肌肉若一,Food
肌肉萎缩,Food
肌肤,Entity
肌肤水汪汪,Entity
肌肤麻木,Entity
肘臂诸痛,Entity
肚脐下,Entity
肚腹受凉,BodyPart
肝,BodyPart
肝、脾、肺经,BodyPart
肝主疏泄,BodyPart
肝之不足,BodyPart
肝保持活力,BodyPart
肝功能,BodyPart
肝功能偏亢,BodyPart
肝区疼痛,BodyPart
肝属木,BodyPart
肝木,BodyPart
肝木旺,BodyPart
肝木的疏泄,BodyPart
肝木过旺,BodyPart
肝气,BodyPart
肝气旺盛,BodyPart
肝气疏泄,BodyPart
肝气调节,BodyPart
肝气过旺,BodyPart
肝气逐渐增强,BodyPart
肝气郁结引起的黄褐斑,BodyPart
肝火,BodyPart
肝火上升,BodyPart
肝火妄动,BodyPart
肝火旺,BodyPart
肝火旺盛,BodyPart
肝火过旺,BodyPart
肝炎,Disease
肝病,Disease
肝病的高发季节,Season
肝的保养,BodyPart
肝相关,BodyPart
肝经,BodyPart
肝经循行时,BodyPart
肝肾,BodyPart
肝胆,BodyPart
肝脏,BodyPart
肝脏功能下降,BodyPart
肝脏有益,BodyPart
肝脏气血郁滞,BodyPart
肝脏转化为胆汁酸,BodyPart
肝逆,BodyPart
肝阳过亢,BodyPart
肠胃,BodyPart
肠胃不好,BodyPart
肠胃不适,BodyPart
肠胃内热,BodyPart
肠胃内热蓄积,BodyPart
肠胃消化问题,BodyPart
肠胃疾病,Disease
肠胃负担,BodyPart
肠胃运化,BodyPart
肠胃运化转旺,BodyPart
肠道,BodyPart
肠道传染病,Disease
肠道传染病的多发季节,Season
肠道传染病的高发期,Disease
肠道内热堆积,BodyPart
肠道功能,BodyPart
肠道疾病,Disease
肢体,Entity
肢体困重,Entity
肢体末端的皮肤,Entity
肢体末端的皮肤开裂,Entity
肥,Entity
肥甘厚味,Entity
肥胖,Entity
肥胖高血压,Disease
肥腻食物,Entity
肥蟹,Entity
肩周炎,Disease
肩背痛,BodyPart
肩背胸痛,BodyPart
肩腰腿痛,BodyPart
肩臑痛,Entity
肩部,Entity
肺,BodyPart
肺中残留的废气,BodyPart
肺功能,BodyPart
肺园,BodyPart
肺是水上之源,BodyPart
肺气,BodyPart
肺气保养,BodyPart
肺气肿,BodyPart
肺气舒畅,BodyPart
肺活量,BodyPart
肺火,BodyPart
肺火盛,BodyPart
肺炎,Disease
肺炎的高发期,Disease
肺炎高发期,Disease
肺热,BodyPart
肺燥,BodyPart
肺疾,BodyPart
肺的保养,BodyPart
肺经,BodyPart
肺结核,BodyPart
肺肝,BodyPart
肺脏,BodyPart
肺腑蕴滞邪毒,BodyPart
肺虚咳嗽,BodyPart
肺金,BodyPart
肺金克制,BodyPart
肺金的克制,BodyPart
肾,Entity
肾主收藏,Entity
肾开始收藏阳气,Entity
肾有直接关系,Entity
肾气,Entity
肾气不足,BodyPart
肾水,Entity
肾水不足引起的黄褐斑,BodyPart
肾水的涵养,Entity
肾经,BodyPart
肾脏,Entity
肾脏疾病,Disease
肾虚状态,Entity
肾虚遗精,Entity
肾阳,Entity
肾阳提升,Entity
肾阴,Entity
肾阴不足,BodyPart
肿胀,Entity
胀感,Entity
胃,BodyPart
胃动力药,BodyPart
胃口,BodyPart
胃口变差,BodyPart
胃口大开,BodyPart
胃强者,BodyPart
胃气,BodyPart
胃液,BodyPart
胃液分泌增多,BodyPart
胃火盛,BodyPart
胃炎,Disease
胃病,Disease
胃病复发的高峰期,Disease
胃病患者病情加重,Disease
胃痛,BodyPart
胃痛症状,Disease
胃经,BodyPart
胃经按摩,BodyPart
胃肠,BodyPart
胃肠敏感状态,BodyPart
胃肠疾病,Disease
胃肠的防御屏障,BodyPart
胃肠蠕动,BodyPart
胃肠血液供应,BodyPart
胃肠道,BodyPart
胃肠黏膜,BodyPart
胃肠黏膜的防御屏障,BodyPart
胃部保暖,BodyPart
胃部养护的开始,BodyPart
胃酸过多,BodyPart
胃酸过多者,BodyPart
胆主升阳,Entity
胆囊炎,Disease
胆固醇,Entity
胆汁酸,Entity
胆碱,Entity
胆经,BodyPart
胆结石,Entity
胆阳,Entity
背,BodyPart
背日光而坐,BodyPart
背痛,BodyPart
背部,BodyPart
背部最高点,BodyPart
胖大海,Entity
胡学慧,Person
胡椒,Person
胡椒煲猪肚,Entity
胡萝卜,Person
胶州,Entity
胸,BodyPart
胸满,BodyPart
胸胁积滞,BodyPart
胸胁胀满,BodyPart
胸背痛,BodyPart
胸膈胀满,BodyPart
胸部,BodyPart
胸部受压最小,BodyPart
胸闷,BodyPart
胸闷咳喘,BodyPart
胸闷咳喘者,BodyPart
能学习其他鸟鸣叫,Entity
能量,Entity
能量消耗,Entity
能量消耗相关,Entity
能防老抗衰,Entity
脂肪,Entity
脂肪杀手,BodyPart
脂肪的分解代谢,Entity
脉管,BodyPart
脊柱,Entity
脊柱全貌,Entity
脊梁,Entity
脊梁得有微暖,Entity
脏气,Entity
脏腑,Entity
脏腑功能失调,Entity
脏腑功能正常,Entity
脏腑经络,BodyPart
脐上热,Entity
脑内-羟色胺,Entity
脑出血,Entity
脑动脉硬化,BodyPart
脑梗,Entity
脑梗死,Entity
脑细胞,Entity
脑膜炎,Disease
脑膜炎高发期,Disease
脑血栓,Entity
脑血栓发病率增加,Disease
脑血栓发病率增加相关,Disease
脑血管病,Disease
脑部供血,Entity
脑部供血不足,BodyPart
脑部供血量,Entity
脑部供血量不足,BodyPart
脖项,Entity
脖项向左扭转牵引,Entity
脘腹不舒,BodyPart
脘腹胀满,BodyPart
脚,Entity
脚不露,Entity
脚冰凉,Entity
脚在下为阴,Entity
脚寒,Entity
脚尖,Entity
脚尖回勾,Entity
脚底的经络,BodyPart
脚气,Entity
脚趾,Entity
脚趾操,Entity
脚部,Entity
脚部体操,Entity
脚部保暖,Entity
脚部受寒,Entity
脚部相关,Entity
脚部穴位按摩法,BodyPart
脱色,Entity
脱落,Entity
脸上的疙瘩,Entity
脸上的疙瘩增多,Entity
脸上的黑斑,Entity
脸上黑斑,Entity
脸冒油,Entity
脸盆,Entity
脸红的人,Entity
脸色黯淡,Entity
脸部红肿,Entity
脸部肌肉,Food
脾,BodyPart
脾俞,BodyPart
脾功能,BodyPart
脾功能受影响,BodyPart
脾土,BodyPart
脾土被克制,BodyPart
脾气,BodyPart
脾气大,BodyPart
脾湿,BodyPart
脾的功能,BodyPart
脾经,BodyPart
脾胃,BodyPart
脾胃不好,BodyPart
脾胃不好的人群,BodyPart
脾胃为湿所困,BodyPart
脾胃为湿所困相关,BodyPart
脾胃产生不良影响,BodyPart
脾胃功能,BodyPart
脾胃受寒,BodyPart
脾胃受湿,BodyPart
脾胃有关,BodyPart
脾胃机能,BodyPart
脾胃机能异常,BodyPart
脾胃消化功能,BodyPart
脾胃湿气,BodyPart
脾胃的阳气,BodyPart
脾胃虚寒,BodyPart
脾胃虚寒者,BodyPart
脾胃虚弱,BodyPart
脾胃虚弱者,BodyPart
脾胃运化功能,BodyPart
脾胃阳气,BodyPart
脾胃阳气有害,BodyPart
脾胃阳气相关,BodyPart
脾脏,BodyPart
脾虚,BodyPart
脾虚泄泻,BodyPart
脾阳,BodyPart
腊八粥,Food
腊月,Entity
腋下肿,Entity
腌制咸货,Entity
腌肉,Food
腌菜,Food
腐草,Entity
腐草为萤,Entity
腐草变,Entity
腕横纹,Entity
腕横纹上寸,Entity
腕横纹上寸处,Entity
腠理,Entity
腠理开泄,Entity
腠理疏,Entity
腮腺炎,Disease
腮腺炎高发期,Disease
腰痛,BodyPart
腰痛不可俯仰,BodyPart
腰背,BodyPart
腰背酸疼,BodyPart
腰背酸痛,BodyPart
腰腿痛,BodyPart
腹,BodyPart
腹式呼吸,Technique
腹式深呼吸,Technique
腹泻,BodyPart
腹痛,BodyPart
腹胀,BodyPart
腹胃虚,BodyPart
腹胃虚者,BodyPart
腹部,BodyPart
腹部保暖,BodyPart
腹部深呼吸,BodyPart
腹部着凉,BodyPart
腺体,Entity
腿,Entity
腿粗,Entity
腿粗问题,Entity
腿脚,Entity
腿部,Entity
膀胱经,BodyPart
膏脉动,BodyPart
膝关节骨性关节炎,Disease
自上而下按摩20次,Entity
自主神经功能,BodyPart
自主神经功能紊乱,BodyPart
自北向南逐渐推迟,Entity
自我保健,Entity
自我保养,Entity
自我按摩,Entity
自杀率,Entity
自杀率上升,Entity
自然,Entity
自然之气,Entity
自然变化,Entity
自然物候现象,Entity
自然界,Entity
自然界变化,Entity
自然界气温变化,Entity
自然界的花草树木、飞禽走兽按一定季节时令活动,Season
自然界转化而潜藏,Entity
自然界闭藏之规律,Entity
自然盘坐,Entity
自然节气,SolarTerm
自西向东环流波动,Entity
自身情况,Entity
自高山向平原逐渐推迟,Entity
致害温度,Entity
致病细菌,Disease
致病细菌和病毒生长繁殖加快,Disease
致病菌,Disease
舌,Entity
舌头,BodyPart
舌头的活动,BodyPart
舌头运动,BodyPart
舌头运动方法,BodyPart
舌燥,Entity
舒展肝气,BodyPart
舒畅,Person
舒筋骨,BodyPart
舒缓烦躁,Person
舒肝养血,BodyPart
舒适,Person
良好的滋补三脏效果,Food
良好的生活习惯,Entity
良种,Entity
色香俱佳,Entity
艺术硕士,Entity
艺术设计,Entity
艺术设计学院,Organization
艾叶,Entity
艾草,Entity
节令,Entity
节令固定搭配,Entity
节制房事,Entity
节奏和缓的运动,Entity
节室房,Entity
节日祭品,Entity
节气,SolarTerm
节气与养生,SolarTerm
节气习俗,SolarTerm
节气养生,SolarTerm
节气养生应晚起、避寒就温,SolarTerm
节气养生指南,SolarTerm
节气养生的精髓,SolarTerm
节气养生相关,SolarTerm
节气变化,SolarTerm
节气歌谣,SolarTerm
节气特点,SolarTerm
节气特点泡脚,SolarTerm
节气的第二个环节,SolarTerm
节气相副,SolarTerm
节气符合,SolarTerm
节气解说,SolarTerm
节气配动作,SolarTerm
芋头,BodyPart
芒种,SolarTerm
芒种养生,SolarTerm
芒种忙忙种,SolarTerm
芒种日,SolarTerm
芒种时期,SolarTerm
芒种时节,SolarTerm
芒种节气,SolarTerm
芒种节气期间,SolarTerm
芒种雨多气温高,SolarTerm
芝麻,Entity
芡实,Entity
芡实养生粥,Food
芥末,Entity
芥菜,Food
芦笋,Entity
芦荟,Entity
芫茜,Entity
花开朗秀,Person
花开游园情志畅,Entity
花开花落,Person
花木凋零,Person
花样多样,Person
花椒,Person
花生,Person
花粉,Person
花粉增多,Person
花粉暴露风险,Entity
花粉热,Person
花粉热的表现,Entity
花粉过敏,Person
花香鸟语,Person
芳香化浊,Entity
芹菜,Food
芹菜炒香菇,Food
芽菜,Food
苍术,Entity
苍蝇,Entity
苍蝇四处乱飞,Entity
苏北地区,Location
苏家,Person
苏浙一带,Person
苏轼,Person
苗期生长,Person
苦,Entity
苦中带涩,Entity
苦味,Entity
苦味食物,Entity
苦夏,Entity
苦夏散步,Entity
苦夏的结束,Entity
苦寒勿怨天雨雪，雪来遗到明年麦,Entity
苦瓜,Food
苦瓜素,Food
苦菜,Food
苦菜相关,Food
苦菜秀,Food
苹果,Food
茄子,Entity
茅根,Person
茉莉花茶,Food
茭白,Entity
茯苓,Entity
茴香,Entity
茶农,Food
茶农进行,Food
茶水,Food
茶节,Food
茶薷,Food
茼蒿,Entity
草木,Entity
草木以水为辅,Entity
草木凋零,Entity
草木吐绿,Entity
草木的生长萌芽期,Entity
草木萌动,Entity
草莓,Entity
草菇豆腐羹,Food
草长莺飞,Entity
草鱼,Food
荒郊野外,Entity
荔枝,Entity
荞麦,Entity
荠菜,Food
荡秋千,Entity
荣发固发,Person
药品,Entity
药店,Entity
药店购买,Entity
药方,Entity
药物,Entity
药物调养,Entity
药膳,Entity
药补,Entity
药饵,Entity
荷兰,Entity
荷叶,Entity
荷叶粥,Food
荷叶细丝,Entity
荷叶鸭,Food
荷尽已无擎雨盖,Entity
荸荠,Entity
荸荠豆浆饮,Food
莲子,Entity
莲子百合煲,Entity
莲子银耳汤,Food
莲心,BodyPart
莲藕,Entity
莲藕排骨汤,BodyPart
莴笋,Entity
莴苣,Entity
莼菜,Food
莼菜汤,Food
菊残犹有霜枝,Entity
菊花,Entity
菊花傲然怒放,Entity
菊花茶,Food
菊黄,Entity
菊黄蟹肥,Entity
菌,Entity
菌类,Entity
菜中甘草,Food
菜园,Food
菜汤,Food
菜的时节,SolarTerm
菜花,Food
菜蔬,Food
菠菜,Food
菠菜豆腐汤,Food
萌动,Entity
萎靡不振,Entity
萝卜,Entity
萤火虫,Entity
萤火虫产卵,Entity
营,Entity
营养,Entity
营养不良,Entity
营养丰富的食品,Entity
营养五脏,Entity
营养价值,Entity
营养供应减少,Entity
营养利用效率,Entity
营养学,Entity
营养摄取,Entity
营养的吸收,Entity
营养缺乏,Entity
营卫,Entity
营血,Entity
落叶,Entity
落叶纷飞,Entity
落地即化,Entity
落过无车路,Entity
葡萄,Entity
葡萄糖,Entity
葡萄酒,Food
葱,Entity
葱、姜等辛味之品,Entity
葱头,BodyPart
葱姜,Entity
葱白,Entity
蒙古冷高压,Entity
蒙头而卧,BodyPart
蒜,Entity
蒜泥,Entity
蒜苗,Entity
蒯京,Entity
蒲公英,Entity
蒸发,Entity
蒸发大,Entity
蒸发强烈,Entity
蔬,Entity
蔬菜,Food
蔬菜水果,Food
蔬菜豆类,Food
蕃运,Entity
薄棉被,Entity
薄荷叶,Entity
薄衣,Entity
薏米,Food
薏苡仁,Entity
藏德不止,Entity
藏阳,Entity
藏青色,Entity
藕,Entity
藿香叶,Entity
藿香叶粥,Food
蘑菇皇后,Entity
虎口,Entity
虚不受补,Entity
虚劳,Entity
虚实,Entity
虚邪贼风,Entity
虚邪贼风有机可乘,Entity
虫卵,Entity
虫卵孵化,Entity
虫鸣,Entity
虹藏不见,Entity
虾,Entity
蚊虫,Entity
蚊虫多,Entity
蚊虫鼠蚁从冬眠中苏醒,Entity
蚊驱虫,Entity
蚌肉,Food
蚯蚓,Entity
蚯蚓从湿润的泥土里钻出,Entity
蚯蚓出,Entity
蚯蚓经起始于足,BodyPart
蚯蚓翻土,Entity
蛋,Entity
蛋白质,Entity
蛋白质丰富的食物,Entity
蛋白质的分解代谢,Entity
蛋类,Entity
蛋类食品,Entity
蛤蟆油,Entity
蛰伏,Entity
蛰伏动物苏醒,Entity
蛰伏的昆虫,Entity
蛰居的虫子,Entity
蛰居的虫子开始苏醒,Entity
蛰虫伏藏,Entity
蛰虫惊而出走,Entity
蜂蜜,Food
蜂蜜水,Food
蜜水,Entity
蜜汁藕,Entity
蜜汤白开水,Food
蜷缩身体,Entity
蝉,Entity
蝉始鸣,Entity
蝼蝈,Entity
蝼蝈鸣,Entity
螃蟹,Entity
融息,Entity
融洽感情,Entity
螳螂,Entity
螳螂生,Entity
蟋蟀,Entity
蟋蟀居宇,Entity
蟋蟀的维生素,Entity
蟋蟀的维生素含量高,Entity
蟹,Entity
蟹肥,Entity
蟹脚痒,Entity
蟹黄,Entity
血压,Entity
血压偏低,Entity
血压升高,Entity
血压骤升,Entity
血容量减少,Entity
血栓,Entity
血泪染成红杜鹃,Entity
血流速度,Entity
血流速度减慢,Entity
血液,Entity
血液供应,Entity
血液和激素活动高峰期,Entity
血液大量集中于体表,Entity
血液循环,Entity
血液循环减慢,Entity
血液循环变缓,Entity
血液流通,Entity
血液速度,Entity
血热一扫光,Entity
血热的人,Entity
血管,Entity
血管性溃疡,Entity
血管扩张,Entity
血管的收缩与舒张功能,Entity
血糖,Entity
血脂,Entity
血脉,BodyPart
血脉阻滞,BodyPart
血解毒,Entity
行房事,Entity
行气活血,Entity
衣单被薄,Entity
衣服,Entity
衣物,Entity
衣物变单薄,Entity
衣物生霉菌,Entity
衣着,Entity
衣着不宜过少过薄,Entity
衣着变单薄,Entity
补中,Entity
补中益气,Entity
补中益气汤,Food
补充,Entity
补充丢失的水分,Entity
补充体力,Entity
补充夏季的消耗,Season
补充微量元素,Entity
补充水分,Entity
补充润燥的食品,Entity
补充营养,Entity
补充身体水分,Entity
补养,Entity
补养品,Entity
补冬,Entity
补品,Entity
补土荣木,Entity
补心,BodyPart
补气,Entity
补气健脾,BodyPart
补水,Entity
补泻,Entity
补益,Entity
补益先天元气,Entity
补益身体,Entity
补筋骨,BodyPart
补精功能,Entity
补肝,BodyPart
补肝肾,BodyPart
补肾,Entity
补肾养心,BodyPart
补肾养心、以水济火、阳中练阴、阴中练阳,BodyPart
补肾藏精,Entity
补脾,BodyPart
补脾养胃,BodyPart
补脾胃,BodyPart
补脾胃的作用,BodyPart
补膏方,Entity
补虚,Entity
补虚益身,Entity
补血气,Entity
补血气食物,Entity
补血行水,Entity
补血食物,Entity
补阳气,Entity
补霜降,SolarTerm
表现图14,Entity
表面有液体渗出,Food
衰老,Entity
被发缓形,Entity
被子,Entity
被褥,Entity
裕康,Entity
褪色,Entity
西北,Entity
西北地区,Location
西北进入秋季,Season
西北雨,Entity
西北风,Entity
西北高原,Entity
西北高原山地,Entity
西南和华南地区呈现暖春,Location
西南地区,Location
西南地区东部,Location
西汉,Entity
西洋参,Entity
西瓜,Food
西瓜汁,Food
西疆杂述,Entity
西红柿,Entity
西风,Entity
西风响，蟹脚痒,Entity
西风带,Entity
观景纳凉,Entity
规律生活,Entity
视力下降,Entity
视情志养生,Entity
解乏消疲,Person
解冻,Person
解放军健康,Entity
解毒,Person
解渴佳品,Person
解热防暑,Person
解药毒,Person
解表,Person
解酒,Food
计划生育政策,Entity
认真锻炼,Entity
记忆力,Entity
记忆力下降,Entity
记忆力提高,Entity
许文学,Person
说文解字,Entity
请左邻右舍,Entity
诸阳之会,Person
调养,Entity
调养体质,Entity
调养脾胃,BodyPart
调养身体,Entity
调养阴经的关键期,BodyPart
调动肺部阳气,BodyPart
调和半阴阳,Entity
调和阴阳,Entity
调息,Entity
调息净心,BodyPart
调息吐纳,Entity
调息静心,BodyPart
调息静气,Entity
调情绪,Entity
调摄人体,Entity
调整人体阴阳平衡,Entity
调整呼吸,Entity
调整起居活动,Entity
调整饮食,Entity
调理,Entity
调理体内阴阳平衡,Entity
调理方法,Entity
调理脾胃,BodyPart
调理脾胃须单,BodyPart
调理起居,Entity
调理身体,Entity
调盆,Entity
调节中枢神经系统,BodyPart
调节人体阴阳协调,Entity
调节情绪使肝经舒畅,BodyPart
调节月经相关状态,BodyPart
调节气机,SolarTerm
调节气血,SolarTerm
调节精神,Entity
调节身心情志,BodyPart
调补阳气,Entity
调达肝气,BodyPart
调达肝气和阴阳,BodyPart
调达肝气防郁痹,BodyPart
调饮食,Entity
谚语'冷在三九，热在中伏'相吻合,Entity
谢姓,Person
谨防外感,Entity
谭,Entity
谷,Entity
谷、肉、蔬、果合理搭配,Food
谷于水也,Person
谷子,Person
谷气,Entity
谷雨,SolarTerm
谷雨以后,SolarTerm
谷雨养生汤,SolarTerm
谷雨养生赏析,SolarTerm
谷雨夏未到，冷意,SolarTerm
谷雨断霜,SolarTerm
谷雨时节,SolarTerm
谷雨期间,SolarTerm
谷雨节气,SolarTerm
谷雨节气当令及前后各一天,SolarTerm
谷雨花,SolarTerm
谷雨阴沉沉，立夏雨淋淋,SolarTerm
谷雨，谷得雨而生也,SolarTerm
谷鸟,Person
谷鸟提醒人们播种,Entity
豆制品,Food
豆浆,Food
豆类,Food
豆肉,Food
豆腐,Food
豆芽,Food
豆芽菜,Food
豆苗,Food
豆蔻,Food
豇豆,Food
豌豆苗,Food
负日之暄,Entity
败心火,BodyPart
败火,Entity
败酱草,Entity
贪凉,Entity
贪图寒凉,Entity
贪多,Entity
贫血,Entity
贫血、胃肠疾病,Disease
贫血症,Disease
贫血症患者健康,Disease
贴敷,Entity
贵州,Entity
贵州局部地区有雷声,Location
赏景,Entity
赏而勿罚,Entity
赏花,Entity
赠送西瓜,Food
赤小豆,Food
赤箭,Entity
赤脚,Entity
赤膊露体,Entity
赤道,Entity
走在鹅卵石上,Entity
走路,Entity
走路要人牵,Entity
赶上,Entity
赶跑瞌睡虫,Entity
起始时刻,Entity
起居,Entity
起居作息,Entity
起居作息要相应调整,Entity
起居养生,Entity
起居劳作,Entity
起居劳逸调养,Entity
起居建议为晚睡早起,Entity
起居方式,Technique
起居有度,Entity
起居调摄,Entity
起居调节,Entity
起床去工作或学习,Entity
超过一半,Entity
越冬做准备,Entity
越冬期,Entity
足,BodyPart
足三里,BodyPart
足三里穴,BodyPart
足三阳经,BodyPart
足三阴经,BodyPart
足为肾之根,BodyPart
足厥,BodyPart
足厥阴肝经,BodyPart
足太阳膀胱经,BodyPart
足太阴脾经,BodyPart
足少阳胆,BodyPart
足少阳胆经,BodyPart
足少阴肾经,BodyPart
足尖,BodyPart
足底,BodyPart
足疗,BodyPart
足经络,BodyPart
足运太极式,Technique
足部,BodyPart
足部保暖,BodyPart
足阳明胃经,BodyPart
跑步,Entity
路边的椅凳,Entity
踏青,Entity
踢毽子,Entity
蹴鞠,Entity
躁热之物,Entity
身,Entity
身不露,Entity
身不露，着凉易泻肚,Entity
身体,Entity
身体不适,Entity
身体亏虚,Entity
身体代谢能力,Entity
身体体质,Entity
身体健康,Entity
身体健康有益,Entity
身体健康长痤疮,Entity
身体出汗,Entity
身体出汗明显减少,Entity
身体反复补充阳气,Entity
身体变凉,Entity
身体变轻且健康,Entity
身体向左右扭动,Entity
身体困倦,Entity
身体慢慢往下压,Entity
身体有益,Entity
身体机能,Entity
身体沉困无力,Entity
身体潜能,Entity
身体素质,Entity
身体能够适应,Entity
身体脏腑功能正常,Entity
身体表面,Food
身体适应性,Entity
身体锻炼,Entity
身体阴阳,Entity
身体阴阳变化,Entity
身体降温,Entity
身体需要恢复,Entity
身心,BodyPart
身心健康,BodyPart
身放松,Entity
身放松导致脊柱形成弓形,Entity
身无奇病,Disease
身湿,Entity
身轻体健,Entity
躯体疾病,Disease
躯体疾病康复,Disease
躲藏、终止,Entity
转头,BodyPart
转暖,Entity
转移,Entity
轻型中风,Entity
轻易运用发汗之剂,Entity
轻触即感透心凉意,BodyPart
轻轻拍打,Entity
较大的温差,Entity
较早,Entity
辐射热,Entity
输尿管下段,Entity
辛味之品,Entity
辛味食物,Entity
辛温通气,Entity
辛甘发散,Entity
辛苦、温,Entity
辛辣刺激,Entity
辛辣刺激性调料,Entity
辛辣刺激的食品,Entity
辛辣烧烤类食物,Entity
辛辣燥热,Entity
辛辣燥热食物,Entity
辛辣的食物,Entity
辛辣酸咸甘肥之品,Entity
辛辣食物,Entity
辣味,Entity
辣椒,Entity
辣素、树脂、淀粉和纤维等物质,Entity
达到养生,Entity
达到天人合用,Entity
达到最高,Entity
达到鼎盛,Entity
迅速升高,Entity
过了白露节，夜寒日里热,SolarTerm
过于剧烈的运动,Entity
过于剧烈运动,Entity
过于旺盛,Entity
过分剧烈的活动,Entity
过多的雨水,SolarTerm
过年,Entity
过度使用电扇和空调,Entity
过度劳累,Entity
过度困乏,Entity
过度夏生,Entity
过度忧虑,Entity
过度思虑,Entity
过度用力,Entity
过度疲劳,Entity
过敏,Entity
过敏体质人群,Entity
过敏体质者,Entity
过敏反应,Entity
过敏性哮喘,Disease
过敏性疾病,Disease
过敏性鼻炎,Disease
过早起床晨练,Entity
过此即失效,Entity
过水面,Food
过水面习俗,Food
过渡阶段,Entity
过立秋,SolarTerm
过量食用,Entity
过食,Entity
过饱,Entity
迎接新岁美好光景的重要活动,Entity
迎秋,Entity
迎风,Entity
运主厥阴初气,Entity
运主阳明,Entity
运动,Entity
运动养生,Entity
运动场所,Entity
运动强度,Entity
运动方式,Technique
运动时注意强度,Entity
运动时间,Entity
运动环境,Entity
运动过程,Entity
运动适宜性,Entity
运动量,Entity
运动锻炼,Entity
运化多余湿气,Entity
运化无力,Entity
运气,Entity
运气学说,Entity
运气理论,Entity
运气理论重在实践应用,Entity
运气相关,Entity
运气论奥,Entity
运湿,Entity
运送精微,Entity
近地面热气,Food
近年来,Entity
近视,Entity
返青生长的作物,Entity
这一节气,SolarTerm
这三个穴位,BodyPart
这个季节,Season
这个方法,Entity
这段时间,Entity
这种方法,Entity
进入梅雨季节,Season
进入绿树浓阴夏日长的状态,Entity
进行10次深呼吸运动,Entity
进行合理的调配和养护,Entity
进行晒太阳,Entity
进行深沉而缓慢的呼吸,Entity
进行耐寒训练,Entity
进补,Entity
进补佳品,Entity
进补时节,SolarTerm
进补有关,Entity
进补食物,Entity
进食不化,Entity
进食肥蟹,Entity
进食高热量食品,Entity
远离秋燥,Entity
远程教育学子了解,Entity
连续5日日平均温度低于22℃,Entity
连绵的阴雨,Entity
连绵的阴雨期间,Entity
连绵阴雨,Entity
连绵阴雨天气,Entity
连阴雨,Entity
连阴雨天,Entity
连阴雨天气,Entity
追远活动,Entity
适中,Entity
适合出游,Entity
适合处暑节气食用的食物,SolarTerm
适合迎秋赏景,Entity
适应自然变化,Entity
适度,Entity
适度的运动,Entity
适当保暖防寒,Entity
适当午休,Entity
适当搭配粗粮,Entity
适当添加衣物,Entity
适当添衣,Entity
适当进行锻炼,Entity
适当锻炼,Entity
适当锻炼导引功,Technique
适时增减衣物,Entity
适时添加衣服,Entity
适时添衣,Entity
适温寒,Entity
适量增加,Entity
适量户外运动,Entity
适量运动,Entity
适量进行,Entity
适量食用酸味果蔬,Food
适量食鱼,Food
适量饮用,Entity
逆其根则伐其本，坏其真矣,Entity
逆时针,Entity
逆时针转动划圆,Entity
逆转,Entity
选择一到两段单独练习,Entity
选择合适衣服,Entity
透光,Entity
透气性,Entity
透气性好,Entity
逐渐干涸,Entity
逐渐移向南半球,Entity
逐渐转凉,Entity
通便排毒,Entity
通便润肠之功效,BodyPart
通化反复无常,Entity
通大便,Entity
通气,Entity
通气血,Entity
通经活络,BodyPart
通肝气,BodyPart
通血脉,BodyPart
通过鼻腔,BodyPart
通风,Entity
通风处,Entity
速度加快,Entity
逸周书,Entity
遇到烦恼时倾诉,Entity
遇恶劣天气时进行室内活动,Entity
遍体和畅,Entity
道路两旁的霜,Entity
遗尿,Entity
遭神惩罚,Entity
遮阳伞,Entity
遮阳帽,Entity
遵生八笺,Entity
避免,Entity
避免中暑,Disease
避免久居潮湿之地,Entity
避免受凉感冒,Disease
避免受寒感冒,Disease
避免大汗,Entity
避免太阳直射,Entity
避免妄动肝火,BodyPart
避免寒凉损害健康,Entity
避免引起感冒,Disease
避免强求名利,Entity
避免情绪波动,Entity
避免情绪消极低落,Entity
避免湿气郁积,Entity
避免炎热,Disease
避免熬夜,Entity
避免疰,Entity
避免痔疮,Entity
避免着凉引发感冒,Disease
避免睡时着凉,Entity
避免秋痱子,Entity
避免空气流通,Entity
避免腹泻,BodyPart
避免辛辣食物,Entity
避免过度劳累,Entity
避免过度思虑,Entity
避免过度疲劳,Entity
避免过量食用,Entity
避免迎风或露天睡觉,Entity
避免雨淋,Entity
避免风邪寒气进入,Entity
避免食用苦瓜,Food
避免食用莴笋,Entity
避开潮湿环境,Entity
避暑乘凉,Entity
邓平,Person
邪不可干,Entity
邪毒,Entity
郁滞,Person
郊外,Entity
郊游,Entity
部位的保暖,Entity
郭颖,Person
都市生活的人,Location
酉时,Entity
配图,Entity
酒,Food
酒类,Food
酱熏,Entity
酷暑,Entity
酷暑难当,Entity
酷暑难忍,Entity
酷热,Entity
酷热难耐,Entity
酸,Entity
酸味,Entity
酸味果蔬,Food
酸味的水果,Food
酸味食物,Entity
酸性代谢物,Entity
酸性食物,Entity
酸指酸味食物,Entity
酸梅,Entity
酸梅汤,Food
酸疼,Entity
酿酒,Food
醇香爽口,Entity
醉酒,Food
醉酒后食用,Food
醋,Entity
醪糟,Entity
采取防护措施,Entity
采桃花浸酒饮之,Food
采用心理暗示和心理纳凉法调整情绪,BodyPart
采茶,Food
重要养生时机,Entity
重要考核指标,Entity
重视养肺,BodyPart
重视睡子午觉,Entity
野外春游,Entity
野菜,Food
野菜生长,Food
金银花,Person
金银花水,Person
鉴别诊断,Entity
针对,Entity
针灸,Entity
针砭,Entity
钓鱼,Food
钙在肠道中的吸收,BodyPart
钙的吸收,Entity
钾元素,Entity
钾的摄入,Entity
铁峰居士,Entity
银耳,Entity
银装素裹,Entity
锅碗,Entity
锋面雷雨,Food
锻炼,Entity
锻炼手指,BodyPart
锻炼方式,Technique
锻炼脸部肌肉,Food
锻炼身体,Entity
锻炼项目,Entity
镜子,Entity
长啸,Entity
长城内外,Entity
长夏,Entity
长寿,Entity
长寿老人,Entity
长时间处于空调房间内,Entity
长时间露天活动,Entity
长春,Location
长春中医药大学附属医院,Organization
长期游泳,Entity
长江中、下游地区,Location
长江中下游,Entity
长江中下游地区,Location
长江中下游地区与南方暖空气对峙,Location
长江沿岸,Entity
长江沿岸低海拔地区,Location
长江流域,Entity
长痤疮,Entity
长至节,Entity
长衣长袖类服装,Entity
长袖衣,Entity
长裤,Entity
长途跋涉,Entity
长途跋涉后,Entity
门口插柳,Entity
门板,Entity
门窗,Entity
闪电,Entity
闭塞而成冬,Entity
闭藏,Entity
闭量饮酒,Food
问候的暖心话,BodyPart
间歇时,Entity
间歇次数,Entity
间歇次数增加,Entity
闷热,Entity
闷热且潮湿,Entity
闷热天气,Entity
闷热潮湿,Entity
闷热潮湿的夏天,Season
闷热难耐,Entity
闽南人,Entity
闽南语,Entity
阐释自然、生命规律,Entity
防中暑,Disease
防中风,Entity
防冷风,Entity
防寒,Entity
防寒保暖,Entity
防寒保暖添衣裳,Entity
防寒意识,Entity
防寒意识提高,Entity
防干燥,Entity
防御器官,Entity
防御寒冷气候侵袭,Entity
防御屏障,Entity
防感冒,Disease
防护措施,Entity
防春寒,Entity
防春燥,Entity
防春瘟,Entity
防晒,Entity
防晒措施,Entity
防晒效果,Food
防晒霜,Entity
防暑,Entity
防暑衣,Entity
防暑降温,Entity
防次,Entity
防止,Entity
防止传染性疾病,Disease
防止动脉粥样硬化,BodyPart
防止受凉,Entity
防止寒气侵入,Entity
防止寒邪伤人,Entity
防止旧病复发,Disease
防止燥邪伤身,Entity
防止着凉感冒,Disease
防止秋季疾病,Season
防止耳朵冻坏,Entity
防止肚腹受凉,BodyPart
防止脚冷,Entity
防止脾胃受寒,BodyPart
防止萎缩退化,Entity
防止逐渐衰老,Entity
防治,Entity
防治咽干口燥,BodyPart
防治头痛,BodyPart
防治心脑血管疾病,Disease
防治情绪中经度时始,BodyPart
防治疾病,Disease
防治秋燥,Entity
防湿,Entity
防热,Entity
防热病,Disease
防热防湿,Entity
防疫,Entity
防疫病,Disease
防疫要适度，晚睡也不能超过一定时间,Entity
防疾病,Disease
防病保健意义,Disease
防病抗病能力,Disease
防病抗癌,Disease
防病抗癌的食疗优势,Disease
防病治病,Disease
防痔疮,Entity
防紫外线,Entity
防老抗癌,Disease
防蚊,Entity
防蚊虫致病,Disease
防风,Entity
防风保暖,Entity
防风御寒,Entity
防风粥,Food
防风防寒,Entity
阳,Entity
阳中练阴,Entity
阳光,Entity
阳光充足,BodyPart
阳光明媚,Entity
阳光灿烂,Entity
阳光照射,Entity
阳光直射,Entity
阳光直射位置,Entity
阳光直射位置向南半球推移,Entity
阳光直射南回归线,Entity
阳光直射赤道,Entity
阳光逐渐增多,Entity
阳历,Entity
阳历12月21日至23日,Entity
阳历二月四日,Entity
阳历二月四日前后,Entity
阳历月日或日,Entity
阳性,Entity
阳性生物,Entity
阳性生物衰退,Entity
阳明,Entity
阳明燥金,Entity
阳春三月,Entity
阳气,Entity
阳气上升,Entity
阳气不足有关,BodyPart
阳气之下埋伏着阴气,Entity
阳气之收敛,Entity
阳气伏藏相关,Entity
阳气偏盛时期,Entity
阳气刚要萌生,Entity
阳气升发,Entity
阳气发散,Entity
阳气发泄,Entity
阳气回升,Entity
阳气外发,Entity
阳气始,Entity
阳气始生,Entity
阳气始衰,Entity
阳气尽则卧，阴气尽则寤,Entity
阳气开始回升,Entity
阳气开始萌芽,Entity
阳气损耗,Entity
阳气敛藏,Entity
阳气散掉,Entity
阳气最旺,Entity
阳气最旺的时节,SolarTerm
阳气最盛,Entity
阳气最盛的特点,Entity
阳气步步升发,Entity
阳气汇聚,Entity
阳气渐收、阴气渐长的过渡阶段,Entity
阳气渐退,Entity
阳气渐长,Entity
"阳气潜伏,阴气盛时",Entity
阳气潜藏,Entity
阳气生,Entity
阳气生发,Entity
阳气生发的起点,Entity
阳气生发过快,Entity
阳气生长相关,Entity
阳气由疏泄趋向收敛,Entity
阳气由疏泻趋向收敛,Entity
阳气的充盈与盛实,Entity
阳气的充盛,Entity
阳气的舒展,Entity
阳气盛,Entity
阳气盛而发声,Entity
阳气舒展畅达,Entity
阳气萌生,Entity
阳气衰,Entity
阳气被消耗,Entity
阳炽阴伏,Entity
阳热,Entity
阳痛,Entity
阳盛于外,Entity
阳盛于阴,Entity
阳经,BodyPart
阳虚,Entity
阳虚者,Entity
阳长,Entity
阳阴相半,Entity
阴,Entity
阴中练阳,Entity
阴冷天气,Entity
阴冷干燥,Entity
阴冷晦暗,Entity
阴冷晦暗的天气,Entity
阴凉背光的地方,BodyPart
阴图,Entity
阴寒,Entity
阴平阳秘,Entity
阴性生物,Entity
阴意,Entity
阴意出地,Entity
阴旺盛时得以生成,Entity
阴暑,Entity
阴暑证,Entity
阴暑证的致病原因,Disease
阴曲阳伸,Entity
阴极,Entity
阴极之至,Entity
阴极之至，阳气始生,Entity
阴气,Entity
阴气开始生长,Entity
阴气开始运行,Entity
阴气强盛相关,Entity
阴气旺盛,Entity
阴气最盛,Entity
阴气渐渐衰落,Entity
阴气渐生,Entity
阴气渐衰,Entity
阴气渐退,Entity
阴气盛极,Entity
阴气衰,Entity
阴气达到顶点,Entity
阴气逼人,Entity
阴气鼎盛,Entity
阴津,Entity
阴盛阳衰,Entity
阴精,Entity
阴精的收敛,Entity
阴精蓄积,Entity
阴经,BodyPart
阴虚火旺,Entity
阴虚火热,Entity
阴退阳长,Entity
阴退阳长、寒去热来的转折期,Entity
阴阳,Entity
阴阳为纲,Entity
阴阳之气,Entity
阴阳之气转变,Entity
阴阳争死生,Entity
阴阳争死生相关,Entity
阴阳互补,Entity
阴阳交替,Entity
阴阳兼补,Entity
阴阳出入上下,Entity
阴阳协调,Entity
阴阳各占一半,Entity
阴阳失调,Entity
阴阳学,Entity
阴阳平衡,Entity
阴阳气血,Entity
阴阳消长,Entity
阴阳消长规律,Entity
阴阳理论,Entity
阴阳相半,Entity
阴阳转变,Entity
阴阳转换,Entity
阴阳达到黄经,BodyPart
阴雨,Entity
阴雨连绵,Entity
阵雨,Entity
阿胶,Entity
陆生,Person
陈希夷,Person
陈希夷二十四气导引坐功图,Technique
陈希夷二十四节气坐功图,SolarTerm
陈希夷先生二十四气坐功导引治病图说,Technique
陈希夷节气养生与二十四节气中医导引法二十四气导引坐功图势,SolarTerm
陈抟,Person
陈皮,Person
陈莹燕,Person
降低胆固醇,Entity
降低血脂,Entity
降低速度加快,Entity
降健康,Entity
降压,Entity
降压止血,Entity
降压药,Entity
降压菜,Food
降压菜改善,Food
降大雪,SolarTerm
降水,Entity
降水不多,Entity
降水凉,Entity
降水减少,Entity
降水增多,Entity
降水形式,Technique
降水形式由雨变雪,Technique
降水情况,Entity
降水明显增加,Entity
降水显著减少,Entity
降水现象,Entity
降水稀少,Entity
降水节气,SolarTerm
降水较少,Entity
降水量为1～5毫米,Food
降水量为5～10毫米,Food
降水量增加,Entity
降水量逐渐增加,Entity
降温,Entity
降火开胃,BodyPart
降解癌毒素,Disease
降雨,Entity
降雨增多,Entity
降雨日数和雨量减少,Entity
降雨明显增加,Entity
降雨量,Entity
降雨量增加,Entity
降雨量增多,Entity
降雪,Entity
降雪冰冻,Entity
降雪日,Entity
降雪的起始时间和程度,Entity
降霜,Entity
降霜现象,Entity
陕西,Entity
除夕,Entity
除夕家庭举宴,Entity
除大热,Entity
除旧饰新,Entity
除湿,Entity
除百病,Disease
陶弘景,Person
隆冬时节,SolarTerm
隋代名医巢元方,Entity
随气温变化加减衣服,Entity
难治性溃疡,Entity
雄性,Entity
雄鸡衔草,Food
雉入水为蜃,Entity
雨,Entity
雨后,Entity
雨后天空出现彩虹,Entity
雨后添衣,Entity
雨增多,Entity
雨天,Entity
雨天到来,Entity
雨夹雪,Entity
雨季,Entity
雨季结束,Entity
雨我公田,Entity
雨我公田之雨，盖谷以此时播种，自上而下也,Entity
雨日增多,Entity
雨水,SolarTerm
雨水丰沛,SolarTerm
雨水之后,SolarTerm
雨水充沛，百谷生长,SolarTerm
雨水养生,SolarTerm
雨水到来,SolarTerm
雨水后,SolarTerm
雨水后土膏脉动,SolarTerm
雨水增多,SolarTerm
雨水多,SolarTerm
雨水季节,SolarTerm
雨水形成,SolarTerm
雨水时期,SolarTerm
雨水时节,SolarTerm
雨水最少的时段,SolarTerm
雨水期间,SolarTerm
雨水渐少,SolarTerm
雨水珍贵,SolarTerm
雨水紧缺,SolarTerm
雨水节,SolarTerm
雨水节后鸿雁来,SolarTerm
雨水节气,SolarTerm
雨水节气之后,SolarTerm
雨水较多,SolarTerm
雨水逐渐增多,SolarTerm
雨水量显著增加,SolarTerm
雨水频繁,SolarTerm
雨淋,Entity
雨点值千金,Entity
雨生百谷,Entity
雨生百谷清净明洁,Entity
雨生百谷清净明洁也,Entity
雨纷纷,Entity
雨读作去声，如火,Entity
雨逐渐增多,Entity
雨量,Entity
雨量增加,Entity
雨量增多,Entity
雨量开始增加,Entity
雨量略有增加,Entity
雨量较少,Entity
雨量集中,Entity
雨雪同降,Entity
雨雪天气,Entity
雪,Entity
雪下得次数少,Entity
雪减少,Entity
雪害,Entity
雪害严重季节,Season
雪盛,Entity
雪花,Entity
雪花出现,Entity
雪花飘飘,Entity
雪逐渐减少,Entity
雪量不大,Entity
雪量大,Entity
零摄氏度,Entity
雷,Entity
雷乃发声,Person
雷声,Person
雷阵雨,Entity
雷阵雨最多的季节,Season
雷雨,Entity
雷雨出现,Entity
雷雨增多,Entity
雷鸣为记号,Entity
需壮阳,Entity
需要保养肾,Entity
需要提升脾胃功能,BodyPart
需要注意足部保暖,BodyPart
需要站立活动,Entity
需要避免饮用过量白开水或糖水,Entity
霉菌,Entity
霉雨,Entity
霍乱,Person
霜,Entity
霜冻,Entity
霜降,SolarTerm
霜降前后,SolarTerm
霜降时节,SolarTerm
霜降要吃柿子,SolarTerm
露,Entity
露天久放的木头,BodyPart
露天睡觉,Entity
露宿,Entity
露寒而冷，将欲凝结,Entity
露打雨淋,Entity
露水,Entity
露水凝结成霜,Entity
露水更冷接近凝结成霜,Entity
露珠,Entity
青入肝,BodyPart
青梅,Entity
青色,Entity
青草,Entity
青草上露珠寒光四射,Entity
青菜,Food
青萝卜陈皮鸭汤,Food
青藏高原,Location
青蛙聒噪,Entity
青衣江,Entity
青衣江中下游地区,Location
静养,Entity
静功,Entity
静可养,Entity
静坐养生,Entity
静心养生,BodyPart
静心安神,BodyPart
非常热,Entity
非物质文化遗产,Entity
非物质文化遗产信息传播力度,Entity
靠壁清,Entity
靡草,Entity
靡草死,Entity
面尘,Food
面朝南方,Food
面条,Food
面瘫,Food
面粉,Food
面部,Food
面部神经麻痹,BodyPart
面青,Food
面饼贴砖壁被烙熟的现象,Food
韭,Entity
韭菜,Food
韭菜滚狗肚鱼,Food
韭黄,Entity
顺三气养生,Entity
顺口溜,Entity
顺应天气变化,Entity
顺应阳气之收敛,Entity
顺应阳气潜藏,Entity
顺时养生,Entity
顺时针,Entity
顺时针转动划圆,Entity
顺气,Entity
顺气、宽中、生津、解毒、消积滞、宽胸膈、化觉,BodyPart
顾禄,Person
顾铁卿,Person
预约挂号,Entity
预防冠心病,Disease
预防动脉硬化,BodyPart
预防呼吸道疾病,Disease
预防坏血病,Disease
预防寒冷刺激,Entity
预防心病,Disease
预防情绪中暑,Disease
预防感冒,Disease
预防手足口病,Disease
预防流感,Entity
预防湿病,Disease
预防燥邪伤人,Entity
预防疾病,Disease
预防病菌侵袭,Disease
预防秋燥,Entity
预防肝脏功能下降,BodyPart
预防阴暑,Entity
预防阴暑证,Entity
预防风湿症,Disease
颈椎病,Disease
颈益阴,Entity
颈项痛,Entity
颊肿,Entity
颐身集,Entity
频率慢,Entity
额头,BodyPart
颧骨,BodyPart
颧骨斑点,BodyPart
风,Entity
风力加大,Entity
风和日丽,Entity
风多物燥,Entity
风寒,Entity
风寒之邪,Entity
风寒之邪侵袭,Entity
风寒湿痹,Entity
风寒湿邪,Entity
风寒湿邪侵袭,Entity
风寒雨湿邪气,Entity
风小湿度大,Entity
风扇,Entity
风毒,Entity
风气积滞,Entity
风沙,Entity
风湿,Entity
风湿性关节炎,Disease
风湿性腰腿痛,BodyPart
风湿留滞,Entity
风湿病,Disease
风湿病复发,Disease
风湿症,Disease
风湿痹症,Disease
风火煽,Entity
风热感冒,Disease
风热感冒多发的季节,Season
风疹,Entity
风筝,Entity
风解冻,Entity
"风解冻,冰雪皆散而为水,化而为雨",Entity
风起叶落,Entity
风速高于每秒3米,Food
风邪,Entity
风邪侵袭,Entity
风邪寒气,Entity
风邪寒气进入,Entity
飞滑石,Entity
食不消,Entity
食品要鲜,Entity
食指,Entity
食欲,Entity
食欲下降,Entity
食欲不振,Entity
食欲不鲜,Entity
食欲减退,Entity
食欲减退的需求,Entity
食欲增,Entity
食欲大增,Entity
食物,Entity
食物中毒,Entity
食物冷暖适宜,Entity
食物性质,Entity
食物的气味,Entity
食物类型,Entity
食玉泉,Entity
食玉泉能延年,Entity
食玉泉能除百病,Disease
食用冷饮,Entity
食用凉的食物后补以热食,Entity
食用助阳之物,Entity
食用奶,Entity
食用润肺生津食物,BodyPart
食用热的食物,Entity
食用生冷之物,Entity
食用瘦肉,Food
食用瘦肉实现,Food
食用粗粮,Entity
食用芡实,Entity
食用菌类蔬菜,Food
食用萝卜以缓解春困,Entity
食用蛋,Entity
食用豆制品实现,Food
食用豆类,Food
食用过多糍粑,Entity
食用韭菜,Food
食用香菜,Food
食用鸡肉实现,Food
食用黄色食物,Entity
食疗优势,Entity
食补,Entity
食量,Entity
飱泄,Entity
饥饿,Entity
饮料,Entity
饮水,Entity
饮水不足的表现,BodyPart
饮用汤品,Food
饮用牛奶实现,Entity
饮用米酒,Food
饮用美味汤,Food
饮茶薷香,Food
饮酒,Food
饮食,Entity
饮食不化,Entity
饮食不可过寒,Entity
饮食不当,Entity
饮食不洁,Entity
饮食不节,Entity
饮食偏嗜,Entity
饮食养生,Entity
饮食养生原则,Entity
饮食卫生,Entity
饮食原则为,Entity
饮食宜多食甘味食物,Entity
饮食宜少食酸味,Entity
饮食宜清淡,Entity
饮食宜清补,Entity
饮食应以清淡为主,Entity
饮食应清温平淡,Entity
饮食建议,Entity
饮食忌辛辣燥热相关,Entity
饮食搭配,Entity
饮食方面,Food
饮食治疗,Entity
饮食清淡,Entity
饮食禁忌,Entity
饮食结构,Entity
饮食补充夏季消耗,Season
饮食补养,Entity
饮食要有规律,Entity
饮食调养,Entity
饮食调养原则,Entity
饮食调养的目标,Entity
饮食调整,Entity
饮食调理,Entity
饮食调节,Entity
饮食起居,Entity
饮食过寒,Entity
饮食过量,Entity
饱满的精神,Entity
饱腹后受寒,BodyPart
饶有趣味的特点,Entity
饺子,Entity
首乌,Entity
首乌粉,Entity
香味,Entity
香品,Entity
香囊,Entity
香椿,Entity
香椿拌豆腐,Food
香椿炒蛋,Entity
香椿炒鸡蛋,Food
香椿芽,Entity
香椿萌发,Entity
香燥,Entity
香瓜,Food
香甜可口,Entity
香肩,Entity
香药,Entity
香药煮水擦身,Entity
香菇,Entity
香菜,Food
香蕉,Entity
香薷,Entity
香薷饮,Entity
马刀侠瘿,Person
马铃薯,Person
驱寒,Entity
驱散寒气,Entity
骄阳,Entity
骄阳似火,Entity
骄阳普照,Entity
骤寒骤热,Entity
骤起骤降,Entity
骨折,BodyPart
骨疏,BodyPart
高于0℃,Entity
高于℃,Entity
高危人群,Person
高原地区,Location
高寒山区,Location
高温,Person
高温天气,Entity
高温时期,Person
高温气候,Entity
高温酷热,Person
高温高湿,Person
高湿度,Person
高烧,Person
高热量,Person
高热量食品,Entity
高空,Person
高空西风急流,Entity
高粱,Person
高菊涧,Person
高血压,Disease
高血压患者,Disease
高血压病情复发,Disease
高血压相关,Disease
高血脂,Entity
高血脂患者,Entity
鬼节,Entity
魔芋,Entity
鱼,Food
鱼尾纹,Food
鱼类,Food
鱼虾丰收,Food
鱼际穴,BodyPart
鲁南地区,Location
鲅鱼,Food
鲜土茯苓煲立夏篇猪展,SolarTerm
鲜扁豆花,Food
鲜玫瑰花,Entity
鲜皮,Entity
鲜荷叶,Entity
鲜豌豆,Food
鲤鱼,Food
鲫鱼,Food
鳖,Entity
鳙鱼,Food
鳝鱼,Food
鸟类,Entity
鸟鸣,Entity
鸡俱兴,Food
鸡肉,Food
鸡肝,BodyPart
鸡蛋,Food
鸣鸠,Entity
鸣鸠拂其羽,Entity
鸭、鹅肉,Food
鸭子,Food
鸭肉,Food
鸭蛋,Food
鸭血,Food
鸿雁,Entity
鸿雁与燕子南飞避寒,Entity
鸿雁来,Entity
鹅卵石,Entity
鹅肉,Food
鹏始鸣,Entity
鹰,Entity
鹰始鸷,Entity
鹰隼,Entity
鹿角,Entity
鹿角脱落,Entity
鹿角解,Entity
麦,Entity
麦冬,Entity
麦秋至,Entity
麦种,Entity
麦类生长至小满阶段,SolarTerm
麻叶,Person
麻木,Person
麻疹,Person
麻疹的多发季节,Season
麻辣的食物,Entity
黄体破裂,Person
黄元御,Person
黄入脾,BodyPart
黄帝内经,BodyPart
黄帝内经太素•调阴阳,BodyPart
黄晚睡早起,Entity
黄晚睡早起，慢步缓行,Entity
黄梅,Person
黄梅时节,SolarTerm
黄氏枸杞鸡汤,Food
黄河中下游地区,Location
黄河以南,Person
黄河以南到长江中下游地区,Location
黄河流域,Person
黄河流域出现白霜,Entity
黄河流域开始降雪,Entity
黄淮,Person
黄淮地区,Location
黄淮平原,Person
黄淮平原以北,Entity
黄瓜,Food
黄经,BodyPart
黄经135度,BodyPart
黄经15度,BodyPart
黄经165度,BodyPart
黄经225度,BodyPart
黄经285度,BodyPart
黄经300度,BodyPart
黄经30度,BodyPart
黄经330度,BodyPart
黄经345度,BodyPart
黄经75度,BodyPart
黄经°,BodyPart
黄经°为起点,BodyPart
黄经度,BodyPart
黄经度到达时,BodyPart
黄色食物,Person
黄芪,Person
黄芪酒,Food
黄褐斑,Person
黄豆,Food
黄金时机,Person
黄鳝,Person
黍,Entity
黍、稷、稻、粱类农作物的总称,Entity
黎梅,Entity
黏滞,Entity
黏稠糊状,Entity
黑入肾,Entity
黑夜,Entity
黑夜变长,Entity
黑夜最长,Entity
黑夜最长，白天最短,Entity
黑夜逐渐变短,Entity
黑米,Food
黑色,Entity
黑芝麻,Entity
黑豆,Food
黑龙江最北部,Location
鼓翼而鸣,Entity
鼠蚁,Entity
鼻咽燥,BodyPart
鼻塞,BodyPart
鼻塞流涕,BodyPart
鼻子,BodyPart
鼻子保健,BodyPart
鼻子保健操,BodyPart
鼻子周围,BodyPart
鼻干,BodyPart
鼻根部,BodyPart
鼻根部到鼻梁,BodyPart
鼻梁,BodyPart
鼻炎,Disease
鼻燥,BodyPart
鼻痒,BodyPart
鼻翼两侧,BodyPart
鼻腔,BodyPart
鼻腔内的污垢,BodyPart
鼻腔内的致病菌,Disease
鼻腔自我排毒功能,BodyPart
鼻腔黏膜,BodyPart
鼻部,BodyPart
鼻部按摩,BodyPart
龙眼,Entity
龟,Entity
