source,target,type
5-羟色胺减少,厌世,导致
5-羟色胺减少,失眠,导致
5-羟色胺减少,悲观,导致
5-羟色胺减少,烦躁,导致
一九二九不出手,季节变化,反映
一息,一呼一吸,定义为
一热一凉,虚邪贼风有机可乘,促使
一般人群,疏通经络,佩戴香囊
一般人群,调节气机,佩戴香囊
七九河开,季节变化,反映
七月八月看巧云,出游迎秋之意,蕴含
万物,以避寒冷,在立冬时
万物,夏,长于
万物,春,生于
三个穴位,一项,专长于
三个穴位,保健养生效果,具有
三个穴位,肠胃消化问题,用于治疗
三个穴位,肠胃疾病,能够缓解
三九,一年中最冷的时候,气候特征
三九,一年中最寒冷的时候,特点
三九,冬至后的一段时间,发生时间
三九,冷相关,与
三九,冷空气到来,伴随
三九,地面储存热量耗尽,标志着
三九,小寒,与
三九,毛孔闭塞,生理影响
三九,气血不畅,生理影响
三九,皮肤干燥,生理影响
三九,阳气敛藏,生理影响
三九四九冰上走,季节变化,反映
三九补一冬,饮食养生,相关主题
三伏,七月中旬到八月中旬,发生时间
三伏,冷在三九，热在三伏,与三九对应
三伏,气温达到最高,与气温的关系
三伏,烙饼摊鸡蛋,传统食俗
三伏,阳气之下埋伏着阴气,与阳气的关系
三伏,高温,对应气候特征
三伏天,吃不下饭,伴随症状
三伏天,大暑期间,出现在
三伏天,睡不好觉,伴随症状
三伏天,胃口变差,对应问题
三候,桐始华,包括
三候,水泉动,包括
三候,田鼠化,包括
三候,糜角解,包括
三候,蚯蚓经起始于足,包括
三候鱼陟负冰,立春后十日,发生时间
三叶,淡竹叶,组成
三叶,药店,可购买地点
三叶,荷叶,组成
三才图会,传统医疗保健运动,刊载
三月三日,采桃花浸酒饮之,活动
三果,冬瓜,包括
三果,苦瓜,包括
三果,西瓜,包括
三花,百合花,包括
三花,菊花,包括
三花,金银花,包括
上体,含氧的血液供给,促进
上呼吸道,环境温度低于一定值时,在
上巨虚穴,下巨虚穴,向下走四个横指位置
上火,咽干口燥,症状包括
上火,大便干燥,症状包括
上火,食欲不振,症状包括
上肢,含氧的血液供给,促进
下雨,心情不好,可能导致
下雨后,气温下降,导致
不吃早餐,排便反射,影响
不注意保暖,感冒,可能导致
不良情绪,保持心境平和,应对方法
不良情绪,收敛神气,应对方法
不良的情绪,免疫功能下降,导致
不良的情绪,神经内分泌系统功能,影响
东北,冰封,景观特征
东北,多雨季节,进入
东北,寒冬,天气特征
东北,开始飘雪,气候现象
东北,春季,部分区域
东北,琼装玉琢,景观特征
东北地区,冬季,进入季节
东北地区,大地封冻,发生
东北地区,越冬期,农林作物进入
东北大部,9月份,初霜时间
东风,解冻,作用
东风解冻,立春五日后,发生时间
东风解冻,降雨,导致
东风解冻,雨水形成,导致
东风送相火行功,两手托,具体动作
东风送相火行功,叩齿,包含练习
东风送相火行功,吐纳,包含练习
东风送相火行功,咽液,包含练习
东风送相火行功,正坐,具体动作
东风送相火行功,每日丑寅时,发生时间
东风送相火行功,缩体闭暖,具体动作
两手半握拳,反向捶腰背,用于
严寒时节,搓手习惯,应养成
严寒景象,保阴潜阳,对应
严寒景象,养生原则,对应
严玉民,河北省荣军医院,所属单位
个人,体质,受
个人,起居调摄,需
个人体质,提高机体抵抗疾病能力,作用
个人体质,气候变化,影响因素
中医中药,二十四节气养生,相关主题
中医中药,八卦太极图,相关主题
中医养生,补充体力,在小暑节气强调
中医养生,补泻,方法
中医养生,解热防暑,在小暑节气强调
中医养生,阴阳平衡,原则
中医养生理论,不可过食热性食物,建议
中医养生理论,不宜食用肥甘厚味,建议
中医养生理论,冷食瓜果应适可而止,建议
中医养生理论,夏至,涉及时节
中医养生理论,多食杂粮以寒其体,建议
中医养生理论,心脏在清明节气中会过于旺盛,指出
中医养生理论,木生火,认为
中医养生理论,火为心,认为
中医养生理论,肝属木,认为
中医养生理论,饮食宜清淡,建议
中医学,立冬这一节气到来应防寒保暖,认为
中医导引法,功法操作要点,强调
中医导引法,太清二十四气水火聚散图势,古代别称
中医导引法,所治病症,用于
中医导引法,时令特点,与
中医导引法,生理论依据,具有
中医导引法,陈希夷二十四气导引坐功图,古代别称
中医导引法,陈希夷二十四节气坐功图,古代别称
中医导引法,陈希夷先生二十四气坐功导引治病图说,古代别称
中医治疗癌前病变专题讲座,中国中医药现代远程教育杂志社,举办单位
中医治疗癌前病变专题讲座,北京中医药大学远程教育学院,举办单位
中医治疗癌前病变专题讲座,南方医科大学中医药学院,举办单位
中医治疗癌前病变专题讲座,孙光荣,主讲人
中医治疗癌前病变专题讲座,孙玉冰,主讲人
中医治疗癌前病变专题讲座,广东省第二中医院肿瘤科,举办单位
中医治疗癌前病变专题讲座,李,主讲人
中医治疗癌前病变专题讲座,杨,主讲人
中医治疗癌前病变专题讲座,杨建宇,主讲人
中医治疗癌前病变专题讲座,杨成林,主讲人
中医治疗癌前病变专题讲座,许文学,主讲人
中医治疗癌前病变专题讲座,谭,主讲人
中医理论,人体阳气,涉及内容
中医理论,"阳气潜伏,阴气盛时",认为
中医经典,凡十一脏取决于胆,提到
中医药科技获奖项目,本刊,发布平台
中医药科研成果,中医药科技创新,促进
中医药科研成果,中医药继续发展,促进
中医药科研成果,推广应用,用于
中医药科研成果,科技成果生产力转化,推动
中医药科研成果,继续教育学员了解,帮助
中医药科研成果,远程教育学子了解,帮助
中医补虚,养血,表现为
中医补虚,助阳,表现为
中医补虚,添精,表现为
中医补虚,滋阴,表现为
中医补虚,生津,表现为
中医补虚,益气,表现为
中医认为,清热凉血,建议
中医运动养生,不过度重的经络适配,包括
中医运动养生,正确方式,强调
中医运动养生,认真锻炼,强调
中午不能午休的人,听音乐,建议
中午不能午休的人,多吃新鲜蔬菜,建议
中午不能午休的人,多吃水果,建议
中午不能午休的人,行气活血,建议
中午不能午休的人,适当搭配粗粮,建议
中午不能午休的人,适量食鱼,建议
中午不能午休的人,闭量饮酒,建议
中午不能午休的人,食用奶,建议
中午不能午休的人,食用瘦肉,建议
中午不能午休的人,食用蛋,建议
中午不能午休的人,食用豆类,建议
中午小憩,消除疲劳,有助于
中国中医药现代远程教育杂志社,二十四节气养生歌赏析,出版
中国中医药现代远程教育杂志社,二十四节气养生歌赏析,出版单位
中国中医药现代远程教育杂志社,二十四节气养生歌赏析,发布
中国中医药现代远程教育杂志社,二十四节气养生歌赏析,发表
中国中医药现代远程教育杂志社,北京,所在地
中国中医药现代远程教育杂志社,白露养生歌赏析,发表
中国中医药现代远程教育杂志社,谷雨养生赏析,发表
中年人,活动舌头,可通过
中年夫妇,每周一次,性生活频率
中暑,中气虚,原因
中暑,体内湿气较重的人,常见于
中暑,体热不能及时散发,原因
中暑,体质虚弱的人,常见于
中暑,头痛头晕,症状
中暑,寒凉东西,与饮食相关
中暑,暖胃驱寒,预防方法
中暑,果汁,可通过饮食预防
中暑,气温过高,原因
中暑,淡茶,可通过饮食预防
中暑,火气大的人,常见于
中暑,番茄,可通过食物预防
中暑,稀饭,可通过饮食预防
中暑,胃口大开,预防方法
中暑,茅根,可通过食物预防
中暑,荸荠,可通过食物预防
中暑,菜汤,可通过饮食预防
中暑,萝卜,可通过食物预防
中暑,豆浆,可通过饮食预防
中暑先兆,大汗后,可能出现在
中暑先兆,立即前往通风处休息,应对措施
中暑火气较大之人,绿豆汤,应食用
中暑火气较大之人,莲子银耳汤,应食用
中等以上指数,大风暴,引发
中老年人,五禽戏,应选择
中老年人,八段锦,应选择
中老年人,太极,应选择
中老年人,应警惕,在寒露时节
中老年人,情绪中暑,容易面临
中老年人,慢性病史,尤其具有
中老鹰,捕猎鸟类,行为
中负离子,极高,含量
中负离子,空气质量改善,适宜
中阴暑,都市生活的人,常见于
中风,梳头,预防方法
中风,调理,预防方法
中风倾向的患者,春分,需要注意
中风倾向的患者,气候的变化,应根据
中风倾向的患者,气候的变化,需要关注
丰隆,化痰,作用
丰隆,祛湿,作用
丰隆穴,100次,按摩次数
丰隆穴,化湿,功能
丰隆穴,立秋期间按摩,适用于
丹砂,人体内产生,在
主气,五运六气理论,属于
主气,测定气候之常,用于
主汛期,入梅之后,发生在
主汛期,山洪,可能引发
主汛期,泥石流,可能引发
乌梅汤,解渴佳品,属于
乍暖还寒,伤风感冒,导致
乍暖还寒,关节炎,导致
乍暖还寒,气管炎,导致
乐观,不为琐事劳神,与
乐观,发展心智,有助于
乐观,培养良好性格,有助于
乐观,适应自然变化,有助于
乐观,避免强求名利,与
九九八十一,严寒时期,对应
九九加一九,季节变化,反映
习俗,佛教有关,与
习俗,佛祖释迦牟尼的成道日,关联
习俗,祈求丰收和吉祥,用于
习俗,祭祀祖先和神灵,用于
习练太极圈,腿脚,侧重于
乡村田园人家,冬酿酒,酿造
乳品,适合处暑节气食用的食物,属于
二伏,吃面条,传统食俗
二候蜇虫始振,立春五日后,发生时间
二十四节气,中医思维方式,体现
二十四节气,中医防治原则,体现
二十四节气,人的生理和心理机能变化,引起
二十四节气,仲冬,包括
二十四节气,仲夏,包括
二十四节气,仲春,包括
二十四节气,仲秋,包括
二十四节气,六气,对应
二十四节气,养生,与
二十四节气,冬雪雪冬小大寒,节气歌
二十四节气,十二月,对应
二十四节气,十二经脉,适配
二十四节气,古代天文和气候科学的伟大成就,是
二十四节气,夏满芒夏暑相连,节气歌
二十四节气,天地人一体,体现
二十四节气,寒露,包含
二十四节气,我国劳动人民独创的文化遗产,是
二十四节气,指导人们养,用于
二十四节气,指导农业生产,用于
二十四节气,春分,与
二十四节气,春秋冬夏,体现
二十四节气,春雨惊春清谷天,节气歌
二十四节气,春雨贵如油,相关谚语
二十四节气,秋分,与
二十四节气,秋分,包含
二十四节气,秋处露秋寒霜降,节气歌
二十四节气与养生,大雪节气,关联节气
二十四节气与养生,小雪篇,涉及内容
二十四节气中医导引法,中国中医科学院中医基础理论研究所,所属机构
二十四节气中医导引法,中国中医科学院医学实验中心,所属机构
二十四节气中医导引法,丹药,与
二十四节气中医导引法,二十四节气养生,基于
二十四节气中医导引法,五运六气理论,关联
二十四节气中医导引法,养生保健,功能
二十四节气中医导引法,养生导引方,属于
二十四节气中医导引法,十二时辰养生理论,结合
二十四节气中医导引法,千年,流传时间
二十四节气中医导引法,唐末宋初,起源时期
二十四节气中医导引法,天人合一,理论依据
二十四节气中医导引法,春分,对应节气
二十四节气中医导引法,气血阴阳,涉及理论
二十四节气中医导引法,灵枢经,参考
二十四节气中医导引法,礼记•月令,结合
二十四节气中医导引法,祛病延年,功能
二十四节气中医导引法,秋分,对应节气
二十四节气中医导引法,精气,涉及理论
二十四节气中医导引法,素问,结合
二十四节气中医导引法,脏腑经络,涉及理论
二十四节气中医导引法,调节人体阴阳协调,作用
二十四节气中医导引法,运气论奥,参考
二十四节气中医导引法,陈希夷,创建者
二十四节气中医导引法,陈希夷节气养生与二十四节气中医导引法二十四气导引坐功图势,别称
二十四节气中医导引法,陈抟,命名来源
二十四节气养生文化,信息可视化设计,研究主题
二十四节气养生歌,中国中医药现代远程教育杂志社,发表单位
二十四节气养生歌,冬至,涉及节气
二十四节气养生歌,北京,发布地点
二十四节气养生歌,北京,发表地点
二十四节气养生歌,多晒百会以调补阳气,建议措施
二十四节气养生歌,大寒,涉及节气
二十四节气养生歌,大寒养生,内容主题
二十四节气养生歌,小雪养生,涉及内容
二十四节气养生歌,李彦知,作者
二十四节气养生歌,杨建宇,作者
二十四节气养生歌,王志华,作者
二十四节气养生歌,百会,提及穴位
二十四节气养生歌,芒种养生,赏析主题
二十四节气养生歌赏析,中国中医药现代远程教育杂志社,发表单位
二十四节气养生歌赏析,北京,发布地点
二十四节气养生歌赏析,大暑养生,主题
二十四节气养生歌赏析,大雪养生,涉及内容
二十四节气养生歌赏析,小暑养生,主题
二十四节气养生歌赏析,春分养生,主题
二十四节气养生歌赏析,李彦知,作者
二十四节气养生歌赏析,杨建宇,作者
二十四节气养生歌赏析,王志华,作者
二十四节气养生歌赏析,秋分养生,主题
二十四节气养生歌赏析,雨水养生,主题
二十四节气坐功导引法,遵生八笺,记载于
二十四节气导引,主何气,包含
二十四节气导引,养生,用于
二十四节气导引,养长,用于
二十四节气导引,时,包含
二十四节气导引,生长之门,对应
二十四节气导引,节令固定搭配,具有
二十四节气导引养生法,中医的时间智慧,属于
二十四节气导引养生法,临床,应用于
二十四节气导引养生法,养生保健,应用于
二十四节气导引术,黄帝内经,源于
二十四节气导引法,中医养生学,属于
二十四节气导引法,中华优秀文化,来源
二十四节气导引法,中华传统文化,体现
二十四节气导引法,中华民族养生文化的重要组成部分,是
二十四节气导引法,中国传统文化特色,具有
二十四节气导引法,主气图,适配
二十四节气导引法,主治病症和图示,配有
二十四节气导引法,五运六气学说,结合
二十四节气导引法,五运六气治则治法,相关
二十四节气导引法,传统导引法,属于
二十四节气导引法,保生心鉴,来源于
二十四节气导引法,六十年纪运图,适配
二十四节气导引法,六气变化,结合因素
二十四节气导引法,养生保健,用于
二十四节气导引法,养生保健,目的
二十四节气导引法,养生保健价值,具有
二十四节气导引法,天人合一,结合
二十四节气导引法,天人合一思想相关,与
二十四节气导引法,客气图,适配
二十四节气导引法,导引功法,结合
二十四节气导引法,心阳温煦肾阴,强调
二十四节气导引法,手三阴经,涉及
二十四节气导引法,每年常规的气候变化,遵循
二十四节气导引法,气候变化,依据
二十四节气导引法,气枢要图,适配
二十四节气导引法,现代时间医,与
二十四节气导引法,经络学说,结合
二十四节气导引法,经络理论,基于理论
二十四节气导引法,节气配动作,包含
二十四节气导引法,调整人体阴阳平衡,目标
二十四节气导引法,达到养生,目的
二十四节气导引法,达到天人合用,目标
二十四节气导引法,防治疾病,目的
二十四节气导引法,防病治病,用于
二十四节气解,霜降,提及
二十四节气饮食养生视觉信息,潘长学,答辩委员会主席
二十四节气饮食养生视觉信息,艺术硕士,学位类别
二十四节气饮食养生视觉信息,艺术设计,专业领域
二十四节气饮食养生视觉信息,艺术设计学院,所属院系
二十四节气饮食养生视觉信息,陈莹燕,指导教师
二月,节气,包含
云,处暑含义,注释
五九六九沿河看柳,季节变化,反映
五枝汤,20分钟,煎煮时间
五枝汤,倒入锅中煎煮,制作方法
五枝汤,加入清水浸泡半小时,制作方法
五枝汤,柳枝,组成成分
五枝汤,桃枝,组成成分
五枝汤,桑枝,组成成分
五枝汤,槐枝,组成成分
五枝汤,用纱布包好,制作方法
五枝汤,芒种时节,适用时节
五枝汤,麻叶,组成成分
五禽戏,气功功法,属于
五色饮食,红枣,包含
五色饮食,芥菜,包含
五色饮食,韭菜,包含
五色饮食,鸡肝,包含
五色饮食,鸭血,包含
五车万宝全书,传统医疗保健运动,刊载
五运六气,主气,与
五运六气,二十四节气,与
五运六气,五脏调和,促进
五运六气,气血顺,调节
五运六气,调摄人体,用于
五运六气,阴平阳秘,作用于
五运六气临床思路探讨,中国中医基础医学杂志,发表期刊
五运六气治则治法,中国中医基础医学,发表于
五运六气理论,五行作为纲,以
五运六气理论,干支为纲,以
五运六气理论,阴阳为纲,以
亚麻,棉丝,属于
亥时,百脉休养,有助于
亥时,睡觉,适合
产生能量,机体的需要,用于满足
人们,天气冷暖变化,应根据
人们,天气预报,应关注
人们,更换春装,不宜急于
人体,冷风飕飕,在寒冷环境中会感受
人体,大量出汗,经历
人体,延长寿命,因刺激而
人体,春季,在
人体,治疗无效时,在
人体,疾病,易患
人体,阳气,具有
人体出汗较多,多喝水,需要
人体出汗较多,耗气怒,导致
人体增加物质分解,产生更多能量,目的是
人体抵抗力差,口唇干燥,导致
人体抵抗力差,哮喘,导致
人体抵抗力差,干咳,导致
人体抵抗力差,感冒,导致
人体流失水分,抵抗力,影响
人体生命活动,二十四节气,与
人体生理活动,自然变化,需适应
人体生理活动,阴阳平衡,旨在维持
人体的阳气,土地,逐渐藏匿
人体的阳气,河面,逐渐蛰伏
人体睡眠状态,卫气,形成
人体穴位,劳宫穴,包括
人体穴位,合谷穴,包括
人体穴位,鱼际穴,包括
人体阳气,自然界转化而潜藏,随
人体阳气跟不上,后背凉,引发
人体阳气跟不上,四肢凉,引发
人体阳气跟不上,疼痛,引发
人体阳气跟不上,胀感,引发
人体阳气跟不上,麻木,引发
人参,中药,属于
人参,防治秋燥,用于
仙草,仙人草,别名
仙草,凉粉草,别名
仙草,清暑解热,功效
代茶饮,燥湿化痰的功效,具有
代茶饮,理气开胃的功效,具有
代金刚,保生心鉴二十四节气中医导引法养生理论探讨,作者
代金刚,基于天人合一理论的二十四节气中医导引法,参与研究
仲夏,喜阴生物出现,现象
仲夏,炎热,特征
仲夏,阳性生物衰退,现象
伏夏,闷热潮湿,气候特征
伏天,到大自然中去,适宜活动
伏天,在环境清幽的室内品茶吟诗观景纳凉,适宜活动
伏天,坚持少动多静的原则,建议
伏天,抚松竹,适宜活动
伏天,步山径,适宜活动
伏旱,夏至之后,发生时间
伏羊一碗汤,吃暑羊,与习俗关联
传染性疾病,呼吸系统疾病,属于
传染性疾病,心血管疾病,属于
传染性疾病,消化系统疾病,属于
传统养生,卧室不宜太大,认为
传统养生,睡觉时关好门窗,主张
传统养生,避免空气流通,强调
传统医疗保健运动,养,主要目的
传统医疗保健运动,四时坐功却病,包含
传统医疗保健运动,四时坐功却病图诀,包含
传统医疗保健运动,祛病,主要目的
传统医疗保健运动,神等理论,基于
伤风,螃蟹,忌食
伤风感冒,是受凉,的重要诱因
伯劳鸟,感阴而鸣,行为特征
伯劳鸟,深秋,出现时间
低温,人体表血管弹性,影响
低温连阴雨,秋季作物,对
体内热气散发不出去,内火,引起
体力劳动者,中暑,容易
体弱者,寒凉食物,需要注意
体育锻炼,促进血液流通,有助于
体育锻炼,做运动,包括
体育锻炼,公园湖滨,地点
体育锻炼,增强体质,作用
体育锻炼,增强体质,有助于
体育锻炼,大汗淋漓,应避免
体育锻炼,帮助消化,有助于
体育锻炼,慢跑,适宜方式
体育锻炼,打太极拳,适宜方式
体育锻炼,散步,适宜方式
体育锻炼,登山,包括
体育锻炼,胃肠血液供应,改善
体育锻炼,荒郊野外,地点
体育锻炼,调节精神,作用
体育锻炼,跑步,包括
体育锻炼,过于剧烈的运动,不宜方式
体育锻炼,预防感冒,有助于
体表血管扩张,血压偏低,导致
体质虚寒且腹泻者,少吃或不吃茼蒿,应
体质虚弱,脾胃不好,与
体质虚弱之人,山药冬瓜汤,应食用
体质虚弱的人,脚冰凉,常表现为
作息安排,避免过度劳累,需要注意
作息安排,避免过度思虑,需要注意
作息规律,充足睡眠,包括
佩兰叶,方剂,用于
佩戴香囊,民间风俗,属于
佩戴香囊,防疾病,作用
便秘,饮食要有规律,预防方法
俗话,大暑小暑，热死老鼠,内容
保健品小妙招,问候的暖心话,不如
保健方法,按摩腹部,之一
保健理论,排出体内多余毒素,建议
保健理论,根据生命阶段调整饮食结构,建议
保健理论,补充微量元素,建议
保持室内空气新鲜,减少病菌滋生,作用是
保暖,防止脾胃受寒,有助于
保暖不当,咳嗽,可能导致
保暖不当,感冒,可能导致
保生心鉴,二十四节气导引,记载
保生心鉴,二十四节气导引法,记载
保生心鉴,地始冻,记载
保生心鉴,大寒功法,记载
保生心鉴,头及尾闾向上翘时配合呼气,提到
保生心鉴,将天人合一与四季、十二月、二十四节气结合,内容
保生心鉴,按照时令进行保养,主张
保生心鉴,时配足厥,记载
保生心鉴,月令水始冰,记载
保生心鉴,王瓜的枝蔓开始迅速攀爬生长,记载
保生心鉴,立冬十月节,记载
保生心鉴,立夏四月节运主少阴一腰背向上拱起,记载
保生心鉴,立春正月节，运主厥阴初和方法,提出理论
保生心鉴,蚯蚓从湿润的泥土里钻出,记载
保生心鉴,运主阳明,记载
保生心鉴,铁峰居士,作者
保生心鉴,雉入水为蜃,记载
保生心鉴•经络配四时图,厥阴风木,对应经络
保生心鉴•经络配四时图,太阳寒水,对应经络
保生心鉴•经络配四时图,太阴湿土,对应经络
保生心鉴•经络配四时图,少阳相火,对应经络
保生心鉴•经络配四时图,少阴君火,对应经络
保生心鉴•经络配四时图,阳明燥金,对应经络
保生心鉴二十四节气中医导引法养生理论探讨,中国中医药图书情报杂志,发表期刊
信息可视化设计,健康养生和规律生活的行为习惯,指导
信息可视化设计,四季如生,应用案例
信息可视化设计,展现二十四节气与养生文化的关系,用于
倒春寒,寒潮过程,属于
倒春寒,春季,发生在
倒着走,暴食,用于应对
倒着走,醉酒,用于应对
倒立,反常态行为,属于
倒行,反常态行为,属于
候平均温度,连续5日日平均温度低于22℃,定义为
候虹始见意,桐树开花,包括现象
候虹始见意,清明,涉及时节
候虹始见意,田鼠不见,包括现象
候虹始见意,雨后天空出现彩虹,包括现象
偏于阴虚的人,鸭、鹅肉,可食用
偏北风,暖气流交锋,与
偏北风,雪花出现,导致
做健身操,锻炼方式,属于
健走,提高身体代谢能力,有助于
健走,改善心肺功能,有助于
健走,消除疲劳,有助于
健走,稳定情绪,有助于
健走,降低血脂,有助于
健身球,室内活动,适合场景
儿童,寒凉食物,需要注意
儿童,预防手足口病,佩戴香囊
儿童,预防流感,佩戴香囊
元气充足,体质快速改善,表现为
充沛的水分,作物生长的需要,满足
光线,使人感到舒适,作用
免疫功能下降,心脑血管疾病,容易引发
免疫功能下降,精神病,容易引发
免疫功能下降,肝病,容易引发
兔肉,凉性食物,是
兔肉,寒性食物,属于
兔肉,润燥止干的效果,具有
兔肉,清心安神的效果,具有
兔肉,滋阴养肺的效果,具有
入睡,肌体抵抗力减弱,使
入秋后,烧烤食物,应避免
入秋后,生姜,应避免
入秋后,花椒,应避免
入秋后,辣椒,应避免
全家老少,这个方法,可以通过
八九燕来,季节变化,反映
八段锦,一段,每个动作称作
八段锦,以增强体质,建议练习
八段锦,传统健身运动,是一种
八段锦,免疫力,能够提升
八段锦,全套一气呵成,练习方式
八段锦,八种动作组成,由
八段锦,失眠,可用于治疗
八段锦,情志养生,属于
八段锦,放松身心,有助于
八段锦,气功功法,属于
八段锦,焦虑症,可用于治疗
八段锦,疲劳,用于缓解
八段锦,糖尿病,可用于治疗
八段锦,身体潜能,可激发
八段锦,运动养生,属于
八段锦,选择一到两段单独练习,练习方式
八段锦,高血压,可用于治疗
八髎穴,养生,适用
八髎穴,化瘀,作用
八髎穴,坐骨神经痛,缓解
八髎穴,妇科要穴,属于
八髎穴,活血,作用
八髎穴,消炎,作用
八髎穴,清除毒素,功能
八髎穴,痔疮,缓解
八髎穴,腰背酸痛,缓解
八髎穴,膀胱经,位于
公中匡现代远程教育,下半月刊,出版周期
公中匡现代远程教育,中国中医药现代远程教育杂志社,期刊名称
公中匡现代远程教育,年月,出版时间
公中匡现代远程教育,总第期,总期信息
公中匡现代远程教育,第卷第期,卷期信息
公园,花粉暴露风险,可能增加
公园庭院,空气新鲜的地方,属于
关元穴,有温热感并持续向腹内渗透,操作要求
关元穴,温热感,对应感觉
关元穴,补益先天元气,作用
关节,到大自然中走走,需注意
关节,遇到烦恼时倾诉,需注意
关节炎患者,除湿,需要注意
关节肿痛,医院就诊,需要行动
其他地方,立春吃春饼,有习俗
其他地方,立春吃萝卜,有习俗
养中病的人,红小豆粥,应食用
养中病的人,绿豆粥,应食用
养中病的人,荷叶粥,应食用
养中病的人,调理脾胃,需要
养中病的人,防热防湿,需注意
养心,食用瘦肉实现,可通过
养心,食用豆制品实现,可通过
养心,食用鸡肉实现,可通过
养心,饮用牛奶实现,可通过
养心功,农历弦朔日初七、初八、廿二、廿三日,适宜练习时间
养心功,初一日,适宜练习时间
养心功,清晨,练习时段
养心功,胀感,感受效果
养心功,面朝南方,练习方向
养气,养生健身,目的
养气,气机顺畅,作用
养气,阴阳协调,作用
养生,保护阳气,注重
养生,养精蓄锐,包括
养生,养阳,包括
养生,养阳为主,以
养生,夏季阳盛于外的特点,顺应
养生,立夏时节的症状,针对
养生,精神调摄,包括
养生,自然界闭藏之规律,应顺应
养生,藏阳,包括
养生,补养,包括
养生,补肾藏精,包括
养生,起居,涉及
养生,起居调节,包括
养生,运动锻炼,包括
养生,防止寒邪伤人,目的
养生,阳气升发,应顺应
养生,阴阳平衡,应遵循
养生,饮食,涉及
养生,饮食调整,包括
养生专家,依从二十四节气进行养生与保健,主张
养生专家,川芎白芷炖鱼头,认为
养生专家,淮山煲牛肚,认为
养生专家,生麦芽,认为
养生专家,白木耳红枣煲猪瘦肉,认为
养生专家,脘腹不舒,指出
养生保健,中午打个盹,建议
养生保健,乐观豁达,包括内容
养生保健,人体健康至关重要,对
养生保健,保护阳气,需要
养生保健,夏季阳盛于外,应顺应
养生保健,宣泄积郁之情,包括内容
养生保健,晚睡早起,建议
养生保健,祛湿,强调
养生原则,养阴清热,包括
养生原则,润燥,包括
养生原则,静心安神,包括
养生大麦粥,吃辣要注意,提醒事项
养生大麦粥,除湿,相关小妙招
养生方法,不做剧烈运动,要求
养生方法,不大喜大悲,要求
养生方法,不熬夜,要求
养生方法,八段锦,包括
养生方法,太极拳,包括
养生方法,清晨自然盘坐,包括
养生方法,精神内守,原则
养生歌,肝气调节,内容涉及
养生目标,安稳,是
养生要点,忌坚果,要求
养生要点,特殊体质,涉及
养生要点,起居养生,涉及
养生要点,食品要鲜,包括
养生论,关节炎,提及
养生论,冰雪在心,提及
养生论,息静心,提及
养生论,按摩内关穴,建议
养生论,春三月，大蒜等助阳之物时，最好配以滋阴的蛋类,记载
养生论,潮气,提及
养生论,痔疮,提及
养生论,调息净心,提出
养生论,调息静心,主张
养生论,风湿,提及
养生重点,脾胃,聚焦于
养精蓄锐,为来春生机勃发做准备,目的是
养羞,白露时节候鸟南飞避寒,含义
养羞,百鸟贮存干果粮食以备过冬,含义
养肝,脏腑功能正常,有助于
养肝方案,厚重口味的饮食,避免
养肝方案,滋阴清肝,包括
养肝方案,烟酒,避免
养肺补水,改善皮肤状态,作用
养肺补水,远离秋燥,作用
养脾,养气,依赖
养阳,活动,重要环节
养阴润肺食物,滋阴润肺,作用
内关穴,两筋之间,位于
内关穴,保护心脏,作用
内关穴,前臂掌面,位于
内关穴,掌长肌腱与桡侧腕屈肌腱之间,位于
内关穴,缓解心悸,作用
内关穴,缓解心痛,作用
内关穴,腕横纹上寸,位于
内关穴,腕横纹上寸处,位于
内火,口腔溃疡,诱发
内火,脸上的疙瘩增多,导致
内热,上火,可能导致
内热,外热交加,导致
内热,热病,容易引发
内热气失控,怕热出汗,导致
内热气失控,愉悦,导致
内热气失控,身体健康长痤疮,导致
内蒙古,9月份,初霜时间
农历书,南北俗谚曰：清明断雪，谷雨断霜,解释
农历书,斗指壬为春分,解释
农历书,清明,记载
农历寒露节气,冷空气势力范围扩大,期间
农历寒露节气,北半球阳光照射角度倾斜,期间
农历寒露节气,地面接收太阳热量减少,期间
农历寒露节气,太阳的直射点在南半球继续南移,期间
农历寒露节气,月上旬末,开始时间
农历寒露节气,月下旬,结束时间
农民们,连绵的阴雨期间,在
农谚,一场秋雨一场寒,包含内容
农谚,白露秋分夜，一夜冷一夜,包含内容
冠心病,常有加重,在春瘟期间
冠心病,蟹黄,患者应避免食用
冬,四时尽也,含义
冬,说文解字,释义来源
冬三月,冬天的一个阶段,是
冬不坐石,俗语,属于
冬不坐石,温高湿重,原因
冬令趋寒,小寒时节,发生时期
冬令进补,小寒,时间
冬令进补,温补,原则
冬令进补,药补,方式
冬令进补,食补,方式
冬吃萝卜夏吃姜,季节相关,与
冬天,保健的好时期,是
冬天,冬天动一动，少闹一场病,有谚语
冬天,犯困,容易导致
冬天,瞌睡虫,具有
冬季,万木凋零,特征
冬季,冬季情感,引发
冬季,准备活动要充分,运动原则
冬季,减轻压力,需要
冬季,初生,阳气
冬季,大汗淋漓,运动禁忌
冬季,天寒地冻,特征
冬季,寒冷,天气特征
冬季,小雪节气,开始时间
冬季,平均气温降至℃以下,定义为
冬季,待热后再脱去外衣,运动原则
冬季,必待日光,要求
冬季,换上干燥衣服,锻炼后处理
冬季,放松心情,需要
冬季,新陈代谢水平缓慢,生理特征
冬季,新陈代谢降低,导致
冬季,新鲜蔬菜,建议食用
冬季,日短夜长,特点
冬季,早卧晚起,建议
冬季,机体,影响
冬季,气候,具有
冬季,水果,建议食用
冬季,熬夜,禁忌
冬季,犯困,导致
冬季,生机潜伏,特征
冬季,生理功能降低,导致
冬季,皮肤干裂,症状
冬季,立冬,以
冬季,维生素,需要补充
冬季,缓慢的新陈代谢,具有
冬季,脑部供血不足,引起
冬季,自主神经功能紊乱,引起
冬季,舌燥,症状
冬季,血液循环变缓,引起
冬季,补肝,适宜
冬季,补肾,适宜
冬季,调养身体,需要
冬季,过于剧烈运动,运动禁忌
冬季,过早起床晨练,禁忌
冬季,阳气不足有关,与
冬季,阳气潜藏,特征
冬季,顺应阳气潜藏,饮食养生
冬季,鼻干,症状
冬季情感失调症,情绪抑郁,表现为
冬季情感失调症,懒散嗜睡,表现为
冬季情感失调症,昏昏沉沉,表现为
冬季晒太阳,类风湿性关节炎,有助于预防
冬季晒太阳,贫血症患者健康,有助于恢复
冬季降雪少,干旱,导致
冬季风,我国大陆,尚未完全退出
冬小麦,小满时节进入成熟阶段,在
冬小麦,干热风侵害,易受
冬小麦,雨水,成熟期需要
冬月,"不宜清早出夜深归,冒犯寒威",养生建议
冬月,土壤冻结,特征
冬月,晚起、避寒就温,养生建议
冬月,河流封冻,特征
冬瓜,减肥,具有功效
冬瓜,利水,作用
冬瓜,女士,适合人群
冬瓜,消肿,作用
冬瓜,清热,作用
冬瓜,祛湿,作用
冬瓜,美容,具有功效
冬瓜,降压菜,是
冬病夏治,冬季容易发作的慢性疾病,适用于
冬病夏治,大暑,发生时节
冬病夏治,慢性支气管炎,适用于
冬病夏治,支气管哮喘,适用于
冬病夏治,肺气肿,适用于
冬病夏治,腹泻,适用于
冬至,一阳生,传统说法
冬至,三候,分为
冬至,二十四节气,属于
冬至,二十四节气中的第二十个节气,是
冬至,亚岁,俗称
冬至,亚岁,又称
冬至,全年最重要的日子,是
冬至,八段锦,适宜练习
冬至,养生相关,与
冬至,农历,处于
冬至,农历,属于
冬至,冬季,对应时节
冬至,冬季,属于
冬至,冬季六个节气中的第四个节气,属于
冬至,冬至乐趣,有活动建议
冬至,冬节,俗称
冬至,冬节,又称
冬至,减少运动量,对应
冬至,北京气温,影响
冬至,北半球,发生在
冬至,北半球白天最短,导致
冬至,北半球白昼最短,发生时间
冬至,北半球黑夜最长,导致
冬至,午饭后打盹,节气建议
冬至,南回归线,对应太阳直射点
冬至,地面获得太阳热量最少,对应
冬至,地面获得热量减少,导致
冬至,多穿衣服,日常建议
冬至,夜最长,发生时间
冬至,夜间睡眠质量,节气特点
冬至,天气转寒,标志着
冬至,太极拳,适宜练习
冬至,太阳北移相关,与
冬至,应进行精神养生,之后
冬至,康大有裨益,养生建议
冬至,我国北方,发生地点
冬至,数九,起始节令
冬至,数九天气,之后
冬至,日南至，日短之至，日影长之至,含义
冬至,日影最长,时
冬至,日短之至,时
冬至,昼夜长短极端特征,具有
冬至,最冷时期,并非
冬至,最冷的一天,并非
冬至,气温继续下降,引起
冬至,添髓功能,具有
冬至,温中功能,具有
冬至,白天晒太阳,养生方法
冬至,白昼最短,标志着
冬至,白昼逐渐变长,之后
冬至,益气功能,具有
冬至,肠胃运化转旺,时节特征
冬至,节气,属于
冬至,补精功能,具有
冬至,辛辣刺激的食品,不宜食用
冬至,进补,适宜行为
冬至,避免睡时着凉,注意事项
冬至,长至节,俗称
冬至,长至节,又称
冬至,防寒保暖添衣裳,养生建议
冬至,防寒意识提高,到来
冬至,防风防寒,注意事项
冬至,阳光直射南回归线,对应现象
冬至,阳历12月21日至23日,发生时间
冬至,阳气伏藏相关,与
冬至,阳气始生,时
冬至,阳气开始回升,之后
冬至,阳气开始萌芽,与阳气关系
冬至,阳气生发的起点,是
冬至,阴极之至,是
冬至,阴极之至，阳气始生,含义
冬至,阴气开始运行,对应
冬至,阴气达到顶点,对应节气特征
冬至,阴阳转换,标志着
冬至,食欲大增,时节特征
冬至,饮食养生原则,对应
冬至,饮食忌辛辣燥热相关,与
冬至,饺子,传统食物
冬至,黑夜最长,标志着
冬至,黑夜逐渐变短,之后
冬至乐趣,每日晚上平坐,具体内容
冬至到小寒大寒期间,一年中最冷的时段,是
冬至日,北半球夜晚最长,特征
冬至日,北半球白天最短,特征
冬至日,夜晚最长,与昼夜相关
冬至日,白天最短,与昼夜相关
冬至日,阳气始,阳气变化
冬至时节,坚果,适宜食物
冬至时节,多食些坚果,饮食建议
冬至进补,增强体质,能够
冬至进补,提高机体的抗病能力,能够
冬至进补,调养身体,能够
冬藏,四季变化规律,属于
冬装,宽大松软,特点
冬装,御寒保暖,作用
冬装,穿脱方便,特点
冬酿酒,以草药酿酒,制作方式
冬酿酒,杜茅柴,使用草药
冬酿酒,秋露白,使用草药
冬酿酒,立冬习俗相关,与
冬酿酒,竹叶清,使用草药
冬酿酒,米酒,搭配原料
冬酿酒,靠壁清,使用草药
冯茗渲,五运六气治则治法,参与研究
冰可乐,寒凉饮品,属于
冰啤酒,寒凉饮品,属于
冰棍,寒凉饮品,属于
冰水,寒,引起
冰水,寒凉饮品,属于
冰淇淋,寒凉饮品,属于
冰糖,冷粥将熟时,添加时机
冰糖,燥湿化痰,用于
冷天哮喘,寒邪侵入,易受
冷暖空气交汇形成的锋面,降水,导致
冷水,冲头,不应用于
冷水,大汗后立即接触,不宜在
冷水,淋浴,不应用于
冷水浴,反常态行为,属于
冷空气,东北,影响区域
冷空气,东南沿海,延伸至
冷空气,人们感觉进入冬天,造成
冷空气,低温连阴雨,可能引发
冷空气,北方山口地区风力,增强
冷空气,华北,影响区域
冷空气,华北中南部,影响
冷空气,华南,影响范围
冷空气,南下,动作
冷空气,南方江湖河面风力,增强
冷空气,台湾海峡,延伸至
冷空气,台风,与
冷空气,城市树木变光杆,导致
冷空气,寒冷程度,影响
冷空气,小寒的冷暖,影响
冷空气,山区红叶消失,导致
冷空气,暖湿空气,与
冷空气,暖空气,与
冷空气,暴雨,可能引发
冷空气,气温下降,导致
冷空气,气温下降速度加快,引起
冷空气,温度下降,导致
冷空气,秋雨,带来
冷空气,秋风,带来
冷空气,西北,影响区域
冷空气,通过鼻腔,进入途径
冷空气,黄淮,影响
冷空气到来,温度骤然下降,导致
冷辐射,低温辐射,定义为
冷辐射,关节炎患者病情加重,可能引发
冷辐射,尿量增加,引起
冷辐射,局部组织血液循环障碍,导致
冷辐射,心脑血管疾病患者病情加重,可能引发
冷辐射,心跳加快,引起
冷辐射,神经和肌肉活动,影响
冷辐射,胃病患者病情加重,可能引发
冷辐射,血压升高,引起
冷防止脚冷,脚部保暖,方法
冷防止脚冷,节气特点泡脚,方法
冷食,少则犹可,适量
冷食,贪多,禁忌
冷饮,寒,引起
凄凉之感,情绪不稳,导致
凉,清凉,指代
凉开水,消暑,作用
凉意,需要站立活动,导致
凉水洗澡,类似中暑的症状,可能引发
凉燥,秋风渐紧和寒凉加重,因
凉燥咳嗽,燥而偏寒,属于
凉爽舒怡的天气,气温下降,导致
凉爽舒怡的天气,立秋时节,属于
凉爽舒怡的天气,锻炼身体,适合
凉面,入伏面,被称为
减少运动量,保持良好状态,有利于
减少运动量,用脑,有利于
减苦增辛,养心肝脾胃,作用
减苦增辛,助筋补血,作用
凤梨,大暑,适合食用时节
凤梨,旺来,闽南语发音
凤梨,生意兴隆,象征意义
凤梨,祈求平安吉祥,象征意义
凤梨,败火,具有作用
出九,九个九之后,发生时间
出九,八十一天,持续时间
出九,春暖花开,后续现象
出汗,生痤疮,不当处理后果
出汗多,勤换防暑衣,建议
出汗过多,体内水和盐大量排出,导致
分时调养,身体健康,有助于
分次咽入丹田,不伤及肺脏,注意事项
分次咽入丹田,使人神平体安,功效
分次咽入丹田,增强心脏功能,功效
分次咽入丹田,缓解胸闷,功效
分脚示意图,图18,属于
刘翠欣,河北省荣军医院,所属单位
刘英明,二十四节气养生文化的信息可视化设计 应用研究——以四季如生为例,作者
刘英明,李恒杰,指导教师
刘英明,硕士,申请学位级别
初之气,厥阴风气,属
初之气,大寒,起始于
初之气,立春,起始于
初夏,老年人的气血,影响
初春时节,天气多变,特征是
初春时节,情绪波动,导致
初秋进补,姜,应避免食用
初秋进补,干燥的膨化食品,应避免食用
初秋进补,油炸食品,应避免食用
初秋进补,粥品,建议食用
初秋进补,脾胃的阳气,可能损伤
初秋进补,葱,应避免食用
初秋进补,蒜,应避免食用
初秋进补,西瓜,应避免食用
初秋进补,辛味之品,应避免食用
初秋进补,辣椒,应避免食用
初秋进补,酒,应避免食用
初秋进补,韭菜,应避免食用
初秋进补,香瓜,应避免食用
初霜,早霜,同义于
初霜,自北向南逐渐推迟,发生规律
初霜,自高山向平原逐渐推迟,发生规律
前汛期,20场,平均暴雨次数
前汛期,4月初,开始时间
前汛期,4～6月,发生时间段
前汛期,5月中旬,进入盛期时间
前汛期,6月,暴雨高峰期
前汛期,持续时间长，雨势猛烈,特点
前汛期,超过一半,暴雨占比
剧烈运动,机体缺水,在出汗时可能引发
副热带高压,夏至之后,控制时期
加快血液循环,气血运行,有利于
动功,做八段锦,包括
动功,打太极拳,包括
动功,练健身操,包括
动物脂肪,甘肥滋腻食物,属于
动物血,肝脏有益,对
动脉压增高,心,可能伤害
动脉压增高,肾,可能伤害
动脉压增高,血管,可能伤害
动脉硬化,蟹黄,患者应避免食用
动静结合,动可强身,作用
动静结合,维持生理阴阳平衡,目的
动静结合,静可养,作用
动风的食物,狗肉,包括
动风的食物,鸭子,包括
动风的食物,黄鳝,包括
助阳类菜肴,滋阴之品,需配合
劳动人民,梅雨时节,理解
劳动和运动,中暑症状,可能导致
劳医生,药方,开具
劳逸结合,作息规律,与
勤搓手,防感冒,目的
化热生风,疔疮之疾,可能引发
化热生风,疗疮之疾,可能激发
化觉,中医养生方法,属于
北京,打春吃春饼,传承
北京,早上吃甜瓜,立秋习俗
北京,晚上吃西瓜,立秋习俗
北京地区,冬天,处于
北京地区,月下旬,在
北半球,夜渐短,昼夜变化
北半球,昼渐长,昼夜变化
北回归线,夏至,对应
北国的冬天,冰天雪地,特征
北平风俗类征岁时,备各色炒菜,记载内容
北平风俗类征岁时,备酱熏及炉烧盐腌各肉,记载内容
北平风俗类征岁时,富家食春饼,记载内容
北方人,足部保暖,需要关注
北方地区,数九寒天的四九前后,在
北方大部分地区,暖风拂面,感受
北方大部分地区,杨柳泛青,自然景观
北方大部分地区,桃花初绽,自然景观
北方大部分地区,气温回升快,气候特征
北疆,9月份,初霜时间
医方类聚,多种方剂,收录内容
医方类聚,多种疮疡类疾病,收录内容
医方类聚,疮科通玄论,引用
十二指肠溃疡,螃蟹,忌食
十二经脉,十二月,适配
十二经脉,月令相应,与
十月一,冬至,对应节气
十月朝,吃糍粑,习俗
十月朝,节气习俗,是
千里酒,桂阳程乡,产地
千里酒,水经注,记载来源
升发阳气的食物,调养体质,作用
午休,恢复疲劳,目的
午休,消除疲劳,有助于
午休,避免炎热,作用
午时,人体经气合阳,对应
午时,养阳,适合
午时,气血流注心经之时,是
午时,节气特点,与
午时,阳气最盛,特征
午时,阴气衰,特征
午睡,不超过小时,建议时长
午睡,冠心病,有助于预防
午睡,在床上静躺分钟后起床,建议
午睡,心肌梗死,有助于预防
午睡,晚上睡眠,影响
午睡,最少分钟,建议时长
午睡,疾病,可帮助减少
午睡,睡眠时间,有助于
午睡,老年人,对
午睡,身体健康,有助于
午睡时间,个体差异,应根据
午睡时间,半小時至一小時,不宜过长
午睡醒后,脑部供血量不足,可能导致
午睡醒后,起床去工作或学习,不应立即
午饭后,消化道供血增多,导致
半夏,仲夏,生长季节
半夏,喜阴,植物特性
半夏,水田,生长环境
半夏,沼泽地,生长环境
华北,9月降水量的一半或更少,10月份降水量
华北,多雨季节,进入
华北地区,日平均气温稳定升至,在春分时节
华南,台风,可能因
华南,立冬种麦,适宜
华南,高于0℃,冬季气温
华南,麦种,种植活动
华南一带,冷空气,受屏障影响
华南一带,寒潮,受屏障影响
华南东部,全年雨量最多,特征
华南地区,三月,在
华南地区,冷空气入侵,经历
华南地区,前汛期,具有
华南地区,后汛期,具有
华南地区,热带气旋带来暴雨,例外情况
华南地区,立夏节后进入夏季,在
华南大部分地区,降水量为5～10毫米,在大寒节气
华南汛期,大暴雨,伴随
华南汛期,晚期,处于
华南沿海,台风,可能因
华南沿海,满目春光,景观特征
华南沿海,花香鸟语,景观特征
华南沿海,高于℃,气温特点
华南秋雨,岷江中下游地区,主要分布区域
华南秋雨,白露至霜降前,出现时间
华南秋雨,青衣江中下游地区,主要分布区域
华南西部,雨水量显著增加,特征
南京,大雪腌肉,俗语
南京,寒露节吃螃蟹,有习惯
南京,小雪腌菜,俗语
南半球,与北半球相反,昼夜变化
南回归线,冬至线,又称
南方,小寒,气温下降
南方,惊蛰,气温下降
南方,比北方温和,气候特征
南方,秋意,感受到
南方,雨水,气温下降
南方地区,清明节气风俗,常见
南方地区,潮湿,需要避免
南方地区,焚香,应避免
南方地区,立夏节后进入夏季,在
南方地区北部,荷尽已无擎雨盖,呈现景象
南方地区北部,菊残犹有霜枝,呈现景象
南瓜,润燥,用于
南瓜,补中益气,具有功效
南瓜粥,大枣,含有
南瓜粥,小米,含有
南瓜粥,滋养脾胃,适合
南瓜粥,玉米,含有
南瓜粥,粥食,属于
卧室,阳气,聚集
卫气被吹散,身体反复补充阳气,导致
历书,芒种,记载
厌食,脾胃受寒,原因
厚味肥腻之品,化热生风,可能导致
厚味肥腻之品,化热生风,可能引发
厚味肥腻之品,营养不良,可能引起
厦门,新年过后,见霜时间
及时抢收秋收作物,早霜冻,可避免
及时抢收秋收作物,来年丰产,有助于
及时抢收秋收作物,连阴雨,可避免
双脚分一分,两脚分开,操作步骤
双脚分一分,双腿伸直,操作步骤
双脚分一分,坐姿,实施方式
双脚分一分,坚持片刻后恢复自然状态,操作步骤
双脚分一分,用手抓住脚趾,操作步骤
双脚分一分,脚尖回勾,操作步骤
双脚分一分,补肝肾,作用
双脚分一分,补肝肾,用于
双脚分一分,身体慢慢往下压,操作步骤
双脚受凉,失眠,引发
双脚受凉,感冒,引发
双脚受凉,支气管炎,引发
双脚受凉,消化不良,引发
反向捶腰背,牙齿叩动,后接动作
反常态运动法,倒着行走,具体做法
反舌鸟,感应到阴气出现后停止鸣叫,行为特征
反舌鸟,能学习其他鸟鸣叫,行为特征
发汗之剂,伤心,过度使用
发汗之剂,可能导致伤心,使用后果
发火生气,心律失常,引起
发火生气,心肌缺血,引起
发火生气,血压升高,引起
发热,螃蟹,忌食
发物,与春季相关,从中医角度看
发物,以免诱发或加重疾病,需慎食
发物,免疫力下降,导致
发物,动风生痰,具有
发物,发毒助火助邪,具有
发物,带鱼,应慎食
发物,忌食的食物,被定义为
发物,疾病,可能诱发
发物,菌,应慎食
发陈,发散，陈旧,含义
受凉感冒,扁桃体炎,可能引发
受凉感冒,支气管炎,可能引发
口中津液,丹田,与
口唇干燥,呼吸道疾病,属于
口干,饮水不足的表现,是
口干咽干,喝淡盐水,缓解方法
口干咽燥,茯苓,不宜食用
口燥咽干,病症,属于
口苦,肝相关,与
古书,大暑节气炎热至极,提到
古人,四时变化,谈论
古人,节气养生,关注
古人,身放松导致脊柱形成弓形,认为
古今嘉言,老年人宜遇有睡意则就枕,认为
古代民间谚语,过了白露节，夜寒日里热,内容
古语,白露节气勿露身，早晚要叮咛,内容
叩动牙齿,消毒杀菌,具有作用
叩齿,上下牙齿相叩,属于养生动作
叩齿,八九十岁时牙口良好,长期坚持的效果
叩齿,吞咽,伴随动作
叩齿,唾液,作用对象
叩齿,牙齿健康,对身体的影响
叩齿,皮肤饱满,对身体的影响
叩齿,精力充足,对身体的影响
叩齿,阴虚火热,有助于改善
叩齿保健,坚固牙齿,作用是
叩齿养生法,36次,每日执行次数
叩齿养生法,咬牙,包含动作
叩齿养生法,唾液,涉及产物
叩齿养生法,坚固牙齿,作用
叩齿养生法,早晚,执行时间
叩齿养生法,锻炼脸部肌肉,作用
可吸入颗粒物,哮喘发作,导致
台湾地区,在大暑吃凤梨,有习俗
台风,暴雨,可能引发
右手上举托天,指尖,涉及
吃仙草,广东,流行地区
吃凉了,按摩,应对方式
吃凉面,过水面,俗称
吃凉面,防暑降温,意义
吃开心食物,缓解情绪压抑,有助于
吃春菜,与鱼片一起滚汤,制作方式
吃春菜,岭南四邑,起源地区
吃春菜,开平苍城镇,具体地点
吃春菜,春分,发生时间
吃春菜,春汤,称为
吃春菜,谢姓,相关家族
吃春菜,顺口溜,伴随
吃暑羊,尧舜时期,历史起源
吃暑羊,苏北地区,流行区域
吃暑羊,鲁南地区,流行区域
吃柿子,冬天嘴唇裂开,防止
吃柿子,御寒保暖,作用
吃柿子,泉州,发生地点
吃柿子,补筋骨,作用
吃法,身体出汗,目的
吃炒面,六月伏日,源于
吃炒面,六月六,习俗时间
吃碱性食物,中和酸,作用
吃碱性食物,缓解肌肉疲倦,作用
吃秋菜,岭南地区,发生地点
吃秋菜,开平苍城镇,发生地点
吃秋菜,谢姓,相关家族
吃粥,养胃,作用
吃粥,生津,作用
吃糍粑,南方,地区
吃糍粑,小雪前后,时间
吃西瓜,免除冬天和来春的腹泻,目的
吃西瓜,防止秋季疾病,作用
吃西瓜或香瓜,避免腹泻,目的
吃鸭子,滋阴又补的作用,具有
吃龙眼,吃一只鸡,效果等同于
各色炒菜,干粉,包括
各色炒菜,菠菜,包括
各色炒菜,豆芽菜,包括
各色炒菜,韭菜,包括
各色炒菜,韭黄,包括
各色炒菜,鸡蛋,包括
吉林省榆树市环城医院电诊科,榆树,所在地
吉林艺术学院,刘英明,学位授予单位
吉林艺术学院,艺术设计,学科专业
后汛期,7～9月,发生时间段
后汛期,台风降雨,成因
后背,负日之暄,对应养生方式
后背,进行晒太阳,是最合适的部位
后背凉,气不足,原因
吐翕咽津,养生方法,属于
听音乐,安神定志,用于
吴澄,月令七十二候集解,著作
周书,小满之日苦菜秀,记载
呼吸操,锻炼项目,是一种
呼吸系统疾病,花粉过敏,与
呼吸运动,三步一呼三步一吸,可采用
呼吸运动,两步一呼两步一吸,可采用
呼吸运动,双臂自然摆动,要求
呼吸运动,放松全身肌肉,要求
呼吸运动,步伐轻松,要求
呼吸运动,深长且缓慢有节奏,建议
呼吸运动,腹部深呼吸,推荐
和胃十二指肠溃疡病,月下旬,发作高峰期
咬春,食用萝卜以缓解春困,指代
咬秋,上海,习俗转变
咬秋,赠送西瓜,表现为
咬秋,避免秋痱子,含义
咳嗽少痰,多吃新鲜蔬菜,饮食建议
咳嗽少痰,多饮水,饮食建议
咳嗽少痰,食用润肺生津食物,饮食建议
咸味,补心,用于
咸货,八角,制作原料
咸货,半月,保存时间
咸货,反复揉搓,加工方式
咸货,大盐,制作原料
咸货,桂皮,制作原料
咸货,涂抹在鱼肉禽内外,加工方式
咸货,炒熟,加工方式
咸货,用石头压住,存放方式
咸货,白糖,制作原料
咸货,肉色由鲜转暗,加工结果
咸货,花椒,制作原料
咸货,表面有液体渗出,加工结果
咸货,阴凉背光的地方,存放环境
咽干,肝相关,与
咽治病,耳后痛,症状
咽治病,肘臂诸痛,症状
咽治病,肩臑痛,症状
咽治病,背痛,症状
咽治病,颈项痛,症状
咽治病,风气积滞,病因
哈欠连天,清明,出现在
哮喘,呼吸道疾病,属于
哮喘,寒痰相关,与
哮喘,春捂,需要
哮喘,肺,涉及
哮喘,肾,涉及
哮喘,脾,涉及
唐•孙思邈,备急千金要方,著作
唾液,分作三小口咽下,处理方式
唾液,固牙齿,功能
唾液,延寿命,功能
唾液,强筋骨,功能
唾液,悦肌肤,功能
唾液,润五官,功能
唾液,身体有益,被吞咽
唾液,通气血,功能
唾液腺,唾液,分泌
啃秋,丰收的喜悦,表达的情感
啃秋,健康相关,与
啃秋,咬秋,又称
啃秋,夏日酷热难熬,寓意
啃秋,立秋,发生时间
商城县,乡村医生准入制度,实施
啤酒,畅通气血,作用
喜怒太过,肝木的疏泄,影响
喜怒太过,肾水的涵养,影响
喜阳的生物,此节气,活跃于
喜阴的生物,此节气,开始滋生于
喝冰凉的饮料,消暑,对应行为
喝水,腹泻,可能加剧
喝点小酒,全身暖洋洋,导致
喝粥,一举两得,效果
喝粥,养护脾胃,作用
喝粥,生津止渴,作用
四之气,太阴湿土,属
四九,赶上,开头
四圣心源,体质,结合
四圣心源,六气,涉及内容
四圣心源,十二月与十二经络对应理论,建立
四圣心源,同病异治,涉及内容
四圣心源,气候,结合
四圣心源,物候,结合
四圣心源,生辰禀赋,基于
四圣心源,经络与主气规律,推演
四圣心源,虚实,涉及内容
四圣心源,运气学说,运用
四圣心源,饮食,结合
四圣心源,黄元御,作者
四圣心源•六气解,厥阴风木,对应经络
四圣心源•六气解,太阳寒水,对应经络
四圣心源•六气解,太阴湿土,对应经络
四圣心源•六气解,少阳相火,对应经络
四圣心源•六气解,少阴君火,对应经络
四圣心源•六气解,阳明燥金,对应经络
四时气候变化,七幅图,相关
四白穴,眶下孔凹陷处,在
四白穴,瞳孔之下,在
四白穴,面部,位于
四立节气,五运六气,体现
四立节气,导引法,对应
四立节气,平和,体现
四肢凉,气不足,原因
四节气中医导引法,理解中医思维方式,有助于
四节气中医导引法,理解中医理论,有助于
因时制宜方法,养生,目的
因时制宜方法,调整起居活动,包括
困倦,肝相关,与
图5 脊柱全貌,脊柱全貌,展示
土圭,冬至,测定
土圭,太阳,用于观测
土地,此时,开始结冻
土气,万物之源,是
土豆,钾元素,富含
土豆,降压菜,是
圣人,保健,应
圣济总录,汗出见湿，乃生痤痱,记载
在南国,稀少,雨水仍
地减弱绿化的街道,噪音,具有
地减弱绿化的街道,没有绿化的街道,相比
地瓜姜汤,汤羹,属于
地面储存的热量,积累,在夏秋季节
地面储存的热量,补充,在冬至时
地黄粥,补虚,作用
坐功,养生,用于
坐功,盘腿坐下,具体方法包括
块棉布,花椒,用于包裹
坚果,偏温热,性味
坚果,其他季节易上火,食用禁忌
坚果,具有抗皱纹功效的维生素,含有
坚果,冬至,适宜时节
坚果,增强体质,有助于
坚果,御寒作用,具有
坚果,治疗糖尿病,作用
坚果,矿物质,富含
坚果,纤维素,富含
坚果,蛋白质,富含
坚果,防老抗癌,有助于
坚果,降低胆固醇,作用
坚果,预防冠心病,作用
坚果,预防疾病,有助于
堆雪人,户外活动,属于
增减衣服,防止着凉感冒,目的是
增加户外活动时间,加快血液循环,有助于
增加空气湿度,伤寒,可能导致
增加空气湿度,头痛,可能导致
增加空气湿度,霍乱,可能导致
增加空气湿度,食不消,可能导致
增强免疫力,应对秋燥,旨在
增强免疫力,预防疾病,目的是
增强脾胃运化功能,饮用汤品,通过
处暑,一候鹰乃祭鸟,三候
处暑,三候,分为
处暑,三候禾乃登,三候
处暑,下雨导致情绪变化,伴随
处暑,中和体内酸性代谢物,作用
处暑,二候天地始肃,三候
处暑,二十四节气,属于
处暑,二十四节气中的第十四个节气,是
处暑,云彩变得疏散而自如,导致
处暑,五味入五脏,涉及
处暑,五色入五脏,涉及
处暑,人体内阴气的盛衰转换,伴随
处暑,使神志安宁,需要注意
处暑,健身操,适宜运动方式
处暑,克服秋乏,作用
处暑,养阴护阳气,对应养生建议
处暑,初秋,处于时节
处暑,十八日后进入白露,节气时间
处暑,午睡相关,与
处暑,吃鸭子,传统习俗
处暑,外出旅游,适宜活动
处暑,多吃乌梅,饮食建议
处暑,多吃含维生素的碱性食物,饮食建议
处暑,多吃咸味食物,饮食建议
处暑,多吃山楂,饮食建议
处暑,多吃西红柿,饮食建议
处暑,多吃豆类等高蛋白植物性食物,饮食建议
处暑,多吃酸味食物,饮食建议
处暑,多食滋阴润肺食物,适宜做法
处暑,大寒,不同于
处暑,大暑,不同于
处暑,天气仍热但逐渐转凉,节气特点
处暑,天气较干燥,时节特征
处暑,天气逐渐转凉,标志着
处暑,太极拳,适宜运动方式
处暑,太阳到达黄经度,对应
处暑,寒凉食物,不宜食用
处暑,小寒,不同于
处暑,小暑,不同于
处暑,少吃油腻,饮食建议
处暑,少吃葱、姜、蒜、韭、椒等辛味食物,饮食建议
处暑,少吃辛辣食物,饮食建议
处暑,悲伤情绪,引发
处暑,情绪大起大落,需要避免
处暑,情绪安静,需要注意
处暑,支气管扩张、肺结核等疾病易复发或加重,健康风险
处暑,收敛神志,需要注意
处暑,散步,适宜运动方式
处暑,早睡早起调情绪,对应养生建议
处暑,暑气不再逼人,导致
处暑,暑气止,标志着
处暑,暑气结束,说明
处暑,暑热未消,伴随现象
处暑,有约几天流汗,之后
处暑,有说法,之日
处暑,每年公历的月～,发生时间
处暑,每月某日,交节时间
处暑,毒滞,可能导致
处暑,气候炎热逐渐减弱,期间
处暑,气温变化,反映
处暑,气温显著下降,导致
处暑,气温显著变化,标志着
处暑,气温由炎热转向寒冷,标志着
处暑,气温逐日下降,伴随
处暑,清火解毒,作用
处暑,温热内蕴,可能导致
处暑,温食,适宜饮食
处暑,炎热暑天即将结束,标志着
处暑,炎热暑天结束,表示
处暑,爬山,适宜运动方式
处暑,痢疾,可能导致
处暑,白露之前,发生在
处暑,秋冻适增衣,对应养生建议
处暑,秋季的第个节气,是
处暑,秋高气爽,节气特征
处暑,空气湿度减少,期间
处暑,立秋,紧接在
处暑,类似感冒的症状,可能症状
处暑,缓解秋乏,有助于
处暑,老鸭,吃
处暑,肃杀,自然现象
处暑,肺气舒畅,影响
处暑,腹泻,可能导致
处暑,节气,属于
处暑,花粉热的表现,可能病因
处暑,躲藏、终止,含义
处暑,适合出游,之后
处暑,适合迎秋赏景,之后
处暑,重视养肺,需要
处暑,阳气由疏泻趋向收敛,对应
处暑,需要提升脾胃功能,时节
处暑,黄经,对应节气
处暑,黄经度到达时,交节时间
处暑下雨,万人愁,被称作
处暑后,加大,昼夜温差
处暑后,逐渐转凉,天气变化
处暑坐功,处暑时,执行时间
处暑坐功,正坐,动作
处暑坐功,身体向左右扭动,动作
处暑坐功,转头,动作
处暑时节,头昏眼花,可能导致
处暑时节,旅游,适宜活动
处暑时节,视力下降,可能导致
处暑百合鸭,北京,流行地区
处暑百合鸭,处暑的传统食物,属于
处暑百合鸭,百合,使用食材
处暑百合鸭,老鸭,主要原料
处暑百合鸭,菊花,使用食材
处暑百合鸭,蜂蜜,使用食材
处暑百合鸭,陈皮,使用食材
处暑节气,人体内阴阳之气的盛衰转换,引起
处暑节气,伤风感冒,可能导致
处暑节气,冷空气到来,伴随
处暑节气,干燥少雨,气候特征
处暑节气,旧病复发,可能导致
处暑节气,由热转凉的交替时期,处于
处暑节气,秋高气爽,带来
处暑节气,空气湿质虚弱,气候特征
处暑节气,起居作息要相应调整,要求
处暑节气,阳气由疏泄趋向收敛,导致
处暑节气,雨季结束,导致
备急千金要方,唐代,成书时期
夏,夏季,属于
夏不坐木,俗语,属于
夏不坐木,温高湿重,原因
夏令时节,昼夜平分,与
夏天,内热较重,问题
夏天,夏打盹,具有
夏天,情志,应养
夏天,暑气,具有
夏天,烈日炎炎,特征
夏季,以连续五天平均气温高于℃定义,在气候学上
夏季,冷淘冰雪,应避免
夏季,冷粥,应避免
夏季,凉粉,应避免
夏季,口干舌燥,引发
夏季,口腔溃疡,引发
夏季,合理午休,起居建议
夏季,大便干结,引发
夏季,天气炎热,气候特征
夏季,小便赤黄,引发
夏季,心慌胸闷,引发
夏季,心阳,对应
夏季,昼长夜短,具有特征
夏季,晚睡早起,起居建议
夏季,晚睡早起,需要
夏季,最旺,心阳状态
夏季,月伏阴在内,养生要点
夏季,气温高,特征
夏季,湿度大,特征
夏季,炎热,具有特征
夏季,炎热,导致
夏季,睡眠不佳,引发
夏季,蜜水,应避免
夏季,避免太阳直射,需要
夏季,防暑,需要
夏季,阳气最旺,对应
夏季,阳盛于外,特点
夏季,阴气逼人,伴随现象
夏季,风邪侵袭,易导致
夏季,饮食不可过寒,养生要点
夏季,饱腹后受寒,应避免
夏季,高温酷热,天气特征
夏季出汗,损耗阴津,导致
夏季午后,西北雨,被称为
夏季情感障碍症,情绪伤阴,俗称
夏季胃口不好,身体亏虚,导致
夏日,空调,睡眠时不宜使用
夏日,风寒湿邪侵袭,容易受到
夏日养生,不发怒,建议
夏日养生,参与户外活动,建议
夏日养生,情志愉快,建议
夏日养生,晚睡早起,建议
夏日炎炎,酷暑难忍,表现为
夏病冬疗,三九,对应时节
夏病冬疗,内服药物,治疗方法
夏病冬疗,内病外治,治疗理念
夏病冬疗,冬令进补,治疗方法
夏病冬疗,冬季,适用季节
夏病冬疗,冬至,时间节点
夏病冬疗,四时特性,理论依据
夏病冬疗,夏季易加重的疾病,针对疾病
夏病冬疗,穴位贴敷,治疗方法
夏病冬疗,贴敷,治疗方式
夏病冬疗,针灸,治疗方法
夏病冬疗,阴气鼎盛,理论依据
夏至,一年中最热时期,并非
夏至,一年中阳气最旺的时间点,是
夏至,三伏开始,之后
夏至,三天,官府放假
夏至,与妻儿团聚,官员活动
夏至,中时,之后分为
夏至,二十四节气,属于
夏至,二十四节气中的第十个节气,是
夏至,体察民意,目的
夏至,作物生理和生态需水增多,时期
夏至,作物生长加快,时期
夏至,保护阳气,养生建议
夏至,倦怠,易导致
夏至,光照强烈,气候特征
夏至,公历月日前后,发生时间
夏至,养阳,养生原则
夏至,北半球一年中白昼最长、黑夜最短的一天,是
夏至,北半球一年中白昼最长的一天,是
夏至,北半球白昼最长,对应现象
夏至,北半球白昼缩短,导致
夏至,北回归线,太阳直射点
夏至,北纬°′″,太阳直射纬度
夏至,午休以补夜伤,建议
夏至,午后至傍晚常形成雷阵雨,之后
夏至,半夏生,对应
夏至,吃凉面,习俗
夏至,吃夏至面,有习俗
夏至,吃夏至面相关,与
夏至,回家与家人团聚,官员行为
夏至,困倦乏力,常伴有
夏至,地面受热强烈,之后
夏至,夏季,属于
夏至,夏至节,又称
夏至,夏节,又称
夏至,多食咸味,需要
夏至,多食酸味,需要
夏至,夜晚最短,具有
夏至,夜晚最短,特征
夏至,大汗淋漓,可能导致
夏至,天气闷热,导致
夏至,太阳几乎直射北回归线,对应地理特征
夏至,太阳直射地面位置达到一年最北端,发生时间
夏至,太阳直射点南移,标志着
夏至,太阳角度最高,对应
夏至,太阳黄经达度,对应
夏至,头时,之后分为
夏至,头痛头晕,常伴有
夏至,山东,发生在
夏至,心肌缺盐,可能导致
夏至,接近地表的热量积蓄,伴随
夏至,日影最短,对应现象
夏至,日照充足,期间
夏至,晚睡早起,建议
夏至,最长白昼,具有
夏至,月日,发生时间
夏至,末时,之后分为
夏至,气温较高,期间
夏至,炎热,气候特征
夏至,炎热,气候特点
夏至,烦躁,易导致
夏至,烧好菜,官员活动
夏至,白昼最长,具有
夏至,白昼最长,影响
夏至,白昼最长,特征
夏至,空气对流旺盛,之后
夏至,腠理开泄,人体状态
夏至,节气,属于
夏至,蝉始鸣,对应
夏至,融洽感情,目的
夏至,请左邻右舍,官员活动
夏至,防晒,养生建议
夏至,防暑,养生建议
夏至,阳气,损
夏至,阳气最旺,特征
夏至,阳气最旺,特点是
夏至,阳气最旺的时节,是
夏至,阳盛于阴,时节特点
夏至,阴气,伤
夏至,阴气开始生长,时节特点
夏至,阴阳争死生相关,与
夏至,雨点值千金,与
夏至,预防疾病,养生建议
夏至,风寒湿邪,易受
夏至,饮食原则为,时节
夏至,鹿角解,对应
夏至,黄经°,对应太阳位置
夏至日,强烈的光照,具有
夏至日,紫外线增强,导致
夏至日,阳气始衰,导致
夏至日,阴气,产生
夏至日,非常热,天气特征
夏至时节,作物生长,影响
夏至时节,咸味食物,饮食建议
夏至时节,日照充足,气候特点
夏至时节,酸味食物,饮食建议
夏至时节,高温,天气特征
夏至节气,伏旱,后续天气现象
夏至节气,凉面,适宜食用
夏至节气,华南东部,影响区域
夏至节气,夏季开始,发生时间
夏至节气,炎热的夏天到来,标志着
夏至节气,生菜,适宜食用
夏长,四季变化规律,属于
夏雨隔牛背,雷阵雨,说明
夏雨隔田埂,雷阵雨,说明
多与人交流,提升心情,有助于
多去赏花,愉悦心情,有助于
多吃水果,防暑,作用
多听音乐,为生活增添乐趣,作用
多喝水,补充丢失的水分,目的是
多梳头,通血脉,作用
多糖成分,降解癌毒素,功能
多风干燥天气,呼吸系统,影响
多风干燥天气,血液循环,影响
多食养肝之品,滋补肝之不足,用于
多食养肝之品,预防肝脏功能下降,用于
多食滋阴润肺食物,滋润肺部,目的
多食瓜果蔬菜,春季养生,有助于
多食瓜果蔬菜,防春瘟,有助于
夜伤脾胃,吐泻,后果
夜卧早起,利于阴气避藏,作用
夜晚,腹部着凉,应避免
大兴安岭北部,月底,最早见霜时间
大好时节,不宜过食辛辣燥热、肥,饮食禁忌
大好时节,多样化,饮食建议
大好时节,宜清淡,饮食原则
大好时节,谷、肉、蔬、果合理搭配,饮食建议
大寒,一年中最冷的阶段,特征
大寒,一年中的最后一个节气,是
大寒,三九进入四九,对应时段
大寒,不下雪,时节特征
大寒,二十四节气,属于
大寒,五脏精华之血减少,时节
大寒,全年最低气温,可能达到
大寒,六腑清阳之量减少,时节
大寒,养生相关,与
大寒,冰天雪地,气候特征
大寒,冷到极点,气温特点
大寒,初之气的起始时间,作为
大寒,功能性空调,建议使用
大寒,加湿器,建议使用
大寒,北方,在
大寒,南方,在
大寒,呈现冰,特点
大寒,天气寒冷程度,表示
大寒,太阳到达黄经300度,发生时间
大寒,寒冷至极,气温特点
大寒,寒气逆极,含义
大寒,寒风凛冽,气候特征
大寒,小寒,气温低于
大寒,小寒,相比
大寒,小寒,节气阶段
大寒,小寒大寒，冷成一团,与小寒并列
大寒,常有寒潮、大风天气,特点
大寒,我国大部地区一年中最冷时期之一,是
大寒,数九寒天,属于
大寒,更冷,相比小寒
大寒,气候比较干燥,特点
大寒,气象观测记录显示大寒不如小寒冷,与小寒对比
大寒,水温宜控制在℃左右,对应
大寒,立春,与
大寒,节气,属于
大寒,调补阳气,对应养生方法
大寒,阳气刚要萌生,时节
大寒,阳气汇聚,时节
大寒,阴气渐渐衰落,时节
大寒,降水凉,特点
大寒养生,冬季闭藏,顺应
大寒养生,地黄丸,涉及
大寒功法,十二月中,对应
大寒功法,四时和气不符,与
大寒功法,运主厥阴初气,关联
大寒功法,风寒雨湿邪气,提及
大寒大寒,早喝人参、黄芪酒,建议
大寒大寒,晚服杞菊,建议
大寒大寒,防风御寒,建议
大寒时节,人体新陈代谢减慢,导致
大寒时节,冬季,属于
大寒时节,冬季即将结束,标志着
大寒时节,冰天雪地,呈现
大寒时节,增加饮水量,建议
大寒时节,大地回春的迹象,隐含
大寒时节,天寒地冻,呈现
大寒时节,天气寒冷,特征
大寒时节,御寒,需要
大寒时节,散热减少,导致
大寒时节,皮肤血管收缩,导致
大寒时节,老年人动作缓慢,影响
大寒时节,老年人肌肉萎缩,影响
大寒时节,防干燥,需要
大寒节气,一冷一热,气候特点
大寒节气,农作物防寒,需要
大寒节气,农田水分供求矛盾,存在
大寒节气,孵小鸡,与
大寒节气,小寒,与
大寒节气,感冒,容易导致
大寒节气,牲畜安全过冬,需要注意
大寒节气,苦寒勿怨天雨雪，雪来遗到明年麦,有谚语
大寒节气,补阳气,养生原则
大寒节气,阳气萌生,特征
大寒节气,阴气渐衰,特征
大寒节气,雨水最少的时段,是一年中
大寒节气,雨雪天气,常出现
大巴山,南方地区北部,位于
大巴山,寒潮,阻挡
大暑,40℃的酷热,常见天气
大暑,一年中最炎热的季节,是
大暑,三候,分为
大暑,下丘脑的情绪调节中枢,影响
大暑,下午气温超过40℃,时节
大暑,中伏,处于
大暑,中伏前后,发生时间
大暑,中暑,可能引发
大暑,二伏前后,处于
大暑,二十四节气,属于
大暑,二十四节气中的第十二个节气,是
大暑,五谷不结相关,与
大暑,人主心,包含
大暑,人体出汗较多,导致
大暑,体疲劳,导致
大暑,全年温度最高的节气,是
大暑,六月中,在
大暑,农历书,记载于
大暑,冬瓜,适宜食用
大暑,华南,发生时段
大暑,厌食,导致
大暑,吃仙草,习俗
大暑,吃米糟,节令习俗
大暑,吃羊肉,节令习俗
大暑,吃荔枝,节令习俗
大暑,向立秋过渡,过渡时期
大暑,土地潮湿,气候特征
大暑,土润溽暑,包含
大暑,地面气候资料,依据
大暑,地面积累辐射热,导致
大暑,夏天,属于
大暑,夏天相关,与
大暑,夏季,属于
大暑,夏季炎热的顶端,是
大暑,夏季的最后一个节气,是
大暑,外,应避免
大暑,夜间睡眠,影响
大暑,大雨时行,包含
大暑,天气炎热,对应
大暑,天气现象,对应
大暑,天气酷热,特征
大暑,天气闷热,特征
大暑,太阳到达黄经,对应
大暑,太阳到达黄经度,对应
大暑,室内降温,应注意
大暑,小暑,与
大暑,小暑,比
大暑,山药,适宜食用
大暑,强烈的阳光照射,具有
大暑,日照最多,特征
大暑,"早晨立了秋,晚上凉飕飕",俗谚
大暑,晒着太阳,时节特征
大暑,月令七十二候集解,与
大暑,气候现象,是
大暑,气温日较差逐渐变大,导致
大暑,气温最高,特征
大暑,温度高,气候特征
大暑,潮气旺,气候特征
大暑,潮湿闷热,特征
大暑,炎热天气,伴随
大暑,物极必反,符合
大暑,瓜蔬豆粥,推荐饮食
大暑,田地开裂,时节特征
大暑,"白天很热,夜晚较凉爽",伴随现象
大暑,盛夏,属于
大暑,神经系统,影响
大暑,禁食生凉食物,饮食禁忌
大暑,立秋,紧接
大暑,"立秋一日,水冷三分",俗谚
大暑,老鸭,适宜食用
大暑,肝火妄动,导致
大暑,腐草为萤,包含
大暑,自我保健,涉及
大暑,节气,属于
大暑,苦夏散步,推荐养生方式
大暑,茯苓,适宜食用
大暑,萤火虫产卵,伴随现象
大暑,薏米,适宜食用
大暑,身湿,导致
大暑,避暑乘凉,推荐养生方式
大暑,酷暑难当,时节特征
大暑,酷热,通常伴随
大暑,酷热难耐,特征
大暑,闷热,气候特征
大暑,防暑降温,强调
大暑,阳气最盛的特点,具有
大暑,阳气盛,气候特征
大暑,降温,需要
大暑,除湿,需要
大暑,雷阵雨最多的季节,是
大暑,雷雨出现,气象变化
大暑,静养,建议
大暑,食欲下降,导致
大暑,饮茶薷香,推荐养生方式
大暑,饮食调理,涉及
大暑,高温,特征
大暑,高温天气,对应
大暑,高温时期,标志着
大暑,黄经°,对应
大暑时期,胃口变差,对应问题
大暑时节,中暑,易发生
大暑时节,充足的睡眠,需要
大暑时节,剧烈运动,应避免
大暑时节,在微感乏累时入睡,建议
大暑时节,在过于困乏时睡觉,避免
大暑时节,外出活动,建议减少
大暑时节,散步,适宜进行
大暑时节,早晚,推荐在
大暑时节,昼夜温差较大,具有
大暑时节,桑拿天,应避免
大暑时节,湿邪主气,对应
大暑时节,皮肤腠理开合频繁,导致
大暑时节,艾叶,适宜使用
大暑时节,长时间露天活动,建议减少
大暑时节,闷热且潮湿,天气特征
大暑期间,预防阴暑,需注意
大暑老鸭胜补药,民间,来源
大暑节气,一年中最热的阶段,对应
大暑节气,三伏天的中伏,处于
大暑节气,中风,可能导致
大暑节气,健忘,可能导致
大暑节气,多汗,可能导致
大暑节气,夜不寐现象,与
大暑节气,心情郁结,可能导致
大暑节气,暑湿之气较重,伴随症状
大暑节气,肩背痛,可能导致
大暑节气,谚语'冷在三九，热在中伏'相吻合,与
大暑节气,食欲减退,可能导致
大暴雨天气,导致身体受寒,与白露的关系
大枣,肝脏有益,对
大枣,调养身体,适合食用
大枣乌梅汤,乌梅,成分包括
大枣乌梅汤,养生药膳,属于
大枣乌梅汤,冰糖,成分包括
大枣乌梅汤,大枣,成分包括
大枣乌梅汤,生津润燥食物,属于
大枣乌梅汤,节气特点,与节气特点相关
大椎穴,发热,适用于
大椎穴,按法,可通过
大椎穴,揉法,可通过
大椎穴,搓摩法,可通过
大椎穴,背部最高点,位于
大椎穴,诸阳之会,别称
大椎穴,高烧,适用于
大气污染,大雾,可能伴随现象
大气污染,大风,可能伴随现象
大汗后,淡盐开水,应饮用
大汗后,绿豆汤,应饮用
大汗后,西瓜汁,应饮用
大汗后,酸梅汤,应饮用
大汗淋漓,汗泄太多,导致
大汗淋漓,津液丢失,导致
大汗淋漓,阳气损耗,会导致
大白天,想睡觉,可能引发
大肠,三个穴位,与
大脑,思维活动增强,因神经反射刺激而
大脑,理解力提高,因神经反射刺激而
大脑,记忆力提高,因神经反射刺激而
大脑供血不足,头痛,导致
大脑供血相对减少,困意频繁,导致
大腿的外侧,外裤线,对应
大葱,钾元素,富含
大蒜,助阳之物,属于
大蒜,助阳类菜肴,属于
大蒜,钾元素,富含
大蛤立冬挽肘侧推式,以手掌温度熨敷该处,包括
大蛤立冬挽肘侧推式,向身体侧前方推掌,包括
大蛤立冬挽肘侧推式,明代养生学发展成就与特点,起源于
大蛤立冬挽肘侧推式,用手掌按抚另一手臂内侧,包括
大豆,钾元素,富含
大量出汗,需要避免饮用过量白开水或糖水,导致
大量喝水,类似中暑的症状,可能引发
大雪,0℃或以下,与气温相关
大雪,二十四节气,属于
大雪,二十四节气中的第二十一个节气,是
大雪,人体增加碳水化合物的分解,导致
大雪,人体增加脂肪的分解,导致
大雪,人体增加蛋白质的分解,导致
大雪,保养阳气,需要
大雪,天寒地冻,意味着
大雪,太阳到达黄经度,发生条件
大雪,寒季,属于
大雪,封藏阳气,需要
大雪,小雪节气,相对于
大雪,更大的降雪可能性,具有
大雪,深冬,对应季节
大雪,腌肉,习俗
大雪,进补时节,进入
大雪,降水情况,反映
大雪,降雪冰冻,伴随
大雪,隆冬时节,标志着
大雪,雪盛,引申义
大雪,雪量大,含义
大雪冬至后,篮装水不漏,对应
大雪的交节时间,进补有关,与
大雪纷飞,岁寒茫茫,伴随现象
大雪节气,冬季,属于
大雪节气,北方,发生地区
大雪节气,北方,发生地点
大雪节气,天气变冷,特征
大雪节气,天气变凉,标志着
大雪节气,寒风萧萧,伴随
大雪节气,我国北方大幅降温降雪,导致
大雪节气,腌制咸货,对应活动
大雪节气,银装素裹,特征
大雪节气,降雪,特征
大雪节气,雪花飘飘,伴随
大风天气,人体流失水分,导致
大风天气,神经系统,影响
大风暴,人类,对
大风暴,健康,对
大风暴,采取防护措施,需要
大骨冬瓜汤,汤羹,属于
大鱼大肉,油腻辛辣的食物,应避免食用
大麻,棉丝,属于
天人合一,阴阳平衡,属于
天人合一,黄帝内经,出自
天人合用,加强人体内外环境联系,作用
天人合用,时间,涉及内容
天人合用,空间,涉及内容
天人合用,防治,目的
天人相应,天人合一,属于
天地间万物,开始凋零,变化
天寒地冻,生活不便,带来
天气,下肢及脚部保暖,需要注意
天气,不冷也不热,特征
天气,以寒为主,主要特点
天气,使身体保持微微出汗,建议
天气,天高气爽,特征
天气,气候宜人,特征
天气,添减衣物,需要
天气,雪,主要降水形式
天气乍暖还寒,细菌病滋生,导致
天气乍暖还寒,节奏和缓的运动,适合
天气乍暖还寒,防风保暖,需要
天气变化,适时添加衣服,要求
天气变寒,增加热量,需要
天气变寒,调整饮食,需要
天气寒冷,土壤冻结,导致
天气寒冷,小麦,影响
天气寒冷,果树,影响
天气寒冷,河流封冻,导致
天气寒冷,瓜菜,影响
天气寒冷,畜禽,影响
天气干燥,水汽蒸发速度,影响
天气异常湿热,出汗多,引起
天气异常湿热,祛暑益气,需要
天气渐热,体重变化,导致
天气炎热,人体出汗较多,导致
天气炎热,喝冰凉的饮料,应对方式
天气炎热,心静,需要
天气热,人们吹空调,导致
天气热,人们食用冷饮,导致
天气热,人们饮用冰水,导致
天气豆,绿豆,指代
天气豆,赤小豆,指代
天气豆,黑豆,指代
天气转暖,春困,导致
天气转暖,致病细菌和病毒生长繁殖加快,导致
天气较干燥,燥邪,易引发
天气闷热,中暑,可能导致
天津,吃西瓜或香瓜,立秋习俗
天空晴朗,排解心情抑郁,有助于
天高气爽,抗原抗体增多,导致
天麻,保健食物,属于
天麻鱼头汤,风邪,用于防治
太初历,二十四节气的天文位置,确立
太初历,公元前年,制定时间
太极,气功功法,属于
太极圈,两胁下痛引小腹,相关症状
太极圈,呕逆,相关症状
太极圈,四肢满闷,相关症状
太极圈,头痛,相关症状
太极圈,目肿痛,相关症状
太极圈,目赤肿痛,相关症状
太极圈,眩冒,相关症状
太极圈,耳无阳,相关症状
太极圈,肝逆,相关症状
太极圈,胸满,相关症状
太极圈,脱色,相关症状
太极圈,阴阳理论,体现
太极圈,面尘,相关症状
太极圈,面青,相关症状
太极圈,颊肿,相关症状
太极圈,飱泄,相关症状
太极拳,传统健身运动,是一种
太极拳,体质虚弱者的最佳锻炼方法,是
太极拳,增加肺活量有作用,对
太极拳,慢性病患者的最佳锻炼方法,是
太极拳,改善慢性呼吸病患者的肺功能有作用,对
太极拳,老年人的最佳锻炼方法,是
太极拳,进行深沉而缓慢的呼吸,有助于
太清二十四气,人体阴阳转变,涉及
太清篇,万物生于春，长于夏,记载
太清篇,生长之门,包含
太清篇,逆其根则伐其本，坏其真矣,提出
太阳,光明和温暖,提供
太阳,北回归线,直射
太阳,北回归线转移,向
太阳,黄经,到达
太阳大风暴,每年一次,发生频率
太阳直射位置,向北移,变化方向
太阳直射位置,逐渐移向南半球,随季节变化
失眠多梦,病症,属于
头,所有阳经汇聚的地方,是
头,直接对着太阳,不宜
头,诸阳之会,是
头,诸阳之会,被认为是
头,风寒,最易受到
头伏,吃饺子,传统食俗
头发稀疏的老人,手指,使用工具
头发稀疏的老人,梳头,进行动作
头昏眼花,夏季胃口不好,原因
头朝西,睡觉时,养生建议
头朝西,秋冬,适用季节
头痛头晕,体表血管扩张,可能原因
头顶痛,肝相关,与
女性,需壮阳,在小寒时节
女性宫寒,5个症状,相关症状
姜,健脾暖胃,功效
姜,兴奋提神,作用
姜,化痰止咳,功效
姜,增进食欲,作用
姜,开胃健脾,作用
姜,排汗降温,作用
姜,改善失眠,作用
姜,温,性味
姜,温性调料,是
姜,燥热之品,属于
姜,祛寒,功效
姜,缓解厌食,作用
姜,缓解疲劳乏力,作用
姜,肠道内热堆积,会加重
姜,防止肚腹受凉,作用
姜,阳性,归经
姜,预防感冒,作用
子午觉,养生道理,符合
子午觉,养阳,有助于
子午觉,养阴,有助于
子午觉,心脑血管病,有助于降低
子午觉,防病保健意义,具有
子时,人体经气合阴,对应
子时,养阴,适合
子时,午时,与
子时,多喝弱水,建议饮品
子时,多食新鲜蔬菜、水果,建议饮食
子时,少食坚果,建议饮食
子时,肝经循行时,是
子时,阳气衰,特征
子时,阴气最盛,特征
存想腹胃,养生方法,属于
孙思邈,唐代,时代
孙思邈,春天不可薄衣,提出
孙思邈,春日宜阳防疫病,观点
孙思邈,百岁医家,是
孙思邈,节气养生应晚起、避寒就温,提出观点
孝经援神契,小暑后十五日斗指,记载
孝经援神契,"未为大暑,六月中",记载
季春之月,万物发陈,时节特征
季春之月,养脏气,适宜行为
季春之月,卧早起早,适宜行为
季春之月,向旺,心脏状态
季春之月,天地俱生,时节特征
季春之月,气伏,肝脏状态
季春之月,益肝补肾,建议措施
季春之月,阳炽阴伏,时节特征
季节,冬至,从
安岭以北地区,冬季,进入
安岭以北地区,月上旬,在
安耳朵,防止耳朵冻坏,含义
宣肺化痰,缓解秋燥,适用于
室内,开窗通风,应进行
室内,暖气,常使用
室内,洒水,应采取
室内,空调,常使用
室内供暖,室外寒冷,与
室内通风,保持干燥,有助于
室内通风,开窗,与
室外气温,运动适宜性,影响
宫寒,冷食,需要避免
宫寒,红糖姜茶缓解,在阴冷天气可通过
宫寒,食用凉的食物后补以热食,建议通过
宫寒,食用热的食物,建议通过
家庭治疗,精神分裂症复发率,与
家禽家畜,防疫,需要措施
宽中,中医养生方法,属于
宽胸膈,中医养生方法,属于
寒,脾胃机能,影响
寒从脚下起,养生相关,与
寒从脚下起,双脚受凉,说明
寒冬季节,冠心病,涉及疾病
寒冬季节,动脉硬化,涉及疾病
寒冬季节,高血压,涉及疾病
寒冷,四肢僵硬,导致
寒冷冬季,脚部保暖,影响
寒冷冬季,阳气生长相关,与
寒冷冬季,阴气强盛相关,与
寒冷刺激,旧患,可能引发
寒冷天气,抑郁症,可能导致
寒冷气候,人体耐受能力,影响
寒冷气候,免疫功能,影响
寒冷环境,进食高热量食品,通过
寒冷的冬天,人体身心健康有影响,对
寒冷的刺激,新溃疡,可能导致
寒冷的刺激,溃疡的修复,不利于
寒冷的刺激,胃肠的防御屏障,破坏
寒冷的刺激,胃肠蠕动,扰乱
寒冷的感觉,冷辐射,由
寒冷的日子,人们喜欢热乎乎的东西,导致
寒凉,脾胃阳气有害,对
寒性凝滞,关节痛,导致
寒性凝滞,心脑血管疾病,导致
寒性凝滞,颈椎病,导致
寒性食物,温性调料,需配合
寒气,子宫,威胁
寒水洗浴,热气内郁,导致
寒流侵袭,我国北方,发生地点
寒湿之邪,疾病,可能引发
寒潮,中国大部分地区,南下频繁
寒潮,关节疼痛,易引发
寒潮,冬季,影响
寒潮,剧烈的降温,伴随
寒潮,寒露时节,发生于
寒潮,慢性气管炎,易引发
寒潮,最多的月份,出现在
寒潮,秋季,影响
寒潮,肺气肿,易引发
寒潮,风寒湿痹,易引发
寒潮过程,雨水季节,高发时节
寒痰,肺,贮存在
寒痰,脾,来源于
寒邪,与阳气相关,在中医理论中
寒邪,头,容易侵袭
寒邪,胸,容易侵袭
寒邪,脚,容易侵袭
寒露,东北地区,影响区域
寒露,乙脑,引发
寒露,二十四节气中的第十七个节气,是
寒露,云南局部地区有雷声,期间
寒露,冷空气,伴随
寒露,南岭及以北广大地区,影响区域
寒露,四川局部地区有雷声,期间
寒露,大部分地区受冷高压控制,影响
寒露,天气变冷,伴随
寒露,天气渐凉,导致
寒露,天气由凉爽向寒冷过渡,导致
寒露,天气转凉,象征
寒露,寒,天气特点
寒露,寒露寒露，遍地冷露,对应俗语
寒露,感冒,导致
寒露,我国绝大部分地区雷暴消失,期间
寒露,日照减少,导致
寒露,昼夜温差大,导致
寒露,晴空万里,带来
寒露,气候渐冷,导致
寒露,气温低于白露,气候特征
寒露,深秋,呈现景象
寒露,深秋景象,呈现
寒露,疟疾,引发
寒露,白云红叶,可能出现
寒露,秋季,对应季节
寒露,秋季,属于
寒露,秋意渐浓，寒气渐重之时,发生时间
寒露,秋燥,适宜进食时间
寒露,秋风肃杀,伴随现象
寒露,秋高气爽,使人感受
寒露,老慢支,诱发
寒露,肠道传染病,引发
寒露,胃病,诱发
寒露,脑血栓发病率增加相关,与
寒露,脚不露,谚语
寒露,节气,属于
寒露,节气养生指南,涉及
寒露,西北地区,影响区域
寒露,调养阴经的关键期,是
寒露,贵州局部地区有雷声,期间
寒露,轻触即感透心凉意,特征
寒露,道路两旁的霜,可能出现在
寒露,阳气渐退,标志着
寒露,阴气渐生,标志着
寒露,雪害严重季节,对应
寒露,霜冻,可能引发
寒露,露水更冷接近凝结成霜,气候特征
寒露,青草上露珠寒光四射,伴随现象
寒露,风起叶落,引发
寒露,高原地区,发生在
寒露时节,冷空气南下,对应气候现象
寒露时节,出游赏菊,活动建议
寒露时节,天气干爽,特征
寒露时节,寒流南下,可能影响
寒露时节,心脑血管病,导致健康风险
寒露时节,润肺生津的汤水,建议饮食
寒露时节,秋燥,导致
寒露时节,菊花傲然怒放,特征
寒露时节,降水,伴随天气变化
寒露时节,雨水渐少,特征
寒露时节,饮食调养,应进行
寒露节,吃螃蟹,习俗
寒露节,母蟹,最佳食用对象
寒露节,秋风送爽,时节特征
寒露节,菊黄蟹肥,时节特征
寒露节,西风响，蟹脚痒,对应俗语
寒露节,进食肥蟹,后
寒露节气,二十四节气,属于
寒露节气,史书记载,记载于
寒露节气,增添衣服,建议
寒露节气,防寒保暖,建议
寒露节气,露寒而冷，将欲凝结,特征是
寒露节气,黄经度,对应
寒食清明节,子推被烧死,起始事件
寒食清明节,家家吃冷食,习俗
寒食清明节,禁止烟火,习俗
寒食节,两千余年,持续时间
寒食节,冷节,也称
寒食节,吃冷食,习俗
寒食节,斗卵,包含风俗
寒食节,民间第一大祭日,曾被称为
寒食节,清明的前一天,发生在
寒食节,清明节前一两日,发生时间
寒食节,牵勾,包含风俗
寒食节,百五节,也称
寒食节,祭扫,包含风俗
寒食节,禁烟火,习俗
寒食节,禁烟节,也称
寒食节,秋千,包含风俗
寒食节,踏青,包含风俗
寒食节,蹴鞠,包含风俗
对流天气,强降水,导致
导引,二十四节气坐功导引法,属于
导引,按摩,并列
导引,药饵,并列
导引,针砭,并列
导引功,上体向左转,动作包括
导引功,两手相叠按右大腿,动作包括
导引功,盘坐,练习方式
导引功,脖项向左扭转牵引,动作包括
导引法,临床,应用于
导引法,天人合一理论,基于理论
导引法,疾病后期康复治疗,应用于
导引法,简便易行,具有特点
导引法,运气相关,与
导引法,配图,配有
小便过多,茯苓,不宜食用
小妙招,喝点小酒,建议
小妙招,脚部穴位按摩法,内容
小妙招,风热感冒,用于预防和辅助治疗
小妙招,饮用美味汤,用于
小妙招,鼻炎,针对
小孩,适时增减衣物,应注意事项
小寒,一年中最冷的时段,属于
小寒,一年中最寒冷的日子,标志着
小寒,三九,之后进入
小寒,三九天,正值
小寒,三九天,节气后进入
小寒,三九隆冬,处于
小寒,严寒期,标志着
小寒,二九的最后几天,发生时段
小寒,二九结束时,出现在
小寒,二十四节气,属于
小寒,农历十月,属于
小寒,冬季的第五个节气,是
小寒,冷成冰团,俗语描述
小寒,冷空气影响,受
小寒,合理锻炼,建议措施
小寒,地面积蓄热量未完全亏损,交节日
小寒,大寒,与
小寒,大寒,对应节气
小寒,大寒,气温高于
小寒,大寒,至
小寒,天气寒冷程度,表示
小寒,寒冷时段,属于
小寒,寒冷相关,与
小寒,寒意逼人,气候特征
小寒,小寒大寒不下雪，小暑大暑田开裂,对应谚语
小寒,小寒胜大寒,俗称为
小寒,小暑,与
小寒,干冷,气候特征
小寒,提升肝胆气血的好时机,正值
小寒,月初寒尚小,节气特点
小寒,来年降雨,影响
小寒,气盛极而衰,节气特点
小寒,田地干旱开裂,可能导致
小寒,腊八粥,对应节气习俗
小寒,节气,属于
小寒,节气养生,属于
小寒,调理起居,建议措施
小寒,阳气开始萌芽,与阳气关系
小寒,阴冷干燥,气候特征
小寒,阴盛阳衰,对应人体状态
小寒,降雪,时节特征
小寒,需要保养肾,期间
小寒,食补,建议措施
小寒,黄河流域,起源地区
小寒,黄经285度,发生时间
小寒时节,冬季,属于
小寒节气,身体锻炼,适合
小暑,一年中最热的时候,不是
小暑,三叶适宜冲泡,节气特征
小暑,中暑,可能导致
小暑,二十四节气中的第十一个节气,是
小暑,人体阳气活动旺盛,特点
小暑,伏天的开始,标志着
小暑,倒黄梅,关联气象特征
小暑,北方冷空气势力较强,期间
小暑,可能出现,期间
小暑,地热蒸腾,特点
小暑,夏季,属于
小暑,夏季灭火,中医称
小暑,夏季的晴雨表,是
小暑,夏季的节气,是
小暑,大暑,与
小暑,天和,节气描述
小暑,天气现象,对应
小暑,天气转热,标志着
小暑,失眠,常见症状
小暑,平均气温接近,时期
小暑,情志调节,需要关注
小暑,手臂浮肿,常见症状
小暑,春夏养阳,对应养生原则
小暑,每年月日或日之间,对应太阳黄经度
小暑,气候炎热的特点,具有
小暑,淮河、秦岭一线以北地区,发生于
小暑,清淡饮食,对应养生建议
小暑,清热降火的作用,具有
小暑,温风至,分为
小暑,炎热,对应气候
小暑,炎热,气候特点
小暑,炎热,特征是
小暑,炎热天气,伴随
小暑,炎热湿闷,时节特征
小暑,烦躁不安,易引发
小暑,田地开裂,时节特征
小暑,眼睑浮肿,常见症状
小暑,节气,属于
小暑,蟋蟀居宇,分为
小暑,血解毒,分为
小暑,锋面雷雨,引发
小暑,长江中下游,影响区域
小暑,长江中下游地区与南方暖空气对峙,导致
小暑,降水明显增加,标志着
小暑,雨量集中,伴随
小暑,雷雨,伴随天气现象
小暑,骄阳普照,特点
小暑,高温时期,标志着
小暑,鹰始鸷,分为
小暑时节,吃暑羊,传统习俗
小暑时节,太极拳,适宜活动
小暑时节,广播操,适宜活动
小暑时节,慢跑,适宜活动
小暑时节,散步,适宜活动
小暑时节,治疗风湿痹症等疾病的最佳时机,是
小暑时节,消化道疾病,易发
小暑时节,游泳,适宜活动
小暑时节,红眼病,易发
小暑时节,过分剧烈的活动,应避免
小暑节分,多糖,影响
小暑节分,天气炎热,气候特点
小暑节分,脂肪,影响
小暑节分,起居养生,养生要点
小暑节分,运动养生,养生要点
小暑节分,降雨增多,气候特点
小暑节气,一年中最热的季节,属于
小暑节气,三花三叶三豆三果,饮食概括为
小暑节气,上蒸下煮,常被形容为
小暑节气,中暑,期间易发生
小暑节气,保持心态平和,适宜
小暑节气,关节炎,可能导致
小暑节气,吃绿豆芽,有习俗
小暑节气,吃蜜汁藕,有习俗
小暑节气,吃黄鳝,有习俗
小暑节气,在木质凳椅上久坐,建议避免
小暑节气,夏季到来,标志着
小暑节气,太极拳,适宜运动方式
小暑节气,少动多静,适宜
小暑节气,情绪稳定,适宜
小暑节气,扁豆,宜煲制
小暑节气,散土茯苓,宜煲制
小暑节气,旅游,适宜活动
小暑节气,步行,适宜运动方式
小暑节气,汤或粥,宜饮用
小暑节气,泽泻,宜煲制
小暑节气,清热祛暑,饮食原则
小暑节气,游泳,适宜运动方式
小暑节气,猪苓,宜煲制
小暑节气,瑜伽,适宜运动方式
小暑节气,瓜,宜食用
小暑节气,痔疮,可能导致
小暑节气,苦瓜,宜食用
小暑节气,荷叶,宜食用
小暑节气,薏苡仁,宜煲制
小暑节气,风湿,可能导致
小暑节气,饮食应以清淡为主,之后
小暑雨如银,大暑雨如金,对应
小满,万物生长渐满,与自然现象相关
小满,万物生长渐盈满,对应自然现象
小满,三候,分为
小满,二十四节气,属于
小满,二十四节气中的第八个节气,是
小满,五月下旬,节气时间
小满,保持心情舒畅,生活建议
小满,公历日期,对应
小满,养生建议,对应
小满,北方大麦、冬小麦籽粒渐见饱满,发生时
小满,华北地区相关联,与
小满,吃苦,时节饮食建议
小满,吃苦菜,习俗
小满,周书,记载于
小满,因麦类未全熟，故命名,原因说明
小满,夏季的第二个节气,是
小满,夏收作物结果期,对应
小满,夏熟作物籽粒灌浆饱满,标志着
小满,太阳到达黄经°时,发生时间
小满,太阳到达黄经度,发生于
小满,小满不满，干断田坎,对应说法
小满,小满不满，芒种不管,对应说法
小满,小满不满，麦有一险,对应说法
小满,尚未完全成熟,节气特征
小满,情绪波动,对应
小满,手厥阴心包经,对应
小满,抑制怒火,生活建议
小满,拍打心包经,适宜养生方法
小满,无法栽插水稻,可能导致
小满,未成熟,节气阶段
小满,每年月日到日之间,发生在
小满,气候变化相关,与
小满,气温升高,之后
小满,气温升高,导致
小满,气温升高,节气特征
小满,清热利湿,饮食建议
小满,湿气较重,之后
小满,湿热,气候特点
小满,田坎干裂,可能导致
小满,节气,是
小满,芒种节气期间,至
小满,苦菜,与植物相关
小满,苦菜相关,与
小满,苦菜秀,一候
小满,菜的时节,属于
小满,适量户外运动,生活建议
小满,避免迎风或露天睡觉,注意事项
小满,雨水增多,时节
小满,雨量增加,伴随
小满,雨量开始增加,之后
小满,靡草死,二候
小满,风火煽,伴随
小满,麦秋至,三候
小满,麦类生长至小满阶段,与农作物相关
小满,黄河以南到长江中下游地区,出现在
小满时,小睡,建议
小满时节,冬瓜,适宜食用
小满时节,南方地区,需要关注
小满时节,增强脾胃运化功能,适合
小满时节,山药,适宜食用
小满时节,气温急剧下降,导致
小满时节,气温明显增高,标志着
小满时节,湿气重,特征是
小满时节,烦躁不安,易导致
小满时节,脾经,气血旺盛于
小满时节,防湿,需要注意
小满时节,雨水多,特征是
小满时节,雨水逐渐增多,伴随
小满节气,夏季开始,标志着
小满节气,夏熟作物的籽粒开始灌浆饱满但未成熟,含义是
小满节气,天气变化,需要关注
小满节气,天气特点,期间
小满节气,忌大汗,运动注意事项
小满节气,收获的前奏,标志着
小满节气,春夏养阳时期,属于
小满节气,昼夜温差大,引起
小满节气,昼夜温差较大,特征
小满节气,气温升高,导致
小满节气,气温变化,期间
小满节气,气温明显升高,特征
小满节气,注意保暖,建议
小满节气,湿热天气,伴随
小满节气,炎热夏季的开始,标志着
小满节气,生气,对应养生建议
小满节气,皮肤病,关联
小满节气,着凉受湿,建议避免
小满节气,练‘小满四月坐功,适宜活动
小满节气,节气养生指南,对应
小满节气,芒种节气,至
小满节气,避免着凉引发感冒,提醒
小满节气,雨量增多,伴随
小满节气,风疹,关联
小睡,一个小时,持续时间
小米,健脾益胃,具有功效
小肠,三个穴位,与
小肠经,口疮,可缓解
小肠经,听力下降,可缓解
小肠经,咽痛,可缓解
小肠经,耳聋,可缓解
小肠经,耳鸣,可缓解
小肠经,颧骨斑点,可缓解
小肠经,鱼尾纹,可缓解
小阳春,冬作物,对
小阳春,十月,发生时间
小雪,中原地区,地理分布
小雪,二十四节气中的第二十个节气,是
小雪,冬季,属于
小雪,半冰半融,特征
小雪,南方地区,地理分布
小雪,地面露珠变为霜,导致
小雪,天气寒冷,特征
小雪,气候变冷,标志着
小雪,深秋,发生时间
小雪,湿雪,气象学称谓
小雪,空气中雨变成雪花,导致
小雪,米雪,可能降下
小雪,腌菜,习俗
小雪,节气,属于
小雪,节气,是
小雪,落地即化,特征
小雪,降水形式由雨变雪,特征
小雪,降水节气,属于
小雪,雪下得次数少,特点
小雪,雪量不大,特点
小雪,黄经度,对应太阳黄经度
小雪节气,三候,分为
小雪节气,关节炎,影响
小雪节气,冬天感觉更浓,影响
小雪节气,冬季,对应季节
小雪节气,冬季情感失调症,导致
小雪节气,厌世,引发
小雪节气,大雪节气,发生时间
小雪节气,"天气上升,地气下降",二候
小雪节气,失眠,引发
小雪节气,室内供暖,导致
小雪节气,室外寒冷,引发
小雪节气,心情,影响
小雪节气,心脑血管疾病,影响
小雪节气,悲观,引发
小雪节气,抑郁症,导致
小雪节气,抑郁症,影响
小雪节气,更冷,对应天气
小雪节气,消化系统疾病,影响
小雪节气,烦躁,引发
小雪节气,羟色胺功能减弱,导致
小雪节气,虹藏不见,一候
小雪节气,西北风,伴随天气现象
小雪节气,闭塞而成冬,三候
小雪节气,阴冷晦暗,天气特征
小雪节气,阴冷晦暗的天气,伴随
小雪节气,降雪的起始时间和程度,体现
小雪节气,黄河流域开始降雪,特征
小麦,寒的皮,具有
小麦,热的肉,具有
少吃生冷食物,预防寒冷刺激,建议
少寐,老人之大患,是
少辛,减少肺气的耗散,目的
少辛增酸,秋燥,用于预防
尿频,茯苓,不宜食用
居室内的环境卫生,开窗通风,需要
山东,过水面习俗,有
山地林区,空气干燥,受到
山地林区,风力加大,受到
山药,不燥不腻的温补特性,具有
山药,保养,作用
山药,健脾益胃,作用
山药,健脾益胃,具有功效
山药,健脾补肺,功效
山药,冬瓜,与
山药,固肾益精,作用
山药,富含植物蛋白质的食物,属于
山药,富含维生素的食物,属于
山药,延寿命,养生价值
山药,强筋骨,养生价值
山药,悦肌肤,养生价值
山药,止泻化痰,作用
山药,润五官,养生价值
山药,润肺止咳,作用
山药,滋补三脏食物,属于
山药,男士,适合人群
山药,白露节气,用于食疗
山药,肺虚咳嗽,适应症
山药,肾虚遗精,适应症
山药,脾虚泄泻,适应症
山药,良好的滋补三脏效果,具有
山药,通气血,养生价值
山药,钾元素,富含
山药,防治秋燥,功效
山药,阴阳兼补,具有
山药冬瓜汤,增强抵抗力,用于
山药冬瓜汤,调理身体,用于
山药芡实薏米粥,哮喘患者,适合
山药芡实薏米粥,张锡纯创制,由
嵇康,养生论,著述
川贝,中药,属于
川贝,防治秋燥,用于
巢元方,应多食甘味食物,认为
巢元方,应少吃酸味食物,认为
巢元方,梳头有通肝气的作用,认为
干咳,呼吸道疾病,属于
干旱,三秋,对
干旱,谷雨期间,出现在
干热风,小麦粒籽干瘪而减产,会导致
干热风,日平均气温超过35℃,需要条件
干热风,空气相对湿度低于30%,需要条件
干热风,风速高于每秒3米,需要条件
干燥多风,沙尘天气,导致
干燥的空气条件,呼吸道疾病,会加重
平肝之品,荠菜,包括
平肝之品,萝卜,包括
平肝之品,青菜,包括
年老体弱之人,适时添加衣服,需要
年莉,明代养生学发展成就与特点,作者
年轻夫妇,每周一次,性生活频率
年轻女性,不觉异常,对季节变化
年龄在60～69岁之间的人,每周至少吃一次鱼,饮食习惯
广州,新年过后,见霜时间
广州,珠江三角洲,位于
广州中医药大学,学生处,下属部门
广州中医药大学,广东,所属地区
广州中医药大学,广州,所在地
广州中医药大学第二临床医学院,广东省,位于
广步于庭,健走,指代
广步于庭,慢跑,指代
床垫,经常晒晒,需要
座疮,天气闷热,与
座疮,潮湿,与
开封市中医院,便民措施,提供
开封市中医院,南瓜,推荐食物
开封市中医院,扁豆,推荐食物
开封市中医院,栗子,推荐食物
开封市中医院,核桃,推荐食物
开封市中医院,桂圆,推荐食物
开封市中医院,燕麦,推荐食物
开封市中医院,糯米,推荐食物
开封市中医院,红枣,推荐食物
开封市中医院,高粱,推荐食物
开封市中医院,黑米,推荐食物
开怀支着,情志不舒,用于应对
开空调,使寒邪侵入人体,会
开窗,谷雨节气当令及前后各一天,发生时间
开窗通风,保持室内空气新鲜,目的是
开窗通风,室内空气新鲜,旨在保持
开窗通风,阳光充足,旨在提供
异常天气,人们的健康有不利影响,对
异常天气,人们的生活有不利影响,对
张明亮,二十四节气导引养生法,作者
张明亮,基于天人合一理论的二十四节气中医导引法,参与研究
张月卿,河北省荣军医院,所属单位
弧门沪下闪陷,杨建宇,作者
弹拨极泉穴,小指发麻,可能导致
弹拨极泉穴,无名指发麻,可能导致
弹舌,健脑,具有功效
弹舌,护脑,具有功效
弹舌之法,养心健脑,用于
弹舌养生,健脑,有助于
弹舌养生,护脑,有助于
强冷空气,东北地区大地封冻,导致
强冷空气,江南,影响
强冷空气,降大雪,影响
强尧,五运六气对治未病养生方案的临床指导意义,提出
强烈阳光,暴晒,可能导致
强烈阳光,红外线,会导致
强降水,局地灾害,可能引发
当季导引法,习练,重点
彭城伏羊一碗汤,养生效果,体现
彭城伏羊一碗汤,当地民间,流传于
御寒,大蒜,适宜食物
御寒,洋葱,适宜食物
御寒,生姜,适宜食物
御寒,葱,适宜食物
御寒,韭菜,适宜食物
御寒,香菜,适宜食物
御寒,魔芋,适宜食物
心,夏季最为旺盛,在
心,夏气,通于
心,最强,功能
心力衰竭,内心脆弱相关,与
心力衰竭,冬季发作的慢性疾病患者中,可能发生在
心包,保护心脏,功能是
心包经,中冲穴,包含穴位
心包经,极泉穴,包含穴位
心境平和,两手放在上腹部,具体做法
心境平和,做腹式深呼吸,具体做法
心境平和,平卧于床上,具体做法
心平气和,应对天热,建议
心律失常,猝死,可能导致
心情,舒展肝气,与
心情舒畅,大喜大悲,避免
心情舒畅,气机畅达,有助于
心情舒畅,气血运行,有助于
心旺肾衰,外热内寒,含义
心气亏耗,中暑,导致
心火炽盛,肾阴不足,伴随
心理疾病患者,焦虑,容易表现出
心理疾病患者,狂躁,容易表现出
心病,清火的药物,可通过
心肌缺盐,心脏搏动,影响
心肌缺盐,心脏搏动失常,导致
心肌缺血,猝死,可能导致
心脉通畅,预防心病,有助于
心脏,神志,主
心脏,脉管,与
心脏,血脉,主
心脏,过于旺盛,在节气中状态
心脏疾病,猝死,可能造成
心脏病,春捂,需要
心脑血管疾病,老年群体中需注意防护,在
心脑血管病,体育锻炼,可通过
心脑血管病,户外活动,可通过
心脑血管病,高危人群,影响人群
心衰,乏力,症状包括
心衰,头昏,症状包括
心衰,心慌,症状包括
心随自然,人的心情,影响
心随自然,人的精神状态,影响
心静,身体降温,有助于
心静,预防情绪中暑,作用
忌食忌热,遭神惩罚,可能导致
快走,锻炼项目,是一种
忽冷忽热,已萌动的作物,影响对象
忽冷忽热,林木,影响对象
忽冷忽热,果树,影响对象
忽冷忽热,返青生长的作物,影响对象
怒气,妄动肝火,应避免
性生活,科学合理安排,需
性病患者,少食或不食,饮食建议
恪遵宪度抄本,日北至，日长之至，日影短至，故曰夏至,记载内容
恪遵宪度抄本,阴极之至，阳气始生,记载
恶劣天气,室外活动,影响
恼怒忧郁,气机通调,影响
患病情况,不可轻易使用发汗之剂,禁忌
悲伤,冠心病病情复发,可能引发
悲伤,身体健康,对
悲伤,高血压病情复发,可能引发
悲伤情绪,人体健康,影响
情志不舒,情绪,影响
情志养生,与人为善,主张
情志养生,保持心静,强调
情志养生,夏季气候相关,与
情志养生,开朗豁达,主张
情志养生,心情恬淡,主张
情志养生,立夏后,相关时节
情志养生,缓解悲伤情绪,作用
情绪,不良情绪,应调节
情绪,不良情绪,影响对象
情绪,妄动肝火,应避免
情绪,急躁,应避免
情绪,精神上,需调节
情绪不稳,忧郁心情,表现为
情绪中暑,内分泌紊乱,影响机制
情绪中暑,喉痛咽障碍,可能导致
情绪中暑,夏日养生,危害
情绪中暑,大脑,影响对象
情绪中暑,心律失常,可能导致
情绪中暑,心律失常,引起
情绪中暑,心肌缺血,可能导致
情绪中暑,心肌缺血,引起
情绪中暑,恶寒头痛,可能导致
情绪中暑,情绪调节中枢受影响,原因
情绪中暑,烦躁相关,与
情绪中暑,热不可耐的心情,源于
情绪中暑,猝死,可能导致
情绪中暑,猝死,引起
情绪中暑,血压升高,可能导致
情绪中暑,血压升高,引起
情绪中暑,身心健康,危害
情绪中暑,防中暑,需要预防
情绪中暑,鼻塞流涕,可能导致
情绪低落,抑郁,可能引发
情绪低落,精神疾病,可能引发
情绪大起大落,听音乐,可通过
情绪大起大落,练习书法,可通过
情绪大起大落,钓鱼,可通过
情绪波动,心理疾病患者,尤其影响
情绪波动,忧思不断,可能导致
情绪波动,精神抑郁,可能导致
惊蛰,万物复苏,标志着
惊蛰,万物生长,对应
惊蛰,上呼吸道感染,需防范
惊蛰,二十四节气,属于
惊蛰,二十四节气中的第三个节气,是
惊蛰,二十四节气养生与用香备要,属于
惊蛰,促进人体机能活动,作用
惊蛰,倒春寒,可能引发
惊蛰,内蒙古,发生地区
惊蛰,冬春交替时期,属于
惊蛰,冬眠动物出土,影响
惊蛰,冷暖变化,需要关注
惊蛰,冷空气活动,伴随
惊蛰,北上的湿热空气势力强且活动频繁,原因
惊蛰,十二候集解,记载来源
惊蛰,华南地区,影响区域
惊蛰,发泄,建议方法
惊蛰,口干舌燥,对应症状
惊蛰,吃梨,习俗
惊蛰,唤醒蛰伏昆虫,作用
惊蛰,坐功,适宜练习
惊蛰,外感咳嗽,对应症状
惊蛰,大地湿度渐高导致近地面热气上升,原因
惊蛰,天气变暖,导致
惊蛰,天气回暖,含义
惊蛰,天气回暖,表示
惊蛰,天气转暖,对应
惊蛰,天气转暖,特征
惊蛰,太极拳,适宜运动类型
惊蛰,太阳到达黄经°时,发生时间
惊蛰,寒冷时段,属于
惊蛰,小动物苏醒,导致
惊蛰,山西,发生地区
惊蛰,带状疱疹,易发生
惊蛰,心脑血管疾病,需防范
惊蛰,情志养护,需要进行
惊蛰,惊醒、惊动,含义
惊蛰,惊醒蛰伏于地下冬眠的昆虫,含义
惊蛰,慢跑,适宜运动类型
惊蛰,我国大部分地区,影响区域
惊蛰,我国大部分地区平均气温升至零摄氏度以上,时节特征
惊蛰,抑郁,应避免
惊蛰,放风筝,适宜活动
惊蛰,放风筝,适宜运动类型
惊蛰,散步缓行,养生要点
惊蛰,早睡早起,养生要点
惊蛰,昆虫出土,引发
惊蛰,春困,伴随症状
惊蛰,春天,发生时间
惊蛰,春季,发生在
惊蛰,春季,对应季节
惊蛰,春季,对应的季节
惊蛰,春季对应,与
惊蛰,春暖花开,时节特征
惊蛰,春暖花开,标志着
惊蛰,春雨之后,发生在
惊蛰,春雷初响,伴随现象
惊蛰,春雷初响,特征
惊蛰,春雷响，万物长,对应谚语
惊蛰,春雷始鸣,伴随现象
惊蛰,春雷始鸣,含义
惊蛰,气,与生理相关
惊蛰,气温回升,实际唤醒因素
惊蛰,气温回升,触发因素
惊蛰,气象台对强冷空气活动的预报,需要关注
惊蛰,水痘,易发生
惊蛰,泥土变得湿润,使
惊蛰,流感,易发生
惊蛰,流感,需防范
惊蛰,流感高发期,是
惊蛰,流脑,易发生
惊蛰,流行性出血热,易发生
惊蛰,温热健脾食物,建议食用
惊蛰,焦躁,应避免
惊蛰,田间害虫繁殖,节气现象
惊蛰,病毒和细菌活跃,节气现象
惊蛰,空气清新,时节特征
惊蛰,缓解春困,影响
惊蛰,肝病的高发季节,属于
惊蛰,肺炎高发期,是
惊蛰,脑膜炎高发期,是
惊蛰,腮腺炎高发期,是
惊蛰,自然物候现象,反映
惊蛰,节气,属于
惊蛰,苍蝇四处乱飞,节气现象
惊蛰,营卫,与生理相关
惊蛰,营血,与生理相关
惊蛰,虫卵孵化,引发
惊蛰,蚊虫鼠蚁从冬眠中苏醒,节气现象
惊蛰,蛰伏,含义
惊蛰,蛰伏动物苏醒,节气特点
惊蛰,蛰虫惊而出走,描述
惊蛰,西南和华南地区呈现暖春,时节特征
惊蛰,西南地区,影响区域
惊蛰,调达肝气和阴阳,对应
惊蛰,走路,适宜运动类型
惊蛰,转移,建议方法
惊蛰,阳历月日或日,发生时间
惊蛰,阳气回升,节气特点
惊蛰,阳气生发,对应自然现象
惊蛰,雷声,伴随现象
惊蛰,雷声,对应自然现象
惊蛰,雷声,非直接触发因素
惊蛰,雷鸣为记号,以
惊蛰,饮食养生,需要进行
惊蛰,饮食应清温平淡,建议
惊蛰,黄经345度,对应太阳位置
惊蛰时节,后背凉,导致
惊蛰时节,四肢凉,导致
惊蛰时节,天气很好,具有
惊蛰时节,天气晴朗,特征
惊蛰时节,舒适,带来感受
惊蛰时节,阳气生发过快,引起
惊蛰节气,春耕开始,标志着
惊蛰节气,雨水,与自然现象相关
愉悦心情,产生朝气,有助于
意守功,动静结合,属于
感冒,冠心病,会加重
感冒,呼吸道疾病,属于
感冒,寒露后流行,在
感冒,更衣,应采取措施
感冒,气温下降相关,与
感冒,生姜红糖水,缓解方法
感冒,着凉,原因
感冒,老年慢性支气管炎的急性发作,导致
感冒,锻炼,通过
感冒病毒,气温下降和空气干燥而增强致病力,因
慢性支气管炎,慢性疾病,属于
慢性疾病,关节炎,包括
慢性疾病,哮喘,包括
慢性疾病,精神病,包括
慢性皮肤溃疡,毒蛇咬伤性溃疡,又称为
慢性皮肤溃疡,溃疡,包括
慢性皮肤溃疡,烧伤后瘢痕性溃疡,又称为
慢性皮肤溃疡,糖尿病性溃疡,又称为
慢性皮肤溃疡,血管性溃疡,属于
慢性皮肤溃疡,难治性溃疡,又称为
慢性肺部疾患,滋阴、润肺、养胃、生津食物,患者应食用
慢性肾炎,螃蟹,忌食
慢性胃炎,胃病,与
慢性胃炎,胃部保暖,需要关注
慢节奏的有,养心功,包括
慢跑,呼吸运动,包含
慢跑,增强机体免疫力,有助于
慢跑,延缓衰老,有助于
慢跑,提高身体代谢能力,有助于
慢跑,改善心肺功能,有助于
慢跑,有氧代谢运动,被赞誉为
慢跑,肺中残留的废气,涉及
慢跑,锻炼项目,是一种
慢跑,降低血脂,有助于
懈怠厌倦,气机通调,影响
戌时,谷雨节气,时间段
成都中医药大学,成都,位于
我国南方,健康,特别不利于
我国南方大部分地区,雨量略有增加,在大寒节气
我国大部分地区,冰粒,降水形式
我国大部分地区,华南地区,包括
我国大部分地区,江南地区,包括
我国大部分地区,降水显著减少,特征
我国大部分地区,雨,降水形式
我国大部分地区,雨夹雪,降水形式
我国大部分地区,雪,降水形式
户外散步,以改善健康,建议进行
户外活动,听音乐,包括
户外活动,小满相关,与
户外活动,散步,包括
户外活动,游泳,包括
户外活动,滑跌,可能引发
户外活动,爬山,包括
户外踏青,心情放松,有助于
户外踏青,春气,顺应
户外踏青,身体锻炼,有助于
户外运动,情绪平静,有助于
房事,明显增多,在春分时节
房事养生,性爱相关,与
手三阴经,手臂内侧,循行于
手厥阴心包经,心脏,作用于
手在上为干,阳,对应
手少阳三焦经,上臂外侧,路径
手少阳三焦经,亥时,对应时辰
手少阳三焦经,手厥阴心包经之气由胸出发,促进
手少阳三焦经,手腕背侧,路径
手少阳三焦经,无名指末,起始部位
手少阳三焦经,疏通和调节作用,具有
手少阳三焦经,肩部,终止部位
手掌,取穴方法,用于
手经络,人体脏腑盛衰,关联
手经络,气候变化特点,被预知
手经络,疾病应天,关联
手脚抽筋,肝相关,与
手腕,取穴方法,用于
打嗝,肝相关,与
打春吃春饼,养护阳气,目的
扫墓,纯天然的香品,建议使用
扫尘,大寒节气,属于
扫尘,庭院,涉及
扫尘,房屋,涉及
扫尘,拆洗被褥,包括
扫尘,擦洗锅碗,包括
扫尘,春节前,发生在
扫尘,迎接新岁美好光景的重要活动,是
承山,化痰,作用
承山,祛湿,作用
抑郁症,医生,影响对象
抑郁症,厌世,症状包括
抑郁症,失眠,症状包括
抑郁症,学习,影响
抑郁症,工作,影响
抑郁症,心理第一疾患,常见表现
抑郁症,悲观,症状包括
抑郁症,情志不舒的影响,易受
抑郁症,烦躁,症状包括
抑郁症,生活能力,影响
抑郁症,病人,影响对象
抑郁症,病人家属,影响对象
抑郁症,社会经济负担,加重
抑郁症,自杀率上升,导致
抑郁症,贫血、胃肠疾病,与
抗原抗体增多,机体抵抗力,增强
抱膝滚动,强壮腰背,作用
抱膝滚动式体操,肾虚状态,用于改善
抱膝滚动式体操,肾阳,有助于提升
抵抗力下降,感冒,易引发
抵抗力下降,慢性病,易加重
抵抗力差的老人,适时增减衣物,应注意事项
拉的要人推,人际互动中的依赖关系,体现
拉肚子,在菜汤中放姜,应对方法
拉肚子,多喝姜汤,应对方法
拉肚子,肠胃不好,原因
拉肚子,腹部保暖,需要关注
按摩,中风,可用于防治
按摩,养生保健,属于
按摩,嗅觉迟钝,可用于防治
按摩,暖脾胃,作用
按摩,痰湿,用于祛除
按摩,神经衰弱,可用于防治
按摩,穴位,针对
按摩,脑动脉硬化,可用于防治
按摩,视力下降,可用于防治
按摩,调节气血,作用
按摩,通经活络,作用
挥发性葱蒜辣素,利尿作用,具有
挥发性葱蒜辣素,发汗作用,具有
挥发性葱蒜辣素,呼吸道,作用于
挥发性葱蒜辣素,汗腺,作用于
挥发性葱蒜辣素,泌尿道,作用于
挥发性葱蒜辣素,祛痰作用,具有
损耗阳气,上火,可能导致
损耗阴津,心火炽盛,引起
排毒养生,按摩,涉及方法
排毒养生,生物钟管理,涉及方法
排毒养生,饮食,涉及方法
揉一揉小腹,平衡气血,作用
提高人体免疫力,养阳,需要
提高身体的防病抗病能力,平安度夏,有助于
搓手,两手捏紧,操作方式
搓手,双手抱拳,适宜动作
搓手,双手转动,操作方式
搓手,忌辣燥热坚果,禁忌
搓手,相互摩擦,操作方式
搓手习惯,一定的保健作用,对大脑有
搓手习惯,促进手部血液循环,有助于
搓手习惯,锻炼手指,有助于
搓揉,双向调节,作用
摄食不足,营养缺乏,导致
摇扇,上肢关节肌肉,锻炼
摇扇,关节协调配合的灵活性,提高
摇扇,大脑血管,锻炼
摇扇,肌肉力量,增强
摇扇,肌肉的血液循环,促进
摇扇,肩周炎,预防和改善
摇扇,血管的收缩与舒张功能,促进
摔伤,骨折,可能导致
播种,立夏时节,发生时间
支气管哮喘,白露时节,易发时期
支气管炎,冠心病,会加重
支气管炎,慢性疾病,属于
收敛作用的食物,山药,包括
收敛作用的食物,李子,包括
收敛作用的食物,柿子,包括
收敛作用的食物,浓茶,包括
收敛宁静精气神,早睡早起,对应原则
收敛宁静精气神,秋三月,对应时节
改善睡眠,使筋骨更加灵健,作用机制
改善睡眠,增强腿部力量,作用机制
改善睡眠,消耗过剩能量,作用机制
放风筝,促进人体血液循环,有助于
放风筝,促进新陈代谢,有助于
放风筝,春天,适宜季节
散步,双脚,帮助舒缓
散步,提神醒脑的效果,具有
散步,筋骨,帮助舒缓
散步,缓解疲乏,有助于
散步缓行,身体健康,有助于
数九,九九八十一,持续到
数九,九九八十一天,总天数
数九,冬至,始于
数九,每九天为一个小节,周期
数九天气,东北,出现在
数九天气,华南沿海,出现在
数九天气,黄淮地区,出现在
数九寒天,四九,包含
敲打,双向调节,作用
斋居,赤箭,提及
斋居,黄芪,提及
斗蟋蟀,元代,延续至
斗蟋蟀,唐朝,起源
斗蟋蟀,宋代,延续至
斗蟋蟀,将军,目标
斗蟋蟀,当代,延续至
斗蟋蟀,明代,延续至
斗蟋蟀,清代,延续至
斗蟋蟀,玩家,参与者
斗蟋蟀,白露节气,习俗
斗蟋蟀,蟋蟀,涉及对象
新疆,火焰山,著名地理景观
新疆北部,开始飘雪,气候现象
无冻结现象,后期雨水多,可能造成
日,太阳之精,是
日平均气温,标志着夏季开始,达到阈值时
日平均气温,江南地区,在
早上,阳气的充盈与盛实,顺应
早卧,阳气的舒展,顺应
早卧,阴精的收敛,顺应
早卧早起,"使肺气舒展,防止收敛过甚",作用
早卧早起,保证一定的睡眠,目的
早卧早起,分时调养,用于
早卧早起,节气变化,顺应
早卧早起，与鸡俱兴,备急千金要方,出自
早春时节,增强身体对气候变化的适应性,旨在
早春时节,根据时令变化和自身情况,应
早春时节,进行合理的调配和养护,应
早晚,凉意,出现
早晚,适当添衣,应当
早晨,锻炼身体,适合
早睡早起,睡眠充足,有助于
早睡早起,精神愉悦,有助于
早睡早起,肺气舒畅,有助于
早稻插秧,大江南北,发生在
早起,鸡俱兴,与
早起晚睡,促进气血恢复,作用
早霜,秋季出现的第一次霜,定义为
时令瓜果蔬菜,促进健康,适宜食用
时令瓜果蔬菜,小暑节气后,大量上市
时病论,二要进行心理纳凉,提出
时病论,"心病要小,月中为大,今则热气犹大也",引用
时病论,"暑热逼人者,刺激",提出
时病论,"畏而可避,可避则犯之者少;阴寒袭人者,用心药医",依据
时病论,采用心理暗示和心理纳凉法调整情绪,建议
明前茶,养肝清头目,作用
明前茶,化痰除烦渴,作用
明前茶,提神醒脑,作用
易 系辞上,一寒一暑,提到
易 系辞上,日月运行,提到
易伤风感冒,我国南方,常见于
易怒上火,身体不适,属于
春,木,属于
春三月,发陈,被称为
春三月,大蒜等助阳之物,适宜食用
春三月,滋阴的蛋类,适宜搭配
春令,李,对应水果
春令,杏,对应水果
春令,桑葚,对应水果
春令,樱桃,对应水果
春令,草莓,对应水果
春令,莴苣,对应食材
春令,葱,对应食材
春令,蒜苗,对应食材
春令,豆芽,对应食材
春令,豆苗,对应食材
春令,青梅,对应水果
春令,韭菜,对应食材
春分,15天以后,发生时间
春分,万物复苏,时节特征
春分,三候,分为
春分,上半年逢六廿一,发生时间
春分,下半年逢八廿三,发生时间
春分,不时有寒流侵袭,之后
春分,不时有寒流侵袭,伴随
春分,两半球昼夜均分,特征
春分,九十日之半,对应
春分,二十四节气,属于
春分,二十四节气中的第四个节气,是
春分,二月,属于
春分,五脏六腑因内外清气而润濡,意味着
春分,人体肌肤腠理舒展,意味着
春分,仲春之月,又称
春分,元鸟至,三候之一
春分,养生,需要关注
春分,养生重点是调和阴阳,时节
春分,养颜梳头,建议行为
春分,出现闪电,之后
春分,出现雷声,之后
春分,勿太热,养生原则
春分,勿极寒,养生原则
春分,华北地区,影响区域
春分,可能阴雨连绵,之后
春分,吃春菜,习俗
春分,吃春菜,对应习俗
春分,和胃防感,建议行为
春分,夜卧早起，慢步缓行,养生建议
春分,天地俱生，万物以荣,体现原理
春分,天气日渐暖和,之后
春分,天气日渐暖和,伴随
春分,太阳直射赤道,发生时
春分,始电,伴随
春分,寒冬景象,取代
春分,寒暑平,导致
春分,寒暑平,特点
春分,寒温各半,特征
春分,少阴二气,主
春分,平分春季,含义
春分,应有节制,房事建议
春分,建议多梳头以疏通经络,时节
春分,建议慢步缓行,时节
春分,情绪波动,需要关注
春分,惊蛰,处于节气之间
春分,户外运动,建议进行
春分,户外运动,适宜
春分,房事养生,影响
春分,手阳明大肠,对应
春分,挂香囊,建议行为
春分,斗指壬,天文现象
春分,日中,又称
春分,日夜分,又称
春分,日夜温差较大,伴随
春分,日平均气温升达10℃以上,气温变化
春分,日平均气温稳定升达0℃以上,气候特征
春分,明史·历一,相关记载
春分,春三月,属于
春分,春之半,季节位置
春分,春季,处于
春分,春季,处于季节
春分,春季,对应季节
春分,春季,平分
春分,春季九十天的中分点,是
春分,昼夜均,导致
春分,昼夜均,特点
春分,昼夜均等,特征
春分,昼夜均而寒暑平,含义
春分,昼夜均而寒暑平,时节特点
春分,昼夜平分,对应现象
春分,昼夜平分,特征
春分,昼夜温差较大,之后
春分,昼夜逐渐不等,之后
春分,昼夜长短平均,发生时间
春分,晚睡早起散步敞,对应养生建议
春分,晨运,适宜
春分,次于,重要性
春分,每月两节不变,发生规律
春分,气候变化,关联
春分,气候逐渐转暖,特征
春分,沿江江南地区,影响区域
春分,流行性传染病增多,与细菌繁殖相关
春分,清明,处于节气之间
春分,燕子飞来,之后
春分,燥金,对应
春分,生机勃勃,时节特征
春分,登山,适宜
春分,白天和黑夜均等,意味着
春分,白天黑夜平分,含义
春分,白天黑夜平分,意味着
春分,白天黑夜平分,时节特征
春分,着衣宜下厚上薄,对应的起居建议
春分,立春至立夏,季节范围
春分,立春至立夏,对应时间段
春分,立春至立夏之间,处于
春分,精神病,与疾病相关
春分,节制房事,对应养生要点
春分,节室房,建议行为
春分,节气,属于
春分,花开游园情志畅,对应养生建议
春分,调和半阴阳,对应养生建议
春分,调和阴阳,目的
春分,调理体内阴阳平衡,养生重点
春分,起居建议为晚睡早起,时节
春分,踏青,适宜
春分,过敏性疾病,与疾病相关
春分,适时增减衣物,养生建议
春分,适时添衣,养生建议
春分,郊游,适宜
春分,阳光直射赤道,当日
春分,阳光逐渐增多,导致
春分,阳气回升,节气特点
春分,阳阴相半,含义
春分,阴阳各占一半,时节
春分,阴阳各占一半,特点
春分,阴阳平衡,特征
春分,阴阳相半,定义为
春分,阴阳相半,对应概念
春分,雨水较多,之后
春分,雷乃发声,伴随
春分,饮食调养,需要
春分,黄晚睡早起，慢步缓行,养生建议
春分,黄淮平原,影响区域
春分之后,气候温和,气候变得
春分之后,阳光明媚,天气呈现
春分之后,雨水丰沛,降水情况
春分日,太阳直射位置向北移,导致
春分日,春季,发生时间
春分时节,严寒逝去,标志着
春分时节,人体血液旺盛时期,对应
春分时节,代谢,促进
春分时节,向上向外升发,影响人体阳气
春分时节,多去户外散步,建议行为
春分时节,循环系统功能,增强
春分时节,心脏病,易引发疾病
春分时节,情绪保持愉悦舒畅,养生原则
春分时节,春生,顺应自然规律
春分时节,月经失调,易引发问题
春分时节,柠檬升发,对应自然现象
春分时节,橘子升发,对应自然现象
春分时节,毛孔逐渐舒张,导致
春分时节,气温逐渐回升,导致
春分时节,水痘的多发季节,是
春分时节,流行性脑膜炎的多发季节,是
春分时节,激素水平高峰期,对应
春分时节,物候特点,应遵循
春分时节,猩红热的多发季节,是
春分时节,生机,春季保养重点
春分时节,白喉的多发季节,是
春分时节,百日咳的多发季节,是
春分时节,眼病,相关疾病增多
春分时节,空气湿度增大,伴随
春分时节,管炎的高发期,是
春分时节,肝气旺盛,导致
春分时节,肺炎的高发期,是
春分时节,脾土被克制,导致
春分时节,脾胃功能,影响
春分时节,草木的生长萌芽期,是
春分时节,血液和激素活动高峰期,人体生理状态
春分时节,踏青,建议行为
春分时节,身体阴阳变化,伴随现象
春分时节,运动养生,提倡
春分时节,避免情绪波动,建议行为
春分时节,阳气盛,伴随
春分时节,阳气萌生,对应自然现象
春分时节,雨水增多,伴随
春分时节,高血压,易引发疾病
春分时节,麻疹的多发季节,是
春分节气,保持轻松愉快的精神状态,要求
春分节气,保持阴阳平衡,需要
春分节气,坚持适当锻炼,建议
春分节气,定时睡眠,建议
春分节气,寒暑,平分
春分节气,昼夜,平分
春分节气,有目的地进行调养,提倡
春困,人体现象,是
春困,抵抗力减弱相关,与
春困,春捂,需注意
春困,睡眠不足,原因
春困,肝气,原因
春困,脾湿,原因
春困,脾胃有关,与
春困,补脾胃,需要
春困,风寒之邪,原因
春夏,养阳,对应
春夏之交,心态调节,应注重
春夏之交,顺应天气变化,需要
春夏养阳,天地生长化收藏之气,属于
春夏养阳,运动方式,指导
春夏养阳,阳气,关注重点
春天,万物萌动,到来前
春天,人体气血产生外透趋势,导致
春天,人体气血向外透发,阳气生发
春天,养肝,需要
春天,冷而不干,特征
春天,天气增多,伴随
春天,慢步缓行,适宜行为
春天,扬尘,伴随
春天,春困,具有
春天,春风轻拂,气候特点
春天,晚睡早起,适宜行为
春天,气温回升,气候特点
春天,痔疮,易发疾病
春天,精神动体内热气,影响
春天,脾胃,需养护
春天,风沙,伴随
春季,人体内气血逐渐向外运行,特征
春季,传染性疾病,常见
春季,先逆时针后顺时针,按摩方向
春季,农作物正常生长,影响
春季,刺激性的食物,不宜食用
春季,升发,特点
春季,变化快,气候特点
春季,土壤干旱,特征
春季,夏季气血旺盛,保障
春季,多风,天气特点
春季,多风,特征
春季,大气干燥,特征
春季,宜阳防疫病,养生原则
春季,小腹,涉及的身体部位
春季,小麦拔节,特征是
春季,干燥,气候特征
春季,早中晚各一次,推荐操作频率
春季,春困,导致
春季,最少以圈或倍数,按摩圈数要求
春季,杨柳青青,特征是
春季,桃红李白,特征是
春季,桃花讲,对应节气现象
春季,气候潮湿,特征
春季,气温回升快,特征
春季,水分蒸发较多,天气特点
春季,油腻的食物,不宜食用
春季,油菜花香,特征是
春季,津液,提供
春季,清明,节气包括
春季,湿冷,气候特征
春季,生冷的食物,不宜食用
春季,疲倦嗜睡,症状
春季,立春到立夏,时间段
春季,立春至立夏,包括
春季,精神疾病的高发期,是
春季,肝,对应脏腑
春季,肝气,影响
春季,肝气过旺,易致
春季,肝脏,主导脏腑
春季,肝脏,对应脏腑
春季,胃肠敏感状态,影响
春季,舒畅,特点
春季,草长莺飞,特征是
春季,蒸发强烈,特征
春季,适中,按摩力度要求
春季,阳气升发,特征是
春季,降水不多,特征
春季上火,吃点芽菜,应对方法
春季传染病,春风,伴随
春季传染病,流行性感冒,易引发
春季传染病,过敏性哮喘,易引发
春季传染病,过敏性鼻炎,易引发
春季传染病,雨水后,易传播于
春季养生,精神因素,与
春季养生,调养脾胃,包括
春季养生,起居劳作,包括
春季生活,轻型中风,需要关注
春季疾病,细菌和病毒生长繁殖,诱因
春季运动,大汗淋漓,导致
春季运动,太剧烈,不宜
春季运动,适度,应
春季运动养生,中老年人,需要科学合理
春季运动养生,年轻朋友,更适合
春季风光,万物欣欣向荣,体现
春季风光,寒冬景象,替代
春季风光,清洁明净,特征是
春捂,二十四节气,与节气关联
春捂,二月到三月,时间范围
春捂,保留棉衣,建议措施
春捂,准备夹衣,建议措施
春捂,咳嗽预防相关,与
春捂,哮喘患者,适用于
春捂,心绞痛,涉及症状
春捂,心脏病患者,适用于
春捂,摄生心病,相关理论来源
春捂,早晚少出门,建议措施
春捂,春气,对应
春捂,棉衣,涉及
春捂,气温未达到一定值,需要
春捂,气温超过℃,需要有度
春捂,注意保暖,建议措施
春捂,立春,与节气关联
春捂,老年人,建议
春捂,老年人,涉及人群
春捂,背,重点保护
春捂,腹,重点保护
春捂,菊花,涉及
春捂,补中益气汤,涉及
春捂,足底,重点保护
春捂,首乌粉,涉及
春捂,高血压患者,适用于
春捂,黄经,与天文现象关联
春捂秋冻,人体吸收利用,与养生相关
春捂秋冻,以自身感觉不过寒为宜,指导原则
春捂秋冻,使人尽快入睡,与睡眠相关
春捂秋冻,添衣不宜过多,适用原则
春捂秋冻,百病难碰,意味着
春日宜省酸增甘,养脾气,养生原则
春日宜省酸增甘,性温味甘的食物,建议饮食
春旱,不算旱,被视为
春暖花开,花粉过敏,引发
春气,养生之道,对应养生原则
春生,四季变化规律,属于
春瘟,发病突然,特点
春瘟,容易伤阴,特点
春瘟,支气管哮喘,包括
春瘟,流传极快,特点
春瘟,热象偏盛,特点
春瘟,皮肤病,包括
春瘟,风疹,包括
春秋时代,土圭,使用工具
春秋繁露·阴阳出入上下篇,万物欣欣向荣,提及
春秋繁露·阴阳出入上下篇,桃李初绽,提及
春笋,利尿,具有功效
春笋,化痰,具有功效
春笋,去烦,具有功效
春笋,消食,具有功效
春笋,滋阴益血,具有功效
春节,准备年货,相关活动
春节,除旧饰新,相关活动
春菜,春碧蒿,别称
春阳,肝,对应脏腑
春风,光线适宜,特征
春风,和煦,特征
春风,缓解疲劳,作用
春风拂面,面瘫,可能导致
春饼,卷而食之,食用方式
春饼,面粉,制作材料
昼夜温差,呼吸道感染,导致
昼夜温差,机体调节功能,影响
昼夜温差,脾土,影响
昼长夜短,中午小憩,建议
晒太阳,保持脑内-羟色胺稳定,作用
晒太阳,养生效果,有助于
晒太阳,后背,适合晒
晒太阳,头顶,适合晒
晒太阳,掌握方法,需要
晒太阳,木耳,对
晒太阳,疲劳感,缓解
晒太阳,白天精力,提升
晒太阳,睡眠质量,改善
晒太阳,类风湿性关节炎,对
晒太阳,贫血,对
晒太阳,银耳,对
晒背,养阳,作用
晚喝酒粥,气血通畅,有助于
晚晚蜜汤,美容养颜,作用
晚晚蜜汤,补充微量元素,作用
晚睡早起,日常作息建议,属于
晚睡早起,阳气生发,用于顺应
晚霜,春季出现的最后一次霜,定义为
晨练,午后,建议时间
晨练,日出后,建议时间
晨练,老年人,适合人群
晨起,喝杯水,行为
晴雨多变,受凉感冒,可能导致
暑,心,易入
暑,气,易伤
暑,湿,与
暑,炎热,本义是
暑,炎热的季节,引申为
暑,热,含义
暑令,湿胜,特征
暑易伤气,食欲不振,导致
暑气,火,在地表现为
暑气,热,在天表现为
暑气伤人,心,首先伤害
暑气逼人,心气,影响
暑湿之气,人体,侵袭
暑湿之气,心气亏耗,导致
暑热熏蒸,身体需要恢复,影响
暮春,大风天气,特征
暴晒,身体不适,可能引起
暴饮暴食,胃病,与
最长光波,紫外线,可吸收
月令七十二候集解,三燥,提及
月令七十二候集解,健康与肾的关系,记载
月令七十二候集解,"六月中, 大暑",记载
月令七十二候集解,口腔溃疡,提及
月令七十二候集解,处暑时节气候特征,记载
月令七十二候集解,小便发黄,提及
月令七十二候集解,惊蛰,记载
月令七十二候集解,春分,记载
月令七十二候集解,正月中，天一生水,记载内容
月令七十二候集解,痤疮,提及
月令七十二候集解,立夏时节要防止三燥、小便发黄、口腔溃疡、痤疮,指出
月令七十二候集解,立秋,记载
月令七十二候集解,雨我公田之雨，盖谷以此时播种，自上而下也,说明
月令七十二候集解,雨水后土膏脉动,提到
月令七十二候集解,雨读作去声，如火,解释
月令凉风至,寒蝉鸣,对应节气
月令凉风至,白露降,对应节气
月令十二集解,七性物质,提及
月令十二集解,三伏天,提及
月令十二集解,仁,提及
月令十二集解,养肺化痰,提及
月令十二集解,冬虫夏草,提及
月令十二集解,处暑,提及
月令十二集解,白露,提及
月令十二集解,益气滋阴,提及
月令十二集解,胖大海,提及
月器,小暑,提及
有关节疾病的人,护膝,建议佩戴
有关节疾病的人,长裤,建议穿着
有养生经验的女性,季节对身体的影响,意识到
有效成分,抑制,能够
有效成分,抗癌作用,具有
有效成分,突变细胞的复原,有助于
有效成分,脂肪杀手,被称为
有效成分,苦瓜素,名为
有芒的谷类作物,晚谷,包括
有芒的谷类作物,稷,包括
有芒的谷类作物,黍,包括
朝朝盐水,人体安然度夏,有助于
朝朝盐水,大量出汗损伤阳气,风险
朝朝盐水,洗肠,作用
朝朝盐水,消炎,附加效果
朝朝盐水,润肠胃,作用
朝朝盐水,解毒,作用
朝朝盐水,运动时注意强度,注意事项
朝朝盐水,通大便,作用
朝气,产生生气,有助于
木,肝,对应脏腑
木瓜,助阳之物,属于
木瓜,助阳类菜肴,属于
木立春,东风送相火行功,伴随
木立春,气温和降雨上升,标志着
木立春,河里的冰开始融息,导致
木立春,蛰居的虫子开始苏醒,导致
木耳,进补食物,属于
木耳菜,富含植物蛋白质的食物,属于
木耳菜,富含维生素的食物,属于
未病,防治,预防策略
未病先防,预防风湿症,对应
本刊,中医药科技获奖项目论文,刊发内容
本刊,未允许任何单位进行征稿工作,郑重声明
本汤,敛汗,具有功效
本汤,滋阴,具有功效
本汤,益气,具有功效
本草纲目,仙草能治,记载
本草纲目,苦菜,记载
本草逢原,茼蒿,提及
本药膳,养心安神,功效
本药膳,润肺止咳,功效
机体抵抗力,安度冬季,有助于
李彦知,二十四节气养生歌,关联文章
李彦知,二十四节气养生歌赏析,作者
李彦知,二十四节气养生歌赏析,参与
李彦知,二十四节气养生歌赏析,撰写
李彦知,寒露养生,参与
李彦知,清明养生,参与
李彦知,白露养生歌赏析,参与
李彦知,谷雨养生赏析,参与
李恒杰,刘英明,指导教师
李时珍,久食苦菜能安心益气,认为
李时珍,本草纲目,著述
李时珍,每日食用粥一大碗有益健康,认为
李时珍,粥品的自然养生,推崇
杏仁,中药,属于
杏仁,防治秋燥,用于
杜牧,唐代,所属时代
杜牧,江南气候,描写对象
杨威,五运六气临床思路探讨,发表文章
杨威,五运六气治则治法,参与研究
杨威,五运六气理论的起始时刻辨析,撰文
杨威,保生心鉴二十四节气中医导引法养生理论探讨,作者
杨小蝶,五运六气对治未病养生方案的临床指导意义,提出
杨建宇,二十四节气养生歌赏析,作者
杨建宇,二十四节气养生歌赏析,参与
杨建宇,二十四节气养生歌赏析,撰写
杨建宇,寒露养生,参与
杨建宇,小暑养生,涉及主题
杨建宇,清明养生,撰写
杨建宇,白露养生歌赏析,撰写
杨建宇,立夏养生,主题
杨建宇,谷雨养生赏析,撰写
杨建宇,雨水养生,涉及主题
杯盘碗筷,清洗消毒,需要
极泉穴,手少阴心经,属于经络
果蔬,消毒洗净,需要
枸杞,肝脏有益,对
枸杞子,与粳米同入砂锅,烹饪方法
枸杞子,粳米,搭配食材
枸杞红枣茶,大寒时节,适宜饮用时节
枸杞红枣茶,祛斑茶,属于
枸杞红枣茶,肝气郁结引起的黄褐斑,对
枸杞红枣茶,肾水不足引起的黄褐斑,对
枸杞红枣茶,补肝肾,有助于
枸杞黑豆汤,改善眼睛状况,作用效果
某些季节性河湖,逐渐干涸,状态变化
某些年份,气温较高,会出现
柑橘类,降健康,有助于
柠檬,降健康,有助于
柿子,润肺生津,功效
柿子,胃强者,适宜食用
柿子,霜降前后,最佳成熟期
栗子,滋补三脏食物,属于
核桃,滋补三脏食物,属于
核桃仁,调养身体,适合食用
桂圆,润燥,用于
桂枝,抑制黑色素的形成,能够
桂枝,褪色,具有作用
桂结,白露,适宜季节
桃花,清明时节,盛开时期
桃花讲,公鸡,涉及食物
桃花讲,咸菜,涉及食物
桃花讲,对肝脏进补,禁忌
桃花讲,毛笋,涉及食物
桃花讲,海虾,涉及食物
桃花讲,海蟹,涉及食物
桃花讲,海鱼,涉及食物
桃花讲,生地鸭蛋汤,推荐食疗
桃花讲,竹笋,涉及食物
桃花讲,羊肉,涉及食物
桃花讲,草菇豆腐羹,推荐食疗
桑拿天,剧烈运动相关联,与
桑拿天,大暑时节的一个特点,是
梅子,芒种,成熟时期
梅树,梅子,结果
梅树,正月,开花时间
梅雨,水稻,有利于
梅雨,瓜果,有利于
梅雨,空气湿度增大,导致
梅雨,蔬菜,有利于
梅雨,阴雨,主要特征
梅雨,高温高湿,主要特征
梅雨天,天气异常湿热,特征是
梅雨季节,发霉,导致
梅雨季节,持续阴雨,气候特征
梅雨季节,潮湿,特征
梅雨季节,芒种时节,开始时间
梅雨季节,闷热,特征
梅雨季节,阴雨,特征
梅雨季节,雨量增多,气象表现
梅雨季节,霉雨,别称
梅雨时节,可能预示,若持续时间短
梅雨时节,小暑之后,应持续至
梅雨时节,气候资源,属于
梦溪笔谈,二十四节气,提及
梨,冠心病患者,食用禁忌
梨,口渴,适用于
梨,口燥咽干,适用于
梨,咯血,适用于
梨,咽痛,适用于
梨,声哑干咳,适用于
梨,失眠多梦,适用于
梨,孕妇,食用禁忌
梨,寒,性味
梨,润泽肺脏,有助于
梨,润肺生津,功效
梨,畏寒肢冷者,食用禁忌
梨,皮肤干燥,适用于
梨,秋燥邪气,能缓解
梨,糖尿病患者,食用禁忌
梨,腹胃虚者,食用禁忌
梨,阳虚者,食用禁忌
梳头,中医养生,属于
梳头,从前发际到后发际,路径
梳头,使头发不白,作用
梳头,促进睡眠,作用
梳头,促进血液循环,目的
梳头,按摩头皮,伴随行为
梳头,散风明目,作用
梳头,梳子,涉及工具
梳头,畅血脉,作用
梳头,疏通气血,作用
梳头,祛风散湿,作用
梳头,神经末梢,刺激
梳头,稍稍往前屈或向后仰,身体姿势
梳头,缓解疲乏,有助于
梳头,荣发固发,作用
梳头,通肝气,作用
棉花,雨水,生长需要
棉质衣服,棉丝,材质
棉质衣服,防紫外线,不利于
森林,疗养,可用于
森林火灾,沙尘天气较多时段,需要预防
植物园,花粉暴露风险,可能增加
樱桃,滋阴益血,具有功效
橘子,去烦,具有功效
橘皮,理气开胃,用于
橘皮鲜皮,冰糖,与
橘皮鲜皮冰糖,代茶饮,制成
橙汁,内热相关,与
橙汁,动脉硬化,对
橙汁,去火作用,被认为具有
橙汁,生热生痰,可能引起
歌诀,冬不坐石，夏不坐木,引用俗语
歌诀,午时天热子午觉,内容
歌诀,夏至心静自然凉,内容
歌诀,小暑少动心平和，勿久坐木,内容
歌诀,晚睡早起午休躺,内容
歌诀,芒种雨多气温高,内容
歌诀,进行耐寒训练,建议
止嗽息惊,缓解情绪波动,作用
正午,导致,气候炎热
正确睡眠姿势,一手曲肘放枕前,包括
正确睡眠姿势,一手自然放在大腿上,包括
正确睡眠姿势,右侧卧,为
正确睡眠姿势,微曲双腿,包含
此法,低盐饮食,建议饮食
此法,体内湿气,缓解
此法,头昏,缓解
此法,清明时节,对应时节
此法,犯困打瞌睡,缓解
此法,目眩,缓解
此法,肝阳过亢,针对
此法,肩腰腿痛,缓解
此法,胸胁胀满,缓解
此法,钾的摄入,建议摄入
此法,雨纷纷,对应节气
此法,颈益阴,作用于
此法,高血压患者,适用于
此粥,口鼻干燥,适用于
此粥,清热化痰,具有功效
此粥,生津润燥,具有功效
此酒,使人醉行千里却酒不醒,效果
此酒,后劲极强,特征
此酒,斟之现丝,特征
此酒,易于入口,特征
此酒,清香扑鼻,特征
每周至少吃一次鱼,中风,降低风险
毒,患病,导致
毕业作品四季如生,二十四节气与养生文化的关系,研究
毕业作品四季如生,信息可视化设计,属于
毕业作品四季如生,信息可视化设计的创作形式,展现
毕业作品四季如生,信息可视化设计的表现手法,探究
毕业设计作品四季如生,二十四节气文化,研究
毕业设计作品四季如生,人文养生,融合
毕业设计作品四季如生,信息可视化设计,采用
毕业设计作品四季如生,古代哲学思想,弘扬
毕业设计作品四季如生,自然节气,结合
毕业设计作品四季如生,非物质文化遗产信息传播力度,提升
毛豆,钾元素,富含
民间谚语,严寒期的特点,反映
民间谚语,小寒的寒冷,形容
民间谚语,忌过早食冷饮,提醒
民间谚语,早起晚睡平,提及
民间谚语,立春雨水到,提及
民间谚语,谷雨夏未到，冷意,内容是
民间谚语,顺气、宽中、生津、解毒、消积滞、宽胸膈、化觉,提倡
民间风俗,习惯,与
气候变化,人体平衡失调,导致
气候季节,候平均温度,依据
气候干燥,口唇干裂,导致
气候干燥,口干咽燥,导致
气候干燥,咳嗽,导致
气候干燥,大便干结,导致
气候干燥,燥邪伤肺,导致
气候干燥,皮肤干裂,导致
气候渐凉,胃病,诱发
气候渐凉,胃肠道,刺激
气候炎热,食用生冷之物,导致
气候观测资料,小寒到大寒期间气温为全年最低,显示
气候骤变,失眠,引起
气候骤变,心脏病,引起
气候骤变,月经失调,引起
气候骤变,痔疮,引起
气候骤变,眩晕,引起
气候骤变,高血压,引起
气始升,头部,起始部位
气温,二月,在
气温,冬至期间,在
气温,早晚转凉,在白天仍高
气温,湿气,与
气温,达到最高,在三伏期间
气温,迅速升高,变化特点
气温,降低速度加快,变化趋势
气温,骤起骤降,变化
气温下降,添加衣服,需要
气温下降,腠理开泄,导致
气温下降,速度加快,表现为
气温升高,出汗,导致
气温升高,注意增减衣服,需要
气温升高,热蒸湿动,引发
气温变化,机体调节功能,影响
气温较高,无冻结现象,导致
气温降低,增减衣物,需要
气温骤降,冒冷汗,可能导致
气温骤降,失眠,可能导致
气温骤降,感冒,可能导致
气温骤降,持续的头痛,可能导致
气温骤降,疲劳,可能导致
气温骤降,肠胃不适,可能导致
气温高,细菌生长繁殖快,导致
气的补充,头部,最终汇于
气血,导致血脉阻塞,易滞
气血,胆经,旺于
气血外行,气血拥堵,易出现
气血拥堵,故疾,引发
气血流通,心脉通畅,有助于
气血生化,脾的功能,发生于
气血瘀滞,血脉阻滞,导致
气象学,降霜现象,研究
水,煮开,用于
水分条件,农作物苗期生长,影响
水分条件,农作物越冬,影响
水分流失,血容量减少,导致
水始涸,秋分,对应时节
水汽蒸发快,湖泊水量减少,导致
水湿之气,引发疾病,积聚于体内
水的导热能力,空气的导热能力,大于
水米交融,便于消化吸收,具有
水米交融,萌动,导致
水米交融,香甜可口,具有
水腻,脾胃阳气,作用于
水萝卜,富含植物蛋白质的食物,属于
水萝卜,富含维生素的食物,属于
水谷之海,有益气、化生、营血,功能
水量减少,水洼干涸,导致
水量减少,沼泽干涸,导致
水饺,十月一,传统食用时间
水饺,安耳朵,传统寓意
水饺,有各种馅,现代特点
水饺,花样多样,现代特点
汗出,痤痱,导致
汗出见湿,座疮,导致
汗孔,风邪寒气进入,可能导致
汗泄,阳气,伤害
汗泄,阴气,伤害
汗泄太多,摄食不足,导致
汗液蒸发困难,体内热量积蓄过多,导致
江南,大雪之后,在
江南,抢种晚茬冬麦,开展
江南,移栽油菜,开展
江南,雨季,进入
江南地区,有楼台倒影如池塘的景象,在立夏时节
江南地区,进入绿树浓阴夏日长的状态,在立夏时节
江淮地区,九月的中下旬,真正凉爽时间
江淮地区,尾声,三秋接近
江淮地区,气压和江淮气旋活动,受影响于
江淮流域,伏旱期,进入
江淮流域,梅雨结束,经历
江苏,咬秋,有习俗
江西中部,较早,进入梅雨期
汤类,温热食物,属于
汪绮石,理虚元鉴,著作
沙参,中药,属于
沙参,煎汁去渣,处理方式
沙参,防治秋燥,用于
沙参枸杞粥,冰糖,成分
沙参枸杞粥,枸杞子,成分
沙参枸杞粥,沙参,成分
沙参枸杞粥,玫瑰花,成分
沙参枸杞粥,粳米,成分
沙发靠垫,经常晒晒,需要
沙尘天气,一年中,发生时段
河南省开封市中医院,导医服务项目,提供
河南省开封市中医院,预约挂号,提供
河流,减少,水量
河蟹,寒性食物,属于
河里的冰,融息,变化过程
河面,此时,开始结冰
油炸熏烤食品,甘肥滋腻食物,属于
油炸的食物,损耗阳气,可能导致
油炸食品,秋燥症状,可能加重
油腻,脾胃阳气有害,对
油菜,富含植物蛋白质的食物,属于
油菜,富含维生素的食物,属于
油菜,蔬菜,属于
油菜,钾元素,富含
油菜,雨水,成熟期需要
治未病,伤寒杂病论,体现于
治未病,养生保健,涉及
治未病,治则方药,涉及
泡脚,活血通络,作用
泡脚,温经止痛,作用
泡脚,温肾阳,作用
泡脚,生姜,可加入
泡脚,花椒,可加入
泡脚,足为肾之根,依据
泥鳅,补血气食物,属于
泻实,利水,表现为
泻实,去风,表现为
泻实,泻下,表现为
泻实,清热,表现为
泻实,燥热,表现为
泻实,祛寒,表现为
泻实,解表,表现为
洋葱,降压菜,是
洗药浴,去湿热,作用是
洗药浴,止痒,作用是
津液丢失,损伤正气,导致
流动的空气,卫气被吹散,会使
流行性感冒,春季传染病,属于
浅色衣服,吸热,可防止
浅色衣服,透气性,具有
浙江南部,较早,进入梅雨期
浴足,经络养生方法,属于
海参,凉性食物,是
海参,润燥止干的效果,具有
海参,清心安神的效果,具有
海参,滋阴养肺的效果,具有
海滨地区,疗养,可用于
海虾,阳气偏盛时期,适合食用
消化道供血增多,大脑供血相对减少,使
消暑汤,扁豆,成分
消暑汤,泽泻,成分
消暑汤,瘦肉,成分
消暑汤,荷叶,成分
消暑汤,薏米,成分
消积滞,中医养生方法,属于
消除疲劳,健康,有利于
润肺生津的汤水,木瓜粟米花生鱼汤,包括
润肺生津的汤水,沙田柚,包括
润肺生津的汤水,玉竹百合猪瘦肉汤,包括
润肺生津的汤水,青萝卜陈皮鸭汤,包括
淋浴,身体不适,可能导致
淡菜,益阴,功效
淡补,吃素,不等于
淮山,滋阴益血,具有功效
深秋,大脑和肌肉进入休息状态,导致
深秋,心脏跳动次数减少,使
深秋,气候干燥,气候特征
深秋,神经系统活动减慢,影响
深秋,秋风瑟瑟,气候特征
深秋,肌肉的反射活动,影响
深秋,进补,需要
添加衣服,防止,目的是
清代诗人肖雄,西疆杂述,创作作品
清嘉录,立冬节气时酿酒,记载
清嘉录,除夕家庭举宴,记载
清明,万物皆齐,时节特征
清明,三候,分为
清明,上清下明之意,含有
清明,二十四节气,属于
清明,二十四节气中的第五个节气,是
清明,二十四节气中的第四个节气,是
清明,传统节日,是
清明,保持稳定的情绪,建议
清明,保持顺畅的心情,建议
清明,健脾扶阳祛湿,食养原则
清明,养肝的好时机,是
清明,去除屋内潮湿,用于
清明,及时增减衣物,建议
清明,发物,应慎食
清明,呼吸道感染相关,与
清明,哮喘,可能导致
清明,哮喘相关,与
清明,多饮水,建议
清明,天气变化,应关注
清明,太阳到达黄经15度,对应
清明,太阳到达黄经°,对应
清明,寒食节,与
清明,寒食节的别称,被视为
清明,对肝脏进补,不宜
清明,岁时百问,出自
清明,平肝补肾润肺,饮食原则
清明,忌食忌热的习俗,包含
清明,戴在头上,习俗
清明,挽作圈,时节活动
清明,摘采新柳,时节活动
清明,时万物洁显而清明，气清景明,名称来源
清明,明朗清秀的景致,对应景象
清明,春分后十五日,发生在
清明,春季,对应时节
清明,春季,属于
清明,昼夜温差大,因
清明,月令七十二候集解,记载于
清明,桃花泛,伴随现象
清明,桃花雨,伴随现象
清明,气候潮湿,时节特征
清明,气清景明,时节特征
清明,清明断雪,对应谚语
清明,清明断雪，谷雨断霜,对应俗谚
清明,疲倦嗜睡,导致
清明,白扁豆,涉及食材
清明,盘腿静坐,锻炼方式
清明,肝气旺盛,特征
清明,肝火旺盛,导致
清明,节气,属于
清明,节气,是
清明,苍术,涉及食材
清明,茯苓,涉及食材
清明,薏米,涉及食材
清明,调整呼吸,锻炼方式
清明,谷雨,与
清明,谷雨,对应节气
清明,豆蔻,涉及食材
清明,避免受凉感冒,建议
清明,门口插柳,习俗
清明,雨水增多,时节特征
清明,雨水紧缺,期间
清明,雨水节气之后,对应
清明,高血压相关,与
清明,鬼节,又称
清明,黄经°为起点,以
清明养生,增强自身抵抗力,目的
清明养生,多吃水果,建议
清明养生,多喝水,建议
清明养生,少吃煎炒油炸的食物,建议
清明养生,少吃虾、羊肉、狗肉等热性食物,建议
清明养生,慎食发物以柔肺肝,建议
清明养生,扶助正气,目的
清明养生,春瘟,预防
清明养生,本虚标实,针对
清明养生,调和阴阳,目的
清明养生,适当进行锻炼,建议
清明养生,阴阳失调,针对
清明前后,春天,属于
清明天气,多风干燥特性,具有
清明扫墓,情绪低落,可能导致
清明时期,五脏六腑润濡,特征
清明时期,人体肌肤腠理舒展,特征
清明时期,户外运动,适宜活动
清明时期,晨运,适宜活动
清明时期,登山,适宜活动
清明时期,踏青,适宜活动
清明时期,郊游,适宜活动
清明时节,不稳定,气候特征
清明时节,作物生长需水不足,导致
清明时节,使用提神醒脑的香品,建议
清明时节,呼吸系统疾病,需要重视
清明时节,容易感到困乏,人体状态
清明时节,山药,适宜食用
清明时节,慢性疾病,是
清明时节,春困,缓解
清明时节,春播,影响
清明时节,春暖花开的特点,具有
清明时节,气温升高,气候特点
清明时节,消化功能旺盛,人体状态
清明时节,淡菜,适宜食用
清明时节,湿气较重,特征
清明时节,疲倦嗜睡,导致
清明时节,疾病加重,可能导致
清明时节,空气潮湿,特征
清明时节,肝的保养,需要注意
清明时节,肺的保养,需要注意
清明时节,花粉过敏,需要重视
清明时节,荠菜,适宜食用
清明时节,菠菜,适宜食用
清明时节,雨量增多,气候特点
清明时节雨纷纷,杜牧,出自
清明时节雨纷纷,江南气候,描述
清明节,中华民族的传统节日,属于
清明节,人体循环加快,导致
清明节,公历的月日相关,与
清明节,动脉压增高,导致
清明节,孝道,体现
清明节,寒食养精,习俗
清明节,寒食节,又称
清明节,崇本敬祖,体现
清明节,悲伤,可能导致
清明节,打马球,包含习俗
清明节,扫墓,包含习俗
清明节,扫墓,包括
清明节,春瘟,需预防
清明节,焚香,包含习俗
清明节,百花竞放,特征
清明节,睡眠,影响
清明节,祭祀节日,属于
清明节,祭祖扫墓,风俗
清明节,祭祖的日子,是
清明节,禁烟火,习俗
清明节,纸灰飞作白蝴蝶,习俗
清明节,节气,属于
清明节,茉莉花茶,传统饮品
清明节,草木吐绿,特征
清明节,荡秋千,包含习俗
清明节,血泪染成红杜鹃,习俗
清明节,踏青,包含习俗
清明节,追远活动,体现
清明节气,植树,适宜
清明节气,脾胃受湿,可能导致
清明节气,运动,关联
清明节气,采茶,涉及
清明节气,饮食调理,关联
清晨,凝神,进行活动方式
清晨,室外气温不适,空气质量不佳
清晨,气温低,环境特征
清晨,空气层稳定,环境特征
清晨,葱头,适合食用
清晨,运动,不适合
清晨,酒,适合饮用
清暑祛湿茶,药膳,属于
清暑祛湿茶,鲜扁豆花,含有
清暑祛湿茶,鲜玫瑰花,含有
清暑祛湿茶,鲜荷叶,含有
清洁卫生,防止传染性疾病,目的是
清淡,消化,有助于
清淡,食欲减退的需求,满足
清温平淡饮食,增强身体体质,目的
清温平淡饮食,抵御病菌侵袭,目的
清火,橙子,推荐食物
清火,苦瓜,推荐食物
清火,黄瓜,推荐食物
清热凉血,提高免疫能力,目的
清热利湿,丝瓜,适宜食物
清热利湿,冬瓜,适宜食物
清热利湿,绿豆,适宜食物
清热利湿,草鱼,适宜食物
清热利湿,薏苡仁,适宜食物
清热利湿,西瓜,适宜食物
清热利湿,赤小豆,适宜食物
清热利湿,预防风湿症,用于
清热利湿,鲫鱼,适宜食物
清热利湿,黄瓜,适宜食物
清热安神,饮食调理,属于
清粥,养肝,用于
清解湿热,具有芳香化浊之效的方剂的功效,是
清阳,导致,无法上升
渔民节,出海平安,祈求事项
渔民节,祈求海神保佑,活动内容
渔民节,鱼虾丰收,祈求事项
温与凉的变化,体质有关,与
温与凉的变化,机体反应有关,与
温度,8～10℃,下降幅度
温度,℃以上,达到
温度变化,湿气相互作用,与
温度攀升,烦躁上火,引发
温度攀升,食欲,影响
温度骤然下降,人们感觉天寒地冻,引起
温湿度变化,鼻部,影响
温热食物,慢性病患者,适合人群
温热食物,老年人,适合人群
温热食物,脾胃虚弱者,适合人群
温热食物,补益身体,作用
温热食物,防御寒冷气候侵袭,目的
温燥,暑热余气引起,由
温燥咳嗽,凉燥咳嗽,与
温燥咳嗽,燥而偏热,属于
温胃散寒,南瓜,通过食用
温胃散寒,甘蓝,通过食用
温胃散寒,红薯,通过食用
温胃散寒,胡萝卜,通过食用
温补,人参,常用补药
温补,冬虫夏草,常用补药
温补,怒肝脾,禁忌
温补,阿胶,常用补药
温补,黄芪,常用补药
温补肝阳,韭菜,对应食物
游泳,健身,作用
游泳,凉快、舒适,使身体感受
游泳,散热,有助于
游泳,消暑,作用
游泳,消暑健身,作用
游泳,盛夏,适合季节
游泳,能量消耗相关,与
湖南,较早,进入梅雨期
湖水边,空气新鲜的地方,属于
湿,痤疮,导致病症
湿度适中,精神状态,影响
湿气,体内,进入
湿气,脾胃,影响
湿气,风湿症,导致
湿气加重,人体,影响
湿气过盛,嗓子有痰,引起
湿气过盛,大便不畅,引起
湿气过盛,头发出油,引起
湿气过盛,胸闷,引起
湿气过盛,脸冒油,引起
湿气过盛,身体困倦,引起
湿气重,脾胃,影响
湿热交加,水分蒸发调节体温,影响
湿热交加,湿热难耐,使人感受
湿热天气,使用空调和电扇环境中,常见于
湿热弥漫空气,人体,影响
湿热弥漫空气,呼吸,作用于
湿疹,养血润燥,可通过
湿疹,汤水,可通过
湿疹,清洁卫生,需要
湿疹,清热解毒,可通过
湿疹,焚烧香品,可通过
湿疹,香药煮水擦身,可通过
湿胜,四肢困倦,导致
湿胜,萎靡不振,引起
湿邪,伸屈不利,引起
湿邪,关节疼痛,引起
湿邪,妇科炎症,导致
湿邪,恶心,引起
湿邪,水湿之气无法代谢,导致
湿邪,水肿,导致
湿邪,水肿,引起
湿邪,痤疮,导致
湿邪,肌肤麻木,引起
湿邪,肥胖,导致
湿邪,脚气,导致
湿邪,腹泻,引起
湿邪,风湿,导致
湿邪,风湿性关节炎,导致
湿邪,风湿病,导致
湿邪,食欲不振,引起
溃疡病人,保持情绪稳定,应注意
溃疡病人,增强自我保健意识,应
溃疡病人,天气变化情况及时做好保暖防寒,应根据
溃疡病人,寒冷的深秋及冬天要特别注意自我保养,在
溃疡病人,此节气期间关注天气预报,应在
溃疡病人,注意劳逸结合,应注意
溃疡病人,适当保暖防寒,应注意
溃疡病人,避免情绪消极低落,应注意
溃疡病人,避免过度劳累,应注意
溜冰,户外活动,属于
滋阴润燥食物,菠菜,包括
滋阴润燥食物,藕,包括
滋阴润燥食物,蜂蜜,包括
滋阴润燥食物,银耳,包括
滋阴润燥食物,鸭蛋,包括
滋阴润肺,冬瓜,可通过食用
滋阴润肺,柿,可通过食用
滋阴润肺,梨,可通过食用
滋阴润肺,海带,可通过食用
滋阴润肺,百合,可通过食用
滋阴润肺,紫菜,可通过食用
滋阴润肺,菌类,可通过食用
滋阴润肺,萝卜,可通过食用
滋阴润肺,藕,可通过食用
滋阴润肺,豆类,可通过食用
滋阴润肺,银耳,可通过食用
滋阴润肺,饮食调理,属于
滋阴清肝,菊花茶,通过饮用
滋阴益气,缓解秋燥,适用于
滑跌,摔伤,可能导致
滑雪,户外活动,属于
滚雪球,户外活动,属于
滥了白露，天天走溜路,民间农谚,属于
漱津,丹田,意想输送至
漱津,多次进行并咽下,属于养生动作
漱津次,一息,对应
火焰山,吐鲁番,位于
火焰山,美称,被称为
火锅,油腻性食物,属于
灵枢•五乱,经脉图,提及
灵枢•刺节真邪,与天地相应，与四时宁,强调
灵枢•刺节真邪,人与自然的关系应作为整体来认识,提出
灵枢•刺节真邪,养生,涉及
灵枢•刺节真邪,天人合一,强调
灵枢•刺节真邪,将节气的气候特点与人体的阴阳消长规律结合,主张
灵枢•刺节真邪,节气相副,强调
灵枢•经脉,经络具有调节百病的作用,论述
灵枢•经脉,经脉能够决定生死，调理虚实,指出
灵素节注类编,万寿仙书,提及
灵素节注类编,万育仙书,提及
灵素节注类编,清代,提及
炉烧盐腌,肉类加工方式,属于
炎热,中暑,引起
炎热,体内湿气,作用于
炎热,炎热难耐,使人感觉
炎热,蟋蟀的维生素含量高,导致
炎热暑天,秋天,即将过去
炎热的夏天,夏至之后,开始时间
炎热的季节,一缕青烟,专注
炒麦芽,方剂,用于
烦躁,神经痛高发,导致
烦躁不安,情绪问题,属于
烦躁不安,脑血管病,可能引发
烦躁不安,高血压,可能引发
烧烤,油腻性食物,属于
烧烤的食物,损耗阳气,可能导致
烧烤食物,秋燥,可能加剧
热,水分流失,导致
热中风,水分不足,原因
热在三伏,夏至,基于
热在三伏,立秋为基点计算,以
热带气旋,华南沿海,可能影响
热带气旋,海南岛,可能影响
热气内郁,痤痱,引发
热汤,白菜豆腐汤,包括
热汤,羊肉胡萝卜汤,包括
热汤,菠菜豆腐汤,包括
热热闹闹的春节,团团圆圆年夜饭,包含
热盛,汗出,引起
热能供给,碳水化合物,需要
热能供给,脂肪,需要
热能供给,蛋白质,需要
热蒸湿动,湿热弥漫空气,造成
热身活动,气温较低时,发生在
焚烧香品,清除屋内潮湿,用于
煮梅,夏朝,起源
煮梅的方法,使梅汁浸出,结果
煮梅的方法,将梅子与盐一同煮,涉及步骤
煮梅的方法,将梅子与糖一同煮,涉及步骤
煮梅的方法,将盐与晒干的青梅混合拌匀后再煮,涉及步骤
煮梅的方法,晒干的青梅,使用材料
煮梅的方法,梅子,使用材料
煮梅的方法,盐,使用材料
煮梅的方法,糖,使用材料
煮梅的方法,芒种日,适用于
熏烤,饮食禁忌,属于
熏艾,咳嗽上气,可用于治疗
熏艾,喘咳,可用于治疗
熏艾,夏季被蚊虫叮咬,可缓解
熏艾,头痛,可用于治疗
熏艾,心烦,可用于治疗
熏艾,掌中热,可用于治疗
熏艾,津液咽入丹田,具有作用
熏艾,胸背痛,可用于治疗
熏艾,胸膈胀满,可用于治疗
熏艾,脐上热,可用于治疗
熏艾,蚊驱虫,具有作用
熏艾,调息,具有作用
熏艾,防感冒,功能
熏艾,防次,具有作用
熏艾,防蚊,功能
熏艾,风毒,可用于治疗
熬夜加班,内热,可能引起
熬然,影响身体健康,对身体的影响
熬然,损害脾胃,对身体的影响
燕京岁时记,咬春,记载
燕京岁时记,春饼,记载
燕京岁时记,萝卜,记载
燥则润之,口干,适用于
燥则润之,咽干,适用于
燥则润之,唇干,适用于
燥则润之,大便干结,适用于
燥则润之,皮肤干裂,适用于
燥则润之,鼻干,适用于
燥寒冷的气候,支气管炎,易导致
燥寒冷的气候,老年人患感冒,易导致
燥寒冷的气候,肺气肿,易导致
燥邪,口干,导致
燥邪,咽干,导致
燥邪,唇干,导致
燥邪,大便干,导致
燥邪,津液,影响
燥邪,灼伤肺津,可能导致
燥邪,皮肤干裂,引起
燥邪,肺,伤害
燥邪,鼻干,导致
爬山,锻炼方式,属于
爬行,反常态行为,属于
牛奶,强心,作用
牛奶,滋阴润,适用于
牛奶,补充营养,作用
牛奶,豆肉,与
牛骨髓,壮阳、滋阴,功效
物候,动物的复苏,表现为
物候,动物的始鸣,表现为
物候,动物的繁育,表现为
物候,动物的蛰眠,表现为
物候,动物的迁徙,表现为
物候,植物的发叶,表现为
物候,植物的叶落,表现为
物候,植物的叶黄,表现为
物候,植物的开花,表现为
物候,植物的结果,表现为
物候,植物的萌芽,表现为
物候,气候变化息息相关,与
物候,自然界的花草树木、飞禽走兽按一定季节时令活动,指
牵的要人拉,人际互动中的依赖关系,体现
狗肉,生湿助热食物,属于
狗肉,阳气偏盛时期,适合食用
猜灯谜,元宵节的一项活动,是
猜灯谜,启迪智慧的作用,具有
猜灯谜,宋朝,最早出现于
猜灯谜,愉悦情志的游戏,可作为
猜灯谜,打灯谜,又称
猜灯谜,社会各阶层的欢迎,受到
猜灯谜,饶有趣味的特点,具有
猪肉,阳气偏盛时期,适合食用
玉泉,延年,功效
玉泉,除百病,功效
玉米,钾元素,富含
玉米,雨水,生长需要
王亚萍,明代养生学发展成就与特点,作者
王国为,五运六气治则治法,参与研究
王志华,二十四节气养生歌,关联文章
王志华,二十四节气养生歌赏析,作者
王志华,二十四节气养生歌赏析,参与
王志华,二十四节气养生歌赏析,撰写
王志华,寒露养生,参与
王志华,清明养生,参与
王志华,白露养生歌赏析,参与
王志华,谷雨养生赏析,参与
王霜,保生心鉴二十四节气中医导引法养生理论探讨,作者
玫瑰花,冷粥将熟时,添加时机
现代医学生理学,人在暑热之时可服用仁丹、十滴水,认为
现代医学生理学,人的神经细胞对气温、气压、湿度和气流变化高度敏感,认为
现代医学生理学,民间有‘秋老虎’之说,提及
理虚元鉴,汪绮石,作者
瑜伽,保持心境平和,有助于
瑜伽,安神养性,有助于
瑜伽,舒缓烦躁,有助于
瓜果蔬菜,养分,提供
瓜果蔬菜,防病抗癌的食疗优势,具有
甘味,饮食,应增加摄入
甘味食物,大枣,包括
甘味食物,山药,包括
甘味食物,春季,适用于
甘味食物,荠菜,包括
甘味食物,菠菜,包括
甘味食物,鸡肉,包括
甘味食物,鸡肝,包括
甘肥滋腻,食物类型,属于
甘草,方剂,用于
甘草,除大热,功效
甘蓝,钾元素,富含
甘蔗,润肺生津,功效
甘蔗,滋阴润,适用于
甜点,加强脾功能,作用
甜点,维持肝脾阴阳平衡,有助于
生冷食物,损伤脾阳,易导致
生冷饮食,大汗后避免,应在
生命的衰退,肾有直接关系,与
生命阶段,不同的生理特点,具有
生姜,姜烯,含有
生姜,姜醇,含有
生姜,柠檬醛,含有
生姜,辛辣的食物,属于
生姜红糖水,发汗,作用
生姜红糖水,驱散寒气,作用
生木之物,水腻,需要
生木者,水,是
生梨,哮喘,可能引发
生气,养中病的人,适用于
生气,肝保持活力,有助于
生气发怒,肝脏气血郁滞,导致
生气发火,心脏疾病,引发
生津,中医养生方法,属于
生活起居,养生保健,需配合
生活起居,岁时节序的变化,应结合
生活起居,自然,应顺应
生活起居,节气养生的精髓,需掌握
生湿助热,食物性质,属于
生理活动,自然界变化,需适应
生理状态,心脏,影响
生理盐水,杀菌作用,具有
生理盐水,水流冲击力,结合
生理盐水,鼻腔内的污垢,用于清除
生理盐水,鼻腔内的致病菌,用于清除
生理盐水,鼻腔自我排毒功能,有助于恢复
用热水泡脚,20分钟左右,持续时间
用热水泡脚,促进血液循环,作用
用热水泡脚,养生益寿措施,属于
用热水泡脚,准备一个热水瓶,具体做法
用热水泡脚,准备半盆热水,具体做法
用热水泡脚,双足入盆浸泡,具体做法
用热水泡脚,水温稍高且不烫伤脚,要求
用热水泡脚,消除疲劳,作用
用热水泡脚,温暖全身,作用
用热水泡脚,长途跋涉后,适用情况
用热水泡脚,驱散寒气,作用
田园人家,惊蛰节气,庆祝
田园八段锦,锻炼方式,属于
田思玮,基于天人合一理论的二十四节气中医导引法,参与研究
田间杂草,中耕除草,需要管理方式
田间杂草,惊蛰节气,萌发时间
甲鱼,凉性食物,是
甲鱼,润燥止干的效果,具有
甲鱼,清心安神的效果,具有
甲鱼,滋阴养肺的效果,具有
甲鱼,阳气偏盛时期,适合食用
男性,需壮阳,在小寒时节
番茄,降压菜,是
疏散,减少疾病的发生,有助于
疏散,咸菜滚黄沙蚬,适宜搭配
疏散,增强身体素质,有助于
疏散,川芎白芷炖鱼头,适宜搭配
疏散,提高心肺功能,有助于
疏散,枸杞猪肝粥,适宜搭配
疏散,桑椹薏米炖白鸽,适宜搭配
疏散,猫爪草煲猪瘦肉,适宜搭配
疏散,红萝卜竹蔗水,适宜搭配
疏散,胡椒煲猪肚,适宜搭配
疏散,韭菜滚狗肚鱼,适宜搭配
疏散,鲜土茯苓煲立夏篇猪展,适宜搭配
疫病,免疫力比较差的人,影响对象
疮科通玄论,明朝,原属朝代
疮科通玄论,朝鲜,被引用地点
疮科通玄论,疮疡科,属于
疾病,正向逆转,可逆方向
疾风暴雨,洪水地质灾害,引发
病毒,惊蛰后活跃,在
病老体弱者,随气温变化加减衣服,需要关注
病虫害,惊蛰节气,发生时间
病虫害,病虫害防治,需要防治方式
痔疮,肠胃内热蓄积,病因
瘦肉,强心,作用
瘦肉,补充营养,作用
登山,增强体质,有助于
登山,提高神经系统灵敏性,有助于
登山,提高肌肉耐受力,有助于
登山,祛病健体,目的
登山,身心健康,有助于
登山,运动,属于
登高望远,增强体质,有助于
登高望远,提高神经系统灵敏性,有助于
登高望远,提高肌肉耐受力,有助于
登高望远,身心健康,有助于
白天晒太阳,促进阳气生长,作用
白天气温较高,人体汗出增加,引起
白居易,斋居,创作
白菜,寒冷的日子,适合食用
白菜,消食,具有
白菜,清火降气,具有
白菜,蔬菜,属于
白萝卜,产气较多,副作用
白萝卜,人参,禁忌搭配
白萝卜,体质虚弱,适宜人群
白萝卜,何首乌,禁忌搭配
白萝卜,味辛甘,味道
白萝卜,寒冷的日子,适合食用
白萝卜,消食,具有
白萝卜,消食,具有功效
白萝卜,清火降气,具有
白萝卜,清火降气,具有功效
白萝卜,溃疡病,对疾病的影响
白萝卜,生熟地,禁忌搭配
白萝卜,脾胃虚寒,适宜人群
白萝卜,进食不化,适宜人群
白露,一候鸿雁来,包含
白露,三候群鸟归,包含
白露,二候玄鸟归,包含
白露,二十四节气中的第十五个节气,是
白露,健脾补肝清肺,饮食养生重点
白露,入秋不久,发生时间
白露,公历的月～日,发生时间
白露,关上窗户,建议行动
白露,典型的秋天节气,是
白露,典型的秋季气候,是
白露,养生歌诀,对应
白露,冒火,可能导致
白露,冷空气转守为攻,气候转变
白露,凌而为露,节气特点
白露,凝结成白色水滴,时节特征
白露,刺激性强的食物,应避免
白露,动静相合,运动原则
白露,口唇干燥,可能导致
白露,口唇裂开,可能导致
白露,吃龙眼,相关习俗
白露,味精,需要添加
白露,处暑十八日后,节气时间
白露,备薄棉被,建议行动
白露,夏季风逐步被冬季风替代,气候转变
白露,大便干结,可能导致
白露,大补身体的奇效,具有
白露,天气开始转凉,意味着
白露,天气转凉,时节特征
白露,天气转凉阴气渐重,节气特点
白露,头皮屑增多,可能导致
白露,将莲子、百合、精瘦肉一同入锅加水煲熟,对应的做法
白露,少吃苦味食物,时节特点
白露,干燥,后气候
白露,年轻人诗意的缠绵,情感色彩
白露,应适当吃辛味食物,时节特点
白露,我国北方地区,影响区域
白露,换上长袖衣,建议行动
白露,撤掉凉席,建议行动
白露,支气管哮喘发病率升高相关,与
白露,斗蟋蟀,对应活动
白露,无光泽,可能导致
白露,早晚添衣,需要注意
白露,早晚进行运动,建议
白露,昼夜温差大,时节特征
白露,晶莹剔透,特征
白露,暑气已尽,标志着
白露,暖空气逐渐退避三舍,气候转变
白露,月令七十二候集解,被解释
白露,毛发干枯,可能导致
白露,气候变冷,标志着
白露,气候干燥,导致
白露,气候干燥,时节特征
白露,气候干燥,气候特点
白露,气短神疲,可防治
白露,水分摄入,需要关注
白露,注意保暖,建议
白露,润燥益气,饮食养生原则
白露,清晨露水增多,时节特征
白露,清晨露水日益加厚,时节特征
白露,烦热口渴,可防治
白露,白天温和但早晚凉,时节特征
白露,百鸟开始贮存干果粮食,节气特征
白露,皮肤紧绷,可能导致
白露,皮肤脱屑,可能导致
白露,盗汗,可防治
白露,秋冻,提醒避免
白露,秋分夜，一夜冷一夜,俗语关联
白露,秋前秋后一场雨之后,出现在
白露,秋寒,对应季节
白露,秋燥,对应节气
白露,秋风秋雨愁煞人,时节感受
白露,粗糙纤维食物,应避免
白露,精盐,需要添加
白露,维生素摄入,需要关注
白露,自然界气温变化,标志着
白露,节气,属于
白露,花木凋零,时节特征
白露,越冬做准备,为
白露,身不露,谚语
白露,身不露，着凉易泻肚,俗语提醒
白露,连阴雨天,常伴随
白露,避免食用苦瓜,时节建议
白露,避免食用莴笋,时节建议
白露,长江中下游地区,影响区域
白露,长衣长袖类服装,适宜穿着
白露,防寒,对应养生注意事项
白露,降水减少,气候特点
白露,需要注意足部保暖,之后
白露,露水,是
白露,食用韭菜,时节建议
白露,食用香菜,时节建议
白露,饮用米酒,时节建议
白露,饮食补充夏季消耗,需要
白露,鸿雁与燕子南飞避寒,节气特征
白露,黄经,对应太阳位置
白露,鼻咽燥,可能导致
白露,龙眼,传统饮食
白露之前,个大颗,龙眼特征
白露之前,口感好,龙眼特征
白露之前,味甜,龙眼特征
白露之前,核小,龙眼特征
白露吃龙眼,龙眼,被推荐
白露期间,叩齿,练习功法
白露期间,吐纳,练习功法
白露期间,咽津,练习功法
白露期间,林荫道,锻炼场所
白露期间,江河湖畔,锻炼场所
白露期间,调息,练习功法
白露秋分夜,一夜冷一夜,说明
白露米酒,温中含热,性质
白露米酒,略带甜味,味道
白露米酒,糯米,酿造原料
白露米酒,高粱,酿造原料
白露节,昼夜温差大,特征
白露节,白露节气勿露身，早晚要叮咛,对应谚语
白露节,过了白露节，夜寒日里热,对应谚语
白露节前后,森林火险,可能引发
白露节前后,秋旱,可能引发
白露节气,元鸟归,三候
白露节气,冷空气转守为攻,伴随
白露节气,地面和叶子上出现凝结成晶的晶白露滴,表现为
白露节气,增强体质,防治方法
白露节气,夏季风逐步被冬季风所代替,标志着
白露节气,天地阳气开始收敛,标志着
白露节气,天气转凉,标志着
白露节气,奎塞不畅,相关症状
白露节气,早晚要叮咛,提醒事项
白露节气,昼夜温差大,特点
白露节气,晶白露滴,名称来源
白露节气,暖空气逐渐退避三舍,伴随
白露节气,正虚,病因本质
白露节气,每年月日前后太阳到达黄经165度,发生时间
白露节气,气温下降,标志着
白露节气,气温下降速度加快,导致
白露节气,白露节气勿露身，早晚要叮咛,对应古语
白露节气,秋燥,对应时节
白露节气,群鸟养羞,三候
白露节气,肾开始收藏阳气,对应
白露节气,自然界气温变化,反映
白露节气,酸指酸味食物,对应食物
白露节气,鸿雁来,三候
白露节气,鼻炎,涉及病症
白领女性,春季养生,受益于
百合,中药,属于
百合,微苦,味道
百合,润肺止咳,作用
百合,润肺生津,功效
百合,清心安神,作用
百合,滋阴润,适用于
百合,白露节气,用于食疗
百合,适合处暑节气食用的食物,属于
百合花,药店购买,可在
百花竞放,花粉增多,导致
皮肤干燥,养护肺脏来改善,需通过
皮肤干燥,护肤产品维持,需要通过
皮肤干燥,肢体末端的皮肤开裂,表现为
皮肤暴露于紫外线,维生素,产生
皮肤病,下肢溃疡,包括
皮肤病,湿疹,包括
皮肤病,脚气,包括
皮肤腠理开合频繁,虚邪贼风有机可乘,使
益气养阴食物,大枣,包括
益气养阴食物,山药,包括
益气养阴食物,百合,包括
益气养阴食物,莲藕,包括
益气养阴食物,蜂蜜,包括
盐水,减少水分流失,作用
盘腿坐下,右手上举托天,动作包括
盘腿坐下,左手按住左小腿部位,动作包括
盛夏,少动多静,适宜
盛夏,高温,特征是
盛阳,此节气,覆盖于
省酸增甘以养脾,孙思邈,提出者
真人,使身与时间空间同步,需要
真人,呼吸精气,具备
真人,把握阴阳,具备
真人,控制心,需要
真人,控制身,需要
真人,提挈天地,具备
真人,独年,具有
眼病,患病率较高,患病特点
眼睛干涩,肝相关,与
着凉,吹空调,原因
睡眠,睡于空调下直吹取凉,不良习惯
睡眠,纳凉至深夜,不良习惯
睡眠,血流速度减慢,导致
睡衣,吸汗,作用是
睡衣,防止受凉,作用是
睡觉,开启空调,不应
睡觉时要盖好被褥,预防寒冷刺激,建议
知了,夏至后,发声时间
知了,感阴气之生,触发原因
知了,雄性,性别
知了,鼓翼而鸣,行为
碳水化合物,肉类,存在于
碳水化合物,蛋类,存在于
碳水化合物,豆制品,存在于
碳水化合物,鱼类,存在于
礼记,立夏,解释
礼记,辣素、树脂、淀粉和纤维等物质,包含篇章
神奇靓粥,清肠热,作用
神清气和,保持心情舒畅,需要
神经功能紊乱,不能自主的自觉病症,表现
神经功能紊乱,心中动悸不安,表现
神经功能紊乱,脏腑功能失调,病因
神经末梢,血液循环,促进
神经痛,三叉神经痛,包括
神经痛,坐骨神经痛,包括
神经痛,肋间神经痛,包括
神经系统,气压变化敏感,对
神经系统,气温变化敏感,对
神经系统,湿度变化敏感,对
神经系统,烦躁,受刺激后引发
神经系统,紧张,受刺激后引发
禁蝎符,寒食清明节,相关节日
禁蝎符,山西,所属地区
禁蝎符,张天师,创作者
禁蝎符,门板,张贴地点
禁蝎符,陕西,所属地区
禁蝎符,雄鸡衔草,内容主题
福州,白露必吃龙眼的传统,有
福建莆田,大暑吃米糟,地域习俗
福建莆田,大暑吃羊肉,地域习俗
福建莆田,大暑吃荔枝,地域习俗
禹锡,多食茼蒿动风气,认为
禾,黍、稷、稻、粱类农作物的总称,含义
秋,盛夏,接续
秋三月,寒露节气,对应节气
秋三月,早卧早起，与鸡俱兴,养生原则
秋乏,不吃或少吃,缓解方式
秋乏,人体节律,可通过调节
秋乏,体液偏酸,原因
秋乏,保证充足睡眠,缓解方式
秋乏,合理调整日常起居,缓解方式
秋乏,处暑,发生时期
秋乏,多吃,缓解方式
秋乏,天气由热转凉,原因
秋乏,机体产生疲惫感,表现
秋乏,清晨醒来想再睡,表现
秋乏,身体出汗明显减少,表现
秋乏,适量增加,缓解方式
秋乏,避免熬夜,缓解方式
秋冬,养阴,对应
秋冬养阴,天地生长化收藏之气,属于
秋冻,感冒,可能导致
秋冻,肺疾,可能导致
秋分,一候雷始收声,对应
秋分,三候水始涸,对应
秋分,二候蛰虫坯户,对应
秋分,二十四节气中的第十六个节气,是
秋分,代谢功能下降,导致
秋分,侧卧,建议睡眠姿势
秋分,公历的月～日,时间定义
秋分,养生原则,指导
秋分,养肺,建议
秋分,内心安宁,需保持
秋分,凉风萧瑟,伴随现象
秋分,右侧弓形卧位,推荐卧位
秋分,吃秋菜,习俗
秋分,向冬季过渡,气候趋势
秋分,夜间盖被子,注意事项
秋分,天气变化,对人群敏感
秋分,太阳到达黄经,天文特征
秋分,太阳到达黄经°,具有两个含义
秋分,太阳到达黄经度,对应天文现象
秋分,头朝东,作息建议
秋分,头朝西,作息建议
秋分,姜,建议避免食用
秋分,寒冷袭人,之后
秋分,寒凉渐重,后
秋分,寒暑平,气候特征
秋分,寒暑平,特征
秋分,寒暑平,特点
秋分,山药,饮食推荐
秋分,怕冷且怕热,需注意
秋分,悲忧情绪,可能引发
秋分,收神人,需要
秋分,敛气,需采取
秋分,日照减少,伴随现象
秋分,日降水量减少,之后
秋分,早卧早起，与鸡俱兴,对应节气原则
秋分,早晚应注意添衣保暖,建议
秋分,早睡早起,适宜作息
秋分,春夏,对应季节
秋分,春夏养阳,养生原则
秋分,昼夜均,气候特征
秋分,昼夜均,特征
秋分,昼夜均,特点
秋分,昼夜平分,特征
秋分,昼夜时间相等,体现
秋分,昼夜温差加大,特征
秋分,昼夜温差逐渐加大,特征
秋分,昼短夜长现象明显,气候特征
秋分,暑热,前
秋分,梨,饮食推荐
秋分,每年月日前后,发生时间
秋分,气候呈现三大特点,标志着
秋分,气候干燥,气候特征
秋分,气候渐凉,导致
秋分,气温速降,后
秋分,气温骤降,之后
秋分,润肺生津,饮食建议
秋分,温凉变化,前后
秋分,登山,适宜活动
秋分,登高开胸食玉泉,建议
秋分,白天变短,气候特征
秋分,百合,饮食推荐
秋分,睡眠时宜侧卧,具有另一个含义
秋分,秋冬,对应季节
秋分,秋冬养阴,养生原则
秋分,秋季,平分
秋分,秋季开始,标志着
秋分,秋季肃杀之气对身心的影响,避免
秋分,秋高气爽,时节特征
秋分,立秋到霜降之间,发生在
秋分,精神调养,涉及内容
秋分,老年,影响人群
秋分,胃部保暖,注意事项
秋分,节气,属于
秋分,葱,建议避免食用
秋分,藕,饮食推荐
秋分,血液循环减慢,导致
秋分,阳,与阴阳关系
秋分,阳光直射位置向南半球推移,气候特征
秋分,阴,与阴阳关系
秋分,阴阳相半,对应节气
秋分,雨水频繁,之后
秋分,风起叶落,伴随现象
秋分,黄经°,对应太阳黄经位置
秋分,黑夜变长,气候特征
秋分,黑夜最长，白天最短,特征
秋分之后,河湖水位下降,导致
秋分之后,降雨日数和雨量减少,导致
秋分以后,乙脑的多发季节,是
秋分以后,疟疾的多发季节,是
秋分以后,肠道传染病的多发季节,是
秋分后,凉燥,出现
秋分时期,肺气保养,需要关注
秋分时节,干旱少雨,导致
秋分时节,心衰,容易导致
秋分时节,忧愁,引起情绪
秋分时节,敏感多疑,引起心理状态
秋分时节,落叶纷飞,伴随现象
秋分时节,连绵阴雨,导致
秋分节气,中午气温稍收敛,特点
秋分节气,中秋过后夜夜凉,对应民谚
秋分节气,天高气爽,特征
秋分节气,慢跑,适宜活动
秋分节气,打球,适宜活动
秋分节气,收敛神气,应对方式
秋分节气,散步,适宜活动
秋分节气,早晚天凉,特点
秋分节气,洗冷水浴,适宜活动
秋分节气,游泳,适宜活动
秋分节气,登山,适宜活动
秋分节气,神志安,影响
秋分节气,秋天容平之气,顺应
秋分节气,练五禽戏,适宜活动
秋分节气,胃部养护的开始,标志着
秋前北风,下雨,导致
秋前秋后一场雨,白露前后一场风,对应
秋后北风,无滴水,导致
秋天,乙脑的高发期,是
秋天,人体最适宜进补的时候,是
秋天,伤风,容易引发
秋天,反常态运动法,推荐方法
秋天,变凉,气候特征
秋天,增加运动量,需要
秋天,寒冷,需对抗
秋天,心肺功能,旨在增强
秋天,既宜动又宜静,运动特点
秋天,旧病发作,容易引发
秋天,早晚温差逐渐明显的特点,具有
秋天,生理功能,影响
秋天,疟疾的高发期,是
秋天,秋乏,具有
秋天,空气干燥,特征是
秋天,肠道传染病的高发期,是
秋天,血液循环,影响
秋天,鼻炎,易引发
秋季,养阴护阳,养生重点
秋季,大寒的瓜果,应少吃
秋季,日平均气温降至22℃以下,特征
秋季,早晚活动以避免‘秋老虎,起居建议
秋季,早睡早起,起居建议
秋季,机体水分,需要关注
秋季,气候干燥,具有
秋季,皮肤干燥,引起
秋季,皮肤干燥,易引发
秋季,空气湿度小,导致
秋季,维生素,需要补充
秋季,胃部保暖,需要关注
秋季,葡萄,可适当进食
秋季,酸味的水果,适宜食用
秋季进补,减少冬季病毒感染,有助于
秋季进补,补充夏季的消耗,目的是
秋季进补,防止旧病复发,有助于
秋寒,腹泻,可能导致
秋收,四季变化规律,属于
秋收作物,及时抢收,需
秋旱,减一半,影响程度
秋旱,山地林区,影响
秋末时节,上火,可能导致
秋末时节,口干,易出现
秋末时节,大便干结,易出现
秋末时节,姜,应少吃
秋末时节,宣肺止咳,适宜食用
秋末时节,梨,应多吃
秋末时节,橄榄,应多吃
秋末时节,洋葱,应多吃
秋末时节,生津润燥,适宜食用
秋末时节,皮肤粗糙,易出现
秋末时节,芥菜,应多吃
秋末时节,苹果,应多吃
秋末时节,萝卜,应多吃
秋末时节,葱,应少吃
秋末时节,蒜,应少吃
秋末时节,辛辣的食物,应少吃
秋末时节,辣椒,应少吃
秋燥,体质,相关因素
秋燥,体质偏燥者,影响人群
秋燥,凉燥,属于
秋燥,咳嗽少痰,症状表现
秋燥,咽干,症状表现
秋燥,咽干,表现为
秋燥,嗓子发干,表现为
秋燥,嘴唇干燥或裂口,表现为
秋燥,处暑期间,发生在
秋燥,多味之品,症状
秋燥,大便干结,表现为
秋燥,头皮屑增多,表现为
秋燥,导致鼻燥口干、手脚心热,影响
秋燥,山药,饮食禁忌
秋燥,干咳无痰,表现为
秋燥,干燥,原因
秋燥,扁豆,饮食禁忌
秋燥,机体反应,相关因素
秋燥,毛发枯燥,表现为
秋燥,气候干燥,原因
秋燥,海腥鱼虾,饮食禁忌
秋燥,温燥,在秋分前表现为
秋燥,烧烤,症状
秋燥,生冷腌菜,饮食禁忌
秋燥,皮肤,影响
秋燥,皮肤干燥,表现为
秋燥,皮肤紧绷,表现为
秋燥,立秋,发生时间
秋燥,肺,影响
秋燥,莲子,饮食禁忌
秋燥,补充润燥的食品,需要
秋燥,辛辣酸咸甘肥之品,饮食禁忌
秋燥,辛辣食物,需避免
秋燥,避免辛辣食物,预防措施
秋燥,鼻燥,表现为
秋老虎,乏力,导致
秋老虎,倦怠,导致
秋老虎,呆滞,导致
秋老虎,在每年的8月上旬前后,交节时间
秋老虎,处暑相关,与
秋老虎,夏季末尾至初秋,出现在
秋老虎,大暑期间的高温有关,与
秋老虎,立秋之后,出现在
秋老虎,立秋后,出现在
秋菜,秋碧蒿,别称
秋补,优于,被认为
秋训示,合理使用电扇,建议
秋训示,合理使用空调,建议
秋训示,谷,提及
秋训示,过度使用电扇和空调,警告
秋风秋雨愁煞人,消沉,导致
秋高气爽,天气清爽,时节特征
科学养生,保证旺盛的精力,目的
科学养生,延年益寿,目的
科学泡脚,养生,作用
秦岭,冷空气,阻挡
秦岭,南方地区北部,位于
程酒,白露米酒,属于
程酒,程江水酿制,以
穴位,耳,位于
穴位按摩,作为肠胃‘避暑’的好办法,作用
穴位按摩,使脾胃强壮,作用
穴位按摩,养身延年,作用
穴位按摩,强肾壮腰,作用
穴位按摩,针对,方法
空气干燥,森林火险,导致
空气干燥,脸色黯淡,导致
空气湿度,湿疹,导致
空气湿度,脾胃,影响
空气湿度增加,除湿,需要
空气湿度增大,书籍生霉菌,导致
空气湿度增大,衣物生霉菌,导致
空气质量,运动适宜性,影响
空调,寒,引起
空调,降温,用于
穿得过于严实,体内热气散发不出去,导致
穿着衣物,浅色衣服,宜选
穿着衣物,纯棉质,应选择
穿着衣物,透气性好,应选择
窝头,钾元素,富含
立冬,万物收藏,含义
立冬,万物收藏,导致
立冬,万物收藏,意味着
立冬,万物活动趋向休止,时节特征
立冬,乌鸡,建议食用
立冬,二十四节气,属于
立冬,二十四节气中的第十九个节气,是
立冬,人体新陈代谢,促进
立冬,体阴阳转换,与
立冬,养精蓄锐,养生目的
立冬,冬季即将到来,标志着
立冬,冬季开始,标志着
立冬,冷空气,伴随
立冬,南北温差拉大,导致
立冬,后阳气潜藏,时节特征
立冬,四季开始的季节划分法,是
立冬,四立节气,属于
立冬,天气变寒,标志着
立冬,定量进餐,饮食建议
立冬,建立,寓意
立冬,开始,寓意
立冬,心梗,增加风险
立冬,心绞痛,增加风险
立冬,我国大部分地区,发生在
立冬,新陈代谢,影响
立冬,新鲜蔬菜,建议食用
立冬,早睡晚起,建议
立冬,暴食,禁忌
立冬,月令七十二候集解,相关文献
立冬,服用对胃肠黏膜有刺激的药物,禁忌
立冬,植物神经功能紊乱,导致
立冬,消化液分泌增多,引起
立冬,牛奶,建议食用
立冬,牛羊肉,建议食用
立冬,生活起居,建议调整
立冬,终也,含义
立冬,维生素缺乏,预防
立冬,耗热量,增加
立冬,胃液分泌增多,引起
立冬,胃肠蠕动,影响
立冬,脑出血,增加风险
立冬,脑梗,增加风险
立冬,腹部保暖,需要
立冬,草木凋零,时节特征
立冬,萝卜,建议食用
立冬,蛰虫伏藏,时节特征
立冬,血压骤升,导致
立冬,衣着不宜过少过薄,建议
立冬,补冬,习俗
立冬,豆浆,建议食用
立冬,醉酒,禁忌
立冬,防寒保暖,需要
立冬,阳气渐长,标志着
立冬,阳气潜藏,含义
立冬,阳气潜藏,意味着
立冬,阴气渐退,标志着
立冬,阴气盛极,意味着
立冬,阴气盛极,时节特征
立冬,阴精蓄积,影响
立冬,青菜,建议食用
立冬,食欲,改善
立冬,食物冷暖适宜,饮食建议
立冬,食量,增加
立冬,鲫鱼,建议食用
立冬,黄经225度,对应
立冬习俗,酿酒,包括
立冬导引法,手臂,主要锻炼部位
立冬节气,晒太阳的做法,对应
立冬节气,酿酒,与
立夏,中医春夏养阳观点,符合
立夏,二十四节气中的第一个节气,是
立夏,二十四节气中的第七个节气,是
立夏,互相撞击争斗,习俗
立夏,仲春和暮春季节,处于
立夏,体健之人也需谨慎,注意事项
立夏,促进消化,有助于
立夏,全国大部分地区平均气温在18～20℃,发生时
立夏,养心,养生重点
立夏,养阳,养生重点
立夏,农作物进入生长旺季,标志着
立夏,农历,属于
立夏,午睡,建议习惯
立夏,午觉稳,建议
立夏,华夏大地进入夏季,标志着
立夏,南方气候炎热,时节特征
立夏,吃粥,饮食建议
立夏,吃蛋,习俗
立夏,吃鸡蛋,习俗
立夏,告别春天,象征着
立夏,喝粥,饮食建议
立夏,四季开始的季节划分法,是
立夏,四月节,对应节气
立夏,四立节气,属于
立夏,均衡营养,有助于
立夏,坚持睡午觉,建议
立夏,夏天的开始,标志着
立夏,夏季,属于
立夏,夏季开始,标志
立夏,夏季的开始,标志着
立夏,天文角度的季节划分,属于
立夏,天气渐热,之后
立夏,太阳黄经°,对应
立夏,奶,建议食用
立夏,姜,建议食用
立夏,姜,饮食推荐
立夏,安度酷暑,目的是
立夏,少阴君火,属于
立夏,干旱现象,应避免
立夏,慢节奏的有氧运动,推荐进行
立夏,慢跑,推荐活动
立夏,手臂上的筋突起,对应
立夏,打太极拳,推荐活动
立夏,护心,养生重点
立夏,摘下脖子上的熟鸡蛋,习俗
立夏,散步,推荐活动
立夏,早上,对应时节
立夏,易怒上火,导致症状
立夏,春天的结束,标志着
立夏,昼长夜短,具有特点
立夏,晚上睡觉时间稍晚,建议调整作息
立夏,晚睡早起,建议
立夏,晚睡早起,提倡作息
立夏,植物繁盛,之后
立夏,正气充足，邪不可干,目标状态
立夏,气候变化,应顺应
立夏,气温上升,之后
立夏,气温升高到℃左右,时节
立夏,气温回升较快,时节特征
立夏,气温明显升高,标志着
立夏,水果蔬菜,建议多吃
立夏,江南进入雨季,标志着
立夏,温度攀升,导致
立夏,炎暑将临,标志着
立夏,炎热,对应天气特征
立夏,烦躁不安,导致症状
立夏,热天不疰夏,与俗语相关
立夏,物至此皆长大,名称由来
立夏,王瓜生,特征
立夏,生活之圆满,象征
立夏,生活节奏,建议调整
立夏,生理状态,影响
立夏,疰夏,可预防
立夏,瘦肉,建议食用
立夏,白天气温较高,导致
立夏,粗粮,建议适当搭配
立夏,精神调养,强调
立夏,维生素,建议补充
立夏,葱,饮食推荐
立夏,蚯蚓出,特征
立夏,蚯蚓翻土,时节现象
立夏,蛋,建议食用
立夏,蛋白质,建议补充
立夏,蛋类食品,对应食品
立夏,蝼蝈鸣,特征
立夏,衣单被薄,时节特征
立夏,补心,具有作用
立夏,调息静气,建议
立夏,豆类,建议食用
立夏,足运太极式,涉及动作
立夏,身体脏腑功能正常,有助于
立夏,避免疰,习俗
立夏,野菜生长,时节现象
立夏,阳气生发,对应节气
立夏,阳长,对应
立夏,阴气,顺应
立夏,雷雨增多,之后
立夏,雷雨增多,时节特征
立夏,雷雨增多,标志着
立夏,青蛙聒噪,时节现象
立夏,鱼,建议食用
立夏之后,心脏,应重视
立夏后,天气逐渐炎热,气候特征
立夏后,慢节奏的有,适宜进行
立夏导引法,脚,主要锻炼部位
立夏导引法,腿,主要锻炼部位
立夏时节,发汗之剂,不宜使用
立夏时节,外感,需谨防
立夏时节,天气逐渐炎热,导致
立夏时节,宜清淡,饮食建议
立夏时节,忌食油腻,饮食禁忌
立夏时节,易怒上火,容易出现
立夏时节,暴喜,应避免
立夏时节,注意劳逸结合,应采取措施
立夏时节,烦躁不安,容易出现
立夏时节,生活有规律,应采取措施
立夏时节,生理状态发生变化,引起
立夏时节,篆香,适宜使用
立夏节,夏季开始,标志
立夏节气,做好精神养生,建议
立夏节气,心脏,应重点养护
立夏节气,气血瘀滞,可能导致
立夏节气,衣单被薄,特征
立夏节气,谨防外感,注意事项
立夏节气,轻易运用发汗之剂,禁忌
立夏足运太极式,丑寅时,执行时间
立夏足运太极式,两手左右托,配合动作
立夏足运太极式,动阴肝风木,作用于
立夏足运太极式,叩齿,伴随动作
立夏足运太极式,吐纳,伴随呼吸
立夏足运太极式,咽液,伴随动作
立夏足运太极式,太极,基于理论
立夏足运太极式,左右作,动作
立夏足运太极式,拗颈,动作
立夏足运太极式,正坐,姿势
立夏足运太极式,足,涉及动作
立夏足运太极式,足尖,使用部位
立夏足运太极式,逆时针转动划圆,运动方式
立夏足运太极式,顺时针转动划圆,运动方式
立守神,寿敝天地,导致结果
立守神,无有终时,导致结果
立守神,肌肉若一,对应理念
立春,一候室内空气清新,分为
立春,一年之中的第一个节气,是
立春,一年之计在于春,对应民谚
立春,万物复苏,导致
立春,万物开始萌芽生长,蕴含
立春,万物补之,对应节气
立春,三候鱼陟负冰,分为
立春,与日俱兴,建议作息
立春,东风解冻,分为
立春,个人体质的养生保健,预防重点
立春,二候蜇虫始振,分为
立春,二十四节气,属于
立春,二十四节气中的第一个节气,是
立春,二十四节气之首,是
立春,二十四节气的第一个节气,是
立春,人体对磷的吸收,增强
立春,人体对钙的吸收,增强
立春,人体血液循环,促进
立春,公历,发生在
立春,养肝,对应养生原则
立春,冬天尾巴的延伸,实际属于
立春,冬寒向春暖过渡的时期,是
立春,制怒怡情好心态,对应养生建议
立春,北平风俗类征岁时,相关记载
立春,吃春卷,饮食习俗
立春,吃春盘,饮食习俗
立春,吃春饼,饮食习俗
立春,咬春,饮食习俗
立春,嚼萝卜,饮食习俗
立春,四立节气,属于
立春,多吃辛甘发散之品,饮食建议
立春,多风,气候特点
立春,天气变暖,标志着
立春,天气由寒转暖,时节特征
立春,天气转暖,时节特征
立春,太阳到达黄经度,对应天文现象
立春,太阳黄经的变化相关,与
立春,寡欲避时间，可比冬季稍晚些,对应养生建议
立春,少吃酸性食物,饮食建议
立春,干燥的空气条件,具有
立春,振寒,对应症状
立春,新陈代谢,促进
立春,早起晚睡泡脚眠,对应养生建议
立春,时节,属于
立春,春天来了,字面含义
立春,春天的开始,标志着
立春,春季的开始,标志
立春,春季的开始,标志着
立春,春捂养阳防春寒,对应养生建议
立春,晚睡早起,建议作息
立春,每年,发生在
立春,气始升,对应生理变化
立春,气温回升,导致
立春,气温逐渐升高,伴随
立春,汗出,对应症状
立春,流感,关联
立春,流脑,关联
立春,猩红热,关联
立春,痔疮,引发
立春,目锐眦痛,对应症状
立春,细菌和病毒生长繁殖,伴随现象
立春,缺盆肿痛,对应症状
立春,老年骨质疏松症,有助于预防
立春,肝气疏泄,影响
立春,肝气逐渐增强,后
立春,肺炎,关联
立春,腋下肿,对应症状
立春,节气,属于
立春,芽菜,适宜食用
立春,酸味,对应五味
立春,防疫要适度，晚睡也不能超过一定时间,对应养生建议
立春,阳历二月四日前后,发生时间
立春,阳气上升,引发
立春,阳气升发,对应自然现象
立春,阳气步步升发,促进
立春,阳气生发,影响
立春,阳痛,对应症状
立春,阴退阳长、寒去热来的转折期,处于
立春,雨水到来,对应
立春,风寒,气候特点
立春,饮食养生,饮食调养注意
立春,麻疹,关联
立春之后的韭菜,芽菜,属于
立春养生,养肝,重点
立春养生,养肝切忌,注意事项
立春叠掌按髀式,保生心鉴,所属书籍
立春叠掌按髀式,补肾养心、以水济火、阳中练阴、阴中练阳,理论基础
立春后,保证充足睡眠,建议
立春后,呼吸新鲜空气,建议
立春后,增加户外活动时间,需要
立春后,多去郊外走走,建议
立春后,天气乍暖还寒,天气特征
立春后,调节身心情志,建议
立春后,豆芽,适宜食用
立春后,避免过度疲劳,建议
立春后,雨水,继之
立春后,韭菜,适宜食用
立春时节,仍很寒冷,气候特征
立春时节,地面清洁,应注意
立春时节,居室环境卫生,应注意
立春时节,开窗通风,应注意
立春篇,起居调摄,涉及
立春节气,万物复苏,标志着
立春节气,免疫力,需要提升
立春节气,天气乍暖还寒,伴随
立春节气,阳气,需要养护
立秋,七月节,对应节气阶段
立秋,下雨导致降温,伴随
立秋,中风,对应病症
立秋,二十四节气,属于
立秋,二十四节气中的第十三个节气,是
立秋,人体最适宜进补时间段,节气特点
立秋,养脾胃,需要
立秋,凉风至,对应谚语
立秋,凉风至,时节特征
立秋,半身瘫痪,对应病症
立秋,口眼歪斜,对应病症
立秋,吃西瓜,传统习俗
立秋,呕吐,对应病症
立秋,啃秋习俗,有
立秋,四之气,属于
立秋,四季开始的季节划分法,是
立秋,四立节气,属于
立秋,夏季,接续
立秋,天气逐渐清爽,标志着
立秋,天高气爽,对应
立秋,太阴,主气
立秋,手少阳三焦经的循行相关,与
立秋,无雨,对应天气现象
立秋,"早卧早起,与鸡俱兴",起居建议
立秋,早晨,之后
立秋,暑去凉,标志着
立秋,气候由热转凉,导致
立秋,气温逐渐转凉,标志着
立秋,由阳盛向阴盛转变的过渡阶段,是
立秋,秋前北风马上雨，秋后北风无滴水,民间谚语
立秋,秋天的到来,预示
立秋,秋季,属于
立秋,秋季开始,对应
立秋,秋季的开始,是
立秋,秋干热,可能导致
立秋,秋燥,节气特征
立秋,秋老虎,伴随
立秋,秋老虎,被称为
立秋,秋落落,可能导致
立秋,腹泻,对应病症
立秋,节气习俗,属于
立秋,苦夏的结束,标志着
立秋,葱、姜等辛味之品,建议避免食物
立秋,适量食用酸味果蔬,建议饮食
立秋,长夏,属于
立秋,防暑降温,建议预防措施
立秋,阳气渐收、阴气渐长的过渡阶段,是
立秋,阴意出地,与阴暑相关
立秋,阴意出地,时节特征
立秋,顺应阳气之收敛,起居原理
立秋,黄经135度,对应
立秋下雨,人欢乐,被称作
立秋后,增加,阴气开始
立秋后,收敛,阳气开始
立秋导引法,胸,主要锻炼部位
立秋导引法,腹,主要锻炼部位
立秋缩身拱背式,立秋,对应节气
站立活动,促进血液循环,作用
第三式,脾胃不好的人群,适用于
第三式,调理脾胃须单,名称
篆香,使人的心静下来,作用
篆香,使神收回来,作用
米糟,切成小块,食用方式
米糟,大补元气,功效
米糟,白米曲,制作原料
米糟,糯米饭,制作原料
米糟,红糖,搭配食材
米酒,待客,用途
米酒,白露,饮用时节
米酒,苏浙一带,流行地区
粥,健脾和胃,作用
粥,冷粥将熟时加入玫瑰花、冰糖,制作过程
粥,加水适量，用文火煮,制作过程
粥,增强精力,能
粥,天下第一补人之物,被誉为
粥,小暑节气的饮食代表,是
粥,抵御暑湿,有助于
粥,搅匀稍煮片刻,最终处理
粥,祛除脾胃湿气,作用
粥,米为主,以
粥,肠胃,补益
粥,谷气,产生
粥,赶跑瞌睡虫,作用
粥类,温热食物,属于
粥食,不会出现问题,特点
粥食,养人,特点
粥食,可长期服用,特点
粥食,处暑,适合节气
粥食,提升脾胃功能,有助于
粳米,与枸杞子同入砂锅,烹饪方法
粳米,白露节气,用于食疗
精白面,去皮的小麦制成,由
精白面,热,性质
精白面,补气,作用
精神不振,情绪低落,导致
精神不爽,肝木的疏泄,影响
精神养生,乐观外向的性格形成,有助于
精神养生,保持心态平和,要求
精神养生,保持心情舒畅,目标
精神养生,偷闲消夏,包括
精神养生,切忌狂喜大怒,要求
精神养生,对外界事物的兴趣,促进
精神养生,心胸宽阔,要求
精神养生,恼怒忧郁,忌讳
精神养生,懈怠厌倦,忌讳
精神养生,暑易伤气,涉及
精神养生,气机的通泄,有利于
精神养生,神清气和,要求
精神养生,精神调养,包括
精神养生,精神饱满,要求
精神养生,饮食补养,包括
精神紧张,内热,可能引起
精神调养,保持精神畅达,要求
精神调养,内心宁静,要求
精神调养,心情舒畅,要求
精神调养,悲忧伤感,避免
精神调养,神志安宁,要求
精神调养,秋天容平之气,适应
精神调养,肃杀之气,应对
精神调摄,养生锻炼法,属于
精神调节,避免妄动肝火,注意事项
精肉,进补食物,属于
糍粑,不宜过量,食用注意事项
糍粑,十月朝相关,与
糍粑,南方地区的传统节日祭品,属于
糍粑,小雪节气相关,与
糍粑,平衡阴阳,与阴阳关系
糍粑,松花蛋,应搭配食物
糍粑,祭祀牛神,用于
糍粑,糯米,主要原料是
糍粑,萝卜,应搭配食物
糯米,温热,性质是
素问·四气调神大论,秋三月，早卧早起，与鸡俱兴,指出
素问·四气调神论,寒露节气,提及
素问·四气调神论,秋三月,提及
素问·至真要大论,散风明目,提及
素问·至真要大论,聪耳,提及
素问·至真要大论,防治头痛,提及
素问•上古天真论,不妄作劳,提及
素问•上古天真论,形劳而不倦,提及
素问•上古天真论篇,顺三气养生,记载
素问•四气调神大论,万物不失,论述
素问•四气调神大论,三十二幅篇,绘制
素问•四气调神大论,二十四节气导引术,涉及
素问•四气调神大论,光明,提及
素问•四气调神大论,养生理论,包含
素问•四气调神大论,天气清净,提及
素问•四气调神大论,导引图势,参考
素问•四气调神大论,情志养生,提及
素问•四气调神大论,活人心法,借鉴
素问•四气调神大论,藏德不止,提及
素问•四气调神大论,身无奇病,论述
素问•宣明二十四节气中，立春、立夏、立秋、立冬个明五气篇,五劳所伤,提出
素问•藏气法时论,以夏至之,提及
素问•藏气法时论,心欲软，急食咸以软之，用咸补之，甘泻之,提出
素问•藏气法时论,心苦缓，急食酸以收,提出
素问•藏气法时论,热在三伏,提及
紧张,神经痛高发,导致
紧张工作,疲劳,导致
紫外线,皮肤,作用于
紫外线,皮肤,容易损伤
紫苏粥,煎汤汁作粥,制作方法
紫苏粥,紫苏,原料
红外线,大脑丧失调节体温的能力,会使
红枣,润燥,用于
红糖姜茶,宫寒,用于应对
红色,最长光波,对应
红色衣服,防晒效果,具有
红薯,钾元素,富含
纬·孝经援神契,清明后十五日，斗指辰，为谷雨，三月能失调，易出现‘上火’症候,记载
纬·孝经援神契,雨生百谷清净明洁也,说明
练习,肺腑蕴滞邪毒,可改善
练习书法,安神定志,用于
细土,洞口,作用对象
细土,防止寒气侵入,目的
细菌,惊蛰后活跃,在
细菌生长繁殖快,生病,可能导致
终霜,晚霜,同义于
经济发展,人民健康,与
经络,人体内外,作用于
经络,气血,运行
经络,病邪,抵御
经络,过度用力,可能受到
经络养生,小满,涉及
经络的时间配伍规律,主气,与
经络的时间配伍规律,二十四节气,与
经络的时间配伍规律,治则,关联
经络的时间配伍规律,病因,关联
经络的时间配伍规律,病机,关联
经络的时间配伍规律,病症,关联
经脉图,指导运气,用于
经阴道超声检查,下尿路,可用于评估
经阴道超声检查,不受耻骨联合阻挡,具有优势
经阴道超声检查,不受肠气干扰,具有优势
经阴道超声检查,不受腹壁脂肪层影响,具有优势
经阴道超声检查,可重复性,具有优势
经阴道超声检查,宫外孕,可辅助排查
经阴道超声检查,急性盆腔炎,可辅助排查
经阴道超声检查,无创,具有优势
经阴道超声检查,更清晰的目标图像,能提供
经阴道超声检查,输尿管下段,适用于
经阴道超声检查,鉴别诊断,有助于
经阴道超声检查,黄体破裂,可辅助排查
维生素,钙在肠道中的吸收,促进
绿叶蔬菜,降压菜,是
绿豆汤,解渴佳品,属于
缓摩,力量轻,特征
缓摩,补益,作用
缓摩,频率慢,特征
羊肉,生湿助热食物,属于
羊肉,阳气偏盛时期,适合食用
羊肉白萝卜汤,汤羹,属于
美味汤,减肚,作用是
美味汤,瘦身,作用是
美味汤,美容,作用是
羟色胺,人脑产生,有助于
群芳谱,谷雨，谷得雨而生也,记载
老人,安排午睡,建议
老人,寒凉食物,需要注意
老人,防治心脑血管疾病,佩戴香囊
老北京,每年夏至节气吃生菜和凉面,有风俗习惯
老寒腿,膝关节骨性关节炎,与
老寒腿,膝关节骨性关节炎,定义
老年人,动作缓慢,易出现
老年人,呼吸道疾病,容易因
老年人,天气变化,尤其应注意
老年人,感到难受,容易
老年人,水分较少,体内
老年人,疾病,容易受到
老年人,老寒腿,容易患
老年人,肌肉萎缩,易出现
老年人,长裤,建议穿着
老年体弱者,心律失常,容易导致
老年体弱者,心肌缺血,容易导致
老年体弱者,情绪中暑影响,易受
老年体弱者,情绪障碍,容易因
老年体弱者,猝死,容易引发
老年体弱者,血压升高,容易导致
老年夫妇,每周一次,性生活频率
老年慢性支气管炎,急性发作,在感冒后
老年肺炎,发病率升高,在此节气
老年肺炎,死亡率升高,在此节气
老年肾虚,茯苓,不宜食用
老年高血压,低盐饮食,应强调
老老恒言,背日光而坐,记载
老鸭,妙药,被称为
老鸭,子姜鸭,做法包括
老鸭,性凉,性质
老鸭,柠檬鸭,做法包括
老鸭,核桃鸭,做法包括
老鸭,烤鸭,做法包括
老鸭,白切鸭,做法包括
老鸭,荷叶鸭,做法包括
老鹰,地面气温太高,因
老鹰,清凉的高空中活动,在
耐寒力差的人,足部保暖,需要关注
耐寒训练,提高机体抵抗力,作用
耗气怒,夏季情感障碍症,被称为
耳朵穴位按摩,协调,目的
耳朵穴位按摩,实现,目的
耳朵运动按摩法,5～6次,操作频率
耳朵运动按摩法,双手掌心摩擦发热,操作方式
耳朵运动按摩法,对全身脏器有保健作用,保健作用
耳朵运动按摩法,对肾脏有保健作用,保健作用
耳朵运动按摩法,疏通经络,功效
耳朵运动按摩法,耳的正面,涉及部位
耳朵运动按摩法,耳的背面,涉及部位
耸身上踊,七八度,温度范围
聪耳,散风明目,作用
聪耳,防治头痛,作用
肌肉放松,胸部受压最小,使
肌肉疲倦,酸,产生
肝,人体最大的腺体,是
肝,最重要的代谢器官,是
肝,最重要的消化器官,是
肝,木,对应五行
肝,肾,与
肝,防御器官,是
肝,阴经,属于
肝主疏泄,重要考核指标,是
肝区疼痛,肝相关,与
肝木,肺金克制,被
肝木旺,脾土,会克制
肝木过旺,寒流侵袭,导致
肝气,春日渐深而增加,随
肝气,肝木过旺,过度
肝气,肺金的克制,抵御
肝气,胃,影响
肝气,脾,影响
肝气,脾土,乘克
肝气,脾胃虚弱,导致
肝气过旺,脾土,会克制
肝气过旺,脾胃产生不良影响,会对
肝火上升,心烦意乱,引发
肝火上升,思维紊乱,引发
肝火上升,情绪中暑,表现为
肝火上升,无精打采,引发
肝火上升,食欲不鲜,引发
肝火妄动,心烦意乱,表现为
肝火妄动,思维紊乱,表现为
肝火妄动,无精打采,表现为
肝火妄动,焦躁易怒,表现为
肝火妄动,食欲不振,表现为
肝火旺,清火,需要调理方式
肝火旺,熬夜相关,与
肝火旺盛,口干,引起
肝火旺盛,鼻干,引起
肝炎,螃蟹,忌食
肝经,情绪调节相关,与
肝胆,晚上,在特定时间排毒
肝胆,生物钟,需要维护
肝胆,饮食,需要维护
肝脏,抒发作用,具有
肝脏,春季起重要作用,在
肝脏,气机,能调节
肝脏,气血外行,促进
肝脏气血郁滞,疾病,导致
肠胃,喜暖恶冷,特性
肢体,充分休息睡眠,获得
肥胖高血压,优质蛋白,应多食用
肥胖高血压,做操,应选择
肥胖高血压,慢跑,应选择
肥胖高血压,打球,应选择
肥胖高血压,热量摄入,需限制
肥胖高血压,甜食,需要避免
肥腻食物,秋燥症状,可能加重
肺,储痰之器,是
肺,皮毛,主
肺气肿,冠心病,会加重
肺气肿,慢性疾病,属于
肺火盛,上呼吸道炎症,可能引起
肺火盛,便秘,可能引起
肺火盛,口腔黏膜炎症,可能引起
肺火盛,扁桃腺炎症,可能引起
肺热,皮肤干燥,导致
肺燥,皮肤干燥,导致
肾,人体先天之本,是
肾,发育,主
肾,收藏,主
肾,生命之本,是
肾,生殖,主
肾,生长,主
肾,阳气,收藏
肾,阴经,属于
肾气不足,干什么都没劲儿,导致
肾气不足,情绪低落,导致
肾气不足,精神不好,导致
肾气不足,记忆力下降,导致
肾阳提升,心情变舒畅,使
肾阴不足,热中风,可能导致
肿胀,医院就诊,需要行动
胀感,气不足,原因
胃,三个穴位,与
胃气,养生之主,是
胃气,脾胃阳气相关,与
胃病,冬季,发生原因
胃病,加重,因饮食和生活规律不当而
胃病,十二指肠溃疡,包括
胃病,复发,因防护不当而
胃病,慢性胃炎,包括
胃病,滋阴、润肺、养胃、生津食物,患者应食用
胃病,胃痛,包括
胃病,脾胃,易发期
胃痛,螃蟹,忌食
胃痛症状,温胃散寒,缓解方法
胃经,搓揉,适宜操作
胃经,敲打,适宜操作
胃经,脾胃,属于
胃经,腿部,所属部位
胃经按摩,体重恢复到正常状态,对肥胖者效果
胃经按摩,肌体丰盈,对瘦弱者效果
胃肠,敏感状态,处于
胃肠疾病,寒冷刺激,易受
胃肠道,反酸,出现症状
胃肠道,腹泻,出现症状
胃肠道,腹痛,出现症状
胃肠道,腹胀,出现症状
胃肠黏膜的防御屏障,对溃疡的修复不利,被破坏
胃部保暖,及时添加衣服,措施
胃部保暖,叩齿保健,包括
胆主升阳,重要考核指标,是
胆囊炎,螃蟹,忌食
胆经,大腿的外侧,位于
胆经,导致,受阻
胆结石,螃蟹,忌食
胆阳,十一脏,与
胆阳,带动,能够
背日光而坐,脊梁得有微暖,使
背部,人体阳中之阳,属于
胡学慧,河北省荣军医院,所属单位
胡椒,燥热之品,属于
胡椒,生湿助热食物,属于
胡萝卜,蔬菜,属于
胡萝卜,降压菜,是
胶州,入伏面,又称
脂肪,肉类,存在于
脂肪,蛋类,存在于
脂肪,豆制品,存在于
脂肪,鱼类,存在于
脊柱,前后拔立,体现为
脊柱,向上和向下伸展,在动作中
脊柱,弓形伸展,呈现形态
脊梁得有微暖,遍体和畅,导致
脑细胞,防止萎缩退化,因刺激而
脑细胞,防止逐渐衰老,因刺激而
脑血栓发病率增加,睡眠时间增多有关,与
脑部供血量不足,头昏脑胀,会引起
脑部供血量不足,短暂的脑功能性紊乱,会导致
脚,心脏距离远,与
脚在下为阴,阴,对应
脚趾操,包装华丽而不实用的保健品,优于
脚趾操,头脑,提升
脚趾操,手脚,提升
脚趾操,打通经络,作用
脚趾操,睡眠质量,改善
脚趾操,腰背,增强
脚部,机体抵抗力下降,受寒导致
脚部体操,肾气,作用于
脚部受寒,妇女痛经,引发
脚部受寒,感冒,引发
脚部受寒,腰腿痛,引发
脚部受寒,腹痛,引发
脚部穴位按摩法,内脏,针对
脚部穴位按摩法,老年人,适用于
脸红的人,吃平性和偏凉性食物,可以
脸红的人,吃温性和热性食物,不提倡
脾,消化水谷,功能
脾,湿邪,易受
脾,生机勃发,与
脾,生痰之源,是
脾,营养五脏,功能
脾,运湿,主
脾,运送精微,功能
脾,阳气舒展畅达,与
脾,阴经,属于
脾俞,100次,按摩次数
脾俞,健脾和胃,功能
脾俞,开胃,功能
脾俞,立秋期间按摩,适用于
脾功能受影响,情绪失调,引起
脾功能受影响,气差较大,引起
脾土,脾功能,功能受影响
脾气,旺盛,在节气中的表现
脾气大,肝火旺,伴随症状
脾经,脾胃,属于
脾胃,头脑,影响
脾胃,清阳上升,无法完成
脾胃,运化无力,功能受限
脾胃,食欲,影响
脾胃不好,湿气过盛,导致
脾胃不好,虚不受补,可能导致
脾胃为湿所困,嗜睡,可能导致
脾胃功能,运化多余湿气,能
脾胃受寒,腹泻,可能导致
脾胃受湿,怠惰无力,导致
脾胃受湿,身体沉困无力,导致
脾胃机能异常,胃口变差,导致
脾胃消化功能,营养的吸收,有助于
脾胃虚寒者,香蕉,不宜食用
脾胃虚弱,消化不良,可能引发
脾胃虚弱,肠道功能,影响
脾脏,导致胃病,功能异常
脾虚,食用黄色食物,可通过
腊八粥,清朝,流行于
腊月,喝腊八粥,有习俗
腠理开泄,冷天哮喘,容易引发
腹式呼吸,入冬补阳的第一大法,属于
腹泻,病老体弱者,高发人群
腹泻,肝相关,与
腹泻,螃蟹,忌食
腹部,保暖,需要注意
腹部深呼吸,吸气时鼓腹,包括
腹部深呼吸,呼气时收腹,包括
膀胱经,肾经,与
自我按摩,再逆时针按摩50下,方法
自我按摩,在肚脐下用手掌掌心顺时针按摩50下,方法
自我按摩,早晚各一次,频率
自我按摩,通便排毒,作用
自然之气,情舒畅,有助于
自然界,阴阳之气转变,经历
自然盘坐,五指自然弯曲，手心朝胸,动作
自然盘坐,右手托天，指尖朝左,动作
自然盘坐,头向左转，目视左侧,动作
自然盘坐,左臂弯曲呈直角，前臂平举在胸前,动作
自然节气,日常起居调养,用于
致害温度,作物的不同而异,因
致害温度,品种的不同而异,因
致害温度,生育期的不同而异,因
舌头,30次,操作频率
舌头,5次,重复次数
舌头,伸出,动作
舌头,保健效果,具有
舌头,对着镜子，嘴巴张开，停留2～3秒钟,练习方式
舌头,用左手三指的指尖在右下边至咽喉处上下搓擦,操作方式
舌头,缩进,动作
舌头的活动,神经反射,通过
舌头运动,健脑,具有功效
舌头运动,唾液腺,刺激
舌头运动,降压,具有功效
舌头运动方法,便秘,有助于缓解
舌头运动方法,咽喉炎,有助于缓解
舌头运动方法,哮喘,有助于缓解
舌头运动方法,失眠,有助于缓解
舌头运动方法,老年痴呆,有助于预防
舌头运动方法,老花眼,有助于缓解
舌头运动方法,耳鸣,有助于缓解
舌头运动方法,肩周炎,有助于缓解
舌头运动方法,脑梗死,有助于缓解
舌头运动方法,近视,有助于缓解
舌头运动方法,高血压,有助于缓解
艺术设计,数字媒体艺术研究,研究方向
艾叶,散寒止痛,功效
艾叶,温经止血,功效
艾叶,祛风止痒,功效
艾叶,肝,归经
艾叶,肾经,归经
艾叶,脾,归经
艾叶,辛苦、温,性味
节奏和缓的运动,并不剧烈的球类运动,包括
节奏和缓的运动,慢跑,包括
节奏和缓的运动,打太极,包括
节奏和缓的运动,放风筝,包括
节奏和缓的运动,散步,包括
节奏和缓的运动,春游,包括
节气,养生,与
节气,沐浴,与
节气,营养摄取,与
节气,调盆,与
节气与养生,刘书龙,责任编辑
节气与养生,解放军健康,所属刊物
节气习俗,团团圆圆年夜饭,包括
节气养生,保持身体健康,目的是
节气养生,季节变换,针对
节气养生,展现文化自信,有助于
节气养生,民族文化认同感,增强
节气养生,注意调养脾胃,建议
节气养生,现实价值,具有
节气养生,脾胃,涉及
节气养生指南,中医养生学,基于
节气养生指南,小暑,涉及节气
节气养生指南,日常起居,建议内容
节气养生指南,暑热熏蒸,针对现象
节气养生指南,祛病延年,目的
节气养生指南,立秋,涉及时节
节气养生指南,霜降,涉及
节气养生指南,黄帝内经,引用自
节气歌谣,大暑三伏天,说
节气歌谣,小暑不算热,说
节气特点,常食葱姜以养阳,建议
节气特点,立夏,包括
节气特点,黄经,涉及
节气解说,气候变化,涉及
节气解说,立冬,涉及
芒种,丝绸,适宜穿着
芒种,中暑,需要预防的疾病
芒种,二十四节气,属于
芒种,二十四节气中的第九个节气,是
芒种,五月节,对应节气
芒种,亚麻,适宜穿着
芒种,保持个人及环境卫生,预防措施
芒种,公历的月,发生时间
芒种,出汗,健康风险
芒种,出汗后不宜立即洗澡,注意事项
芒种,午时,节气时间
芒种,华南汛期,与
芒种,反舌无声,分为三候
芒种,夏季,属于
芒种,夏播作物,对应作物
芒种,夏播作物,属于
芒种,夏日昼长夜短,伴随现象
芒种,夏至天,处于
芒种,多食蔬菜豆类,期间
芒种,大麦,与作物相关
芒种,大麦,对应作物
芒种,天气炎热,时节特征
芒种,天气阴雨连绵,天气特征
芒种,天热,天气特征
芒种,太阳到达黄经75度,对应
芒种,太阳到达黄经°时,定义
芒种,小满之后,节气时间
芒种,小麦,与作物相关
芒种,小麦,对应作物
芒种,常洗澡以发泄阳热,预防措施
芒种,播种最忙的时节,对应季节
芒种,斗指巳,对应农历
芒种,新陈代谢旺盛,特点
芒种,晚谷,对应作物
芒种,有芒之种谷,与作物相关
芒种,有芒之谷,适宜种植
芒种,有芒作物,对应作物
芒种,有芒的麦子快收，有芒的稻子可种,含义
芒种,梅雨,又称
芒种,棉布,适宜穿着
芒种,气候变化影响,受
芒种,气候湿热,气候特征
芒种,气候炎热,特征
芒种,水痘,需要预防的疾病
芒种,汗易外泄,特点
芒种,清洁卫生,需要关注
芒种,煮梅,有习俗
芒种,种植有芒之谷,适宜活动
芒种,稷,对应作物
芒种,稼种,农事活动
芒种,肝脏转化为胆汁酸,对应生理过程
芒种,腮腺炎,需要预防的疾病
芒种,蚊虫多,健康风险
芒种,螳螂生,分为三候
芒种,补充水分,需要
芒种,过此即失效,节气特点
芒种,长江中下游地区,发生区域
芒种,防蚊虫致病,预防措施
芒种,饮食宜清补,节气特征
芒种,鹏始鸣,分为三候
芒种,黄梅时节,对应气候特征
芒种,黍,对应作物
芒种时期,中午休息一会儿,建议
芒种时期,体力的恢复,有助于
芒种时期,减酸增苦,饮食上应
芒种时期,多做运动,建议
芒种时期,气血的运行,有助于
芒种时期,生津止渴食物,适宜食用
芒种时期,祛暑益气食物,适宜食用
芒种时节,丝瓜,适宜食物
芒种时节,冬瓜,适宜食物
芒种时节,天气炎热,特征
芒种时节,梅雨,伴随
芒种时节,梨,适宜食物
芒种时节,气温升高,对应
芒种时节,水芹,适宜食物
芒种时节,湿热之气弥漫,气候特点
芒种时节,炎热,天气特征
芒种时节,空气中的湿度增加,导致
芒种时节,芦笋,适宜食物
芒种时节,苦瓜,适宜食物
芒种时节,萝卜,适宜食物
芒种时节,藕,适宜食物
芒种时节,西瓜,适宜食物
芒种时节,西红柿,适宜食物
芒种时节,进入梅雨季节,伴随现象
芒种时节,雨水增多,天气特征
芒种节气,中暑,预防目的
芒种节气,北方出现雷雨、阵雨,导致
芒种节气,南方进入梅雨天,预示
芒种节气,播种有芒的谷类作物,适合
芒种节气,气候炎热,标志着
芒种节气,洗澡,建议活动
芒种节气,湿度变大,伴随
芒种节气,炎热,气候特点
芒种节气,芒种忙忙种,对应农谚
芒种节气,重视睡子午觉,养生建议
芒种节气,防暑,养生建议
芒种节气,雨水增多,伴随
芒种节气,雨水增多,气候特点
芒种节气,饮食宜清淡,养生建议
芝麻,润燥,用于
芝麻,润肺生津,功效
芝麻,滋阴润,适用于
芝麻,滋阴益血,具有功效
芝麻,适合处暑节气食用的食物,属于
芡实,健脾益胃,具有功效
芡实,健脾补肾,具有功效
芡实,养胃止泻,具有功效
芡实,冬季,适合季节
芡实,深秋,适合季节
芡实,补肾,对应养生理论
芡实,补脾胃,对应养生理论
芡实养生粥,深秋养生,用于
芥末,生湿助热食物,属于
芦荟,富含植物蛋白质的食物,属于
芦荟,富含维生素的食物,属于
芫茜,消食,具有功效
花开朗秀,哮喘,用于防治
花椒,容易上火的人,禁忌人群
花椒,散寒除湿,功能
花椒,泡脚,用于
花椒,炒菜,适用场景
花椒,白萝卜,适用场景
花椒,芹菜,适用场景
花椒,菠菜,适用场景
花椒,辛辣的食物,属于
花生,滋阴益血,具有功效
花粉,过敏性哮喘,可能引发
花粉增多,过敏性哮喘,引发
花粉热,体质,影响
花粉热,秋燥,与
花粉热,过敏,发病因素
花粉热,过立秋,发病因素
花粉过敏,哮喘,引起
花粉过敏,柳絮,诱因
花粉过敏,花粉,诱因
花粉过敏,过敏体质人群,需防范对象
花粉过敏,风湿病复发,可能引发
芳香化浊,具有清解湿热之效的方剂的功效,是
芹菜,富含植物蛋白质的食物,属于
芹菜,富含维生素的食物,属于
芹菜,钾元素,富含
芽菜,姜芽,包括
芽菜,姜芽,常见类型
芽菜,常食,适宜食用
芽菜,有讲究,在立春食用
芽菜,种生,别称
芽菜,种生,古代称作
芽菜,缓解症状,有助于
芽菜,肉,不宜搭配
芽菜,节气养生相关,与
芽菜,豆芽,包括
芽菜,豆芽,常见类型
芽菜,醋,不宜添加
芽菜,香椿芽,包括
芽菜,香椿芽,常见类型
苏家,三位,在唐宋八大家中占比
苏轼,唐宋八大家,属于
苏轼,食用芡实,提出养生方法
苦味,制肺气,能够
苦味,助心气,能够
苦味食物,清火解暑,作用
苦味食物,解乏消疲,作用
苦瓜,丝凉风,与
苦瓜,富含植物蛋白质的食物,属于
苦瓜,富含维生素的食物,属于
苦瓜,有效成分,含有
苦瓜素,清脂素,是
苦菜,三月,生长时间
苦菜,做汤,可用于
苦菜,做馅,可用于
苦菜,像锯齿,叶子特征
苦菜,六月,开花时间
苦菜,凉拌,可用于
苦菜,凉血,功效
苦菜,周书,被记载于
苦菜,小满,食用时节
苦菜,极苦,味道
苦菜,核黄素,含有
苦菜,清热解毒,功效
苦菜,煮面,可用于
苦菜,甘露醇,含有
苦菜,白色乳汁,茎被碰断后分泌
苦菜,矿物质,含有
苦菜,糖类,含有
苦菜,维生素,含有
苦菜,胆碱,含有
苦菜,苦中带涩,口感
苦菜,败酱草,医学名称
苦菜,醉酒后食用,适用于
苹果,滋阴益血,具有功效
茄子,降压菜,是
茭白,润燥,用于
茯苓,健脾益胃,具有功效
茯苓,健脾胃食物,属于
茯苓,健脾药食,是
茯苓,利水渗湿,性质为
茯苓,增加胃口,有助于
茯苓,帮助消化,有助于
茯苓,药物,属于
茯苓,食物,属于
茴香,生湿助热食物,属于
茼蒿,与粳米熬粥,可用于
茼蒿,养脾胃,有助于
茼蒿,动风气,多食会
茼蒿,助相火,能
茼蒿,榨汁,可用于
茼蒿,气浊,具有
茼蒿,气满,可能导致
茼蒿,火锅,用于
茼蒿,熏人心,会
茼蒿,芝麻,可搭配
茼蒿,蒜泥,可搭配
荔枝,与人参同等的营养价值,被认为具有
荞麦,钾元素,富含
荠菜,凉肝明目,功效
荠菜,利湿通淋,功效
荠菜,清明时节,所属节气
荠菜,甘性凉,味性
荠菜,益肝和中,功效
荠菜,肝、脾、肺经,归经
荠菜,菜中甘草,被誉为
荠菜,降压,作用
荠菜,降压止血,功效
荷叶,细丝,被切为
荸荠,润肺生津,功效
荸荠,滋阴润,适用于
荸荠,荸荠豆浆饮,用于制作
莲子,不能生吃,禁忌
莲子,富含植物蛋白质的食物,属于
莲子,富含维生素的食物,属于
莲子,性涩滞,特性
莲子,润燥,用于
莲子,脾胃功能,影响
莲子百合煲,夏至,对应节气
莲子百合煲,清水浸泡,烹饪方法
莲子百合煲,用凉水焯煮,烹饪方法
莲子百合煲,白露,对应节气
莲子百合煲,百合,主要食材
莲子百合煲,精瘦肉,主要食材
莲子百合煲,莲子,主要食材
莲心,败心火,功效
莲藕,滋阴润,适用于
莲藕,降压菜,是
莲藕排骨汤,立秋养生,用途
莲藕排骨汤,老少皆宜,适合人群
莴笋,利尿,具有功效
莼菜,像碧螺春,形态特征
莼菜,养生,功能
莼菜,惊蛰,适宜食用时节
莼菜,有微弹性,口感特征
莼菜,色香俱佳,风味特点
莼菜,豆腐,搭配食材
莼菜,鲫鱼,搭配食材
莼菜汤,血热一扫光,作用
菊花,佐料用于降血压,可作为
菊花,克制燥气,具有功效
菊花,白露,适宜季节
菊花,肝火过旺,适用于
菊花,药店购买,可在
菊花茶,头重脚轻,有助于缓解
菊花茶,春困,有助于缓解
菊花茶,流鼻血,有助于缓解
菜花,蔬菜,属于
菠菜,利五脏、通血脉,功效
菠菜,富含植物蛋白质的食物,属于
菠菜,富含维生素的食物,属于
菠菜,钾元素,富含
菠菜,防治秋燥,功效
萝卜,味甘,熟食
萝卜,味辛甘,生食
萝卜,性凉,生食
萝卜,春季,适用季节
萝卜,止咳,功效
萝卜,祛痰,功效
萝卜,解酒,功效
萝卜,通气,功效
萝卜,降压菜,是
萤火虫,暑气,受于
萤火虫,枯草上,产卵地点
萤火虫,水生,分为
萤火虫,腐草变,形成原因
萤火虫,陆生,分为
营养丰富的食品,躯体疾病康复,用于
营养供应减少,溃疡的出现,导致
营养供应减少,胃肠黏膜的防御屏障,破坏
营养学,冬至进补,研究
营养的吸收,身体能够适应,使
葡萄,寒性水果,属于
葡萄,痰热咳嗽者,不适合人群
葡萄,胃酸过多者,不适合人群
葡萄,胸闷咳喘者,不适合人群
葡萄,腹泻,可能导致
葡萄,通便润肠之功效,具有
葡萄酒,消暑解渴,作用
葱,挥发性葱蒜辣素,含有
葱,温性调料,是
葱,燥热之品,属于
葱,生姜,药用价值类似
葱头,促进气血流通,作用
葱姜,常食以促进有氧,用于
葱白,白露节气,用于食疗
蒙古冷高压,东北进入秋季,导致
蒙古冷高压,华北进入秋季,导致
蒙古冷高压,西北进入秋季,导致
蒜,燥热之品,属于
蒜,肠道内热堆积,会加重
蒲公英,味甘,性味
蒲公英,微苦,性味
蒲公英,性寒,性味
蔬菜,雨水,生长需要
蔬菜豆类,矿物质,提供
蔬菜豆类,糖类,提供
蔬菜豆类,维生素,提供
蔬菜豆类,脂肪,提供
蔬菜豆类,蛋白质,提供
薄荷叶,三叶,属于
藏青色,作用次于红色,在阻隔紫外线方面
藕,润肺生津,功效
藕,生吃,食用方式
藕,进补食物,属于
藿香叶,佩兰叶,与
藿香叶,方剂,用于
藿香叶粥,加水毫升煎成浓汁,制作步骤
藿香叶粥,加适量冰糖后饮用,制作步骤
藿香叶粥,因暑贪凉,相关警示
藿香叶粥,夏防暑热，又防因暑取凉,相关警示
藿香叶粥,将粳米加水煮粥,制作步骤
藿香叶粥,待熟时加入煎好的藿香叶汁,制作步骤
藿香叶粥,扁豆花,制作原料
藿香叶粥,玫瑰花,制作原料
藿香叶粥,理虚元鉴,文献来源
藿香叶粥,药膳,属于
虫鸣,大自然的声音,属于
虾,寒性食物,属于
虾,生湿助热食物,属于
蚌肉,利尿,具有功效
蚯蚓,脚部相关,与
蚯蚓,蜷缩身体,行为
蚯蚓,阴曲阳伸,特征
蛋白质,肉类,存在于
蛋白质,蛋类,存在于
蛋白质,豆制品,存在于
蛋白质,鱼类,存在于
蛋白质丰富的食物,春笋,包括
蛋白质丰富的食物,牛奶,包括
蛋白质丰富的食物,芹菜,包括
蛋白质丰富的食物,菠菜,包括
蛋白质丰富的食物,蛋,包括
蛋类,滋阴之品,是
蛋类,进补食物,属于
蛤蟆油,壮阳、滋阴,功效
蜂蜜,与人体血清浓度相近的无机盐,含有
蜂蜜,养肺,作用
蜂蜜,养脾气,具有功效
蜂蜜,养阴润燥,具有功效
蜂蜜,多种有机酸,含有
蜂蜜,多种维生素,含有
蜂蜜,悦颜色,具有功效
蜂蜜,改善睡眠,作用
蜂蜜,有益人体健康的微量元素,含有
蜂蜜,本草纲目,记载于
蜂蜜,果糖,含有
蜂蜜,止痛,具有功效
蜂蜜,润燥,用于
蜂蜜,润肠通便,具有功效
蜂蜜,润肺,作用
蜂蜜,润肺生津,功效
蜂蜜,润肺补虚,具有功效
蜂蜜,清热,具有功效
蜂蜜,清热安神,用于
蜂蜜,睡前,食用时间
蜂蜜,葡萄糖,含有
蜂蜜,补中,具有功效
蜂蜜,解毒,具有功效
蜂蜜,解药毒,具有功效
蜂蜜,适合处暑节气食用的食物,属于
蜂蜜水,预防秋燥,作用
蝼蝈,聒噪鸣叫,开始
螃蟹,寒,性质
融息,耸身上踊,表现形式
螳螂,感受阴气初生,孵化触发原因
螳螂,深秋,孵化时间
螳螂,破壳生出小热,与身体相关现象
蟋蟀,庭院的墙角下,前往
蟋蟀,田野,离开
蟋蟀的维生素,保护细胞膜,可以
蟋蟀的维生素,预防坏血病,可以
蟹,寒性食物,属于
蟹黄,胆固醇,含有较高的
血压升高,猝死,可能导致
血容量减少,大脑供血不足,导致
血流速度减慢,血栓,易形成
血液,经脉,运行于
血液循环,消除大脑疲劳,有益于
血液速度,心脏负荷增加,导致
血液速度,心跳频率,影响
血液速度,情绪有力相关,与
血热的人,喝酒,不能
血热的人,热,本身已
血热的人,阳气散掉,会导致
血管扩张,血液大量集中于体表,使
血脉阻滞,生气发火,由
血解毒,中暑,对疾病有功效
血解毒,滋肝明目,具有功效
血解毒,疮肿,对疾病有功效
血解毒,痢疾,对疾病有功效
血解毒,痱子,对疾病有功效
血解毒,结膜炎,对疾病有功效
行房事,平和愉快的心情,需要
行房事,情绪压抑,忌
行房事,情绪烦躁,忌
衣服,避免风邪寒气进入,用于
衣物变单薄,肌肤,暴露
衣着,骤寒骤热,应避免
补冬,抵御严寒,目的
补冬,提高人体免疫功能,作用
补冬,补霜降,与
补品,虚不受补,可能引起
补水,心脑血管疾病,有助于预防
补水,洗涤肠胃,作用
补水,补充身体水分,作用
补脾养胃,去浊生清,作用
补脾胃,决明子,可选用
补脾胃,沙参,可选用
补脾胃,白就,可选用
补脾胃,西洋参,可选用
补膏方,中药房,制作地点
补膏方,冬季,适用时节
补膏方,小寒时节,适用时节
补膏方,老中医,制作主体
补膏方,药物,原料
补膏方,进补,服用目的
补膏方,驱寒,服用目的
补膏方,黏稠糊状,剂型
补血气,提高身体的防病抗病能力,有助于
补血食物,枸杞黑豆汤,具体例子
补阳气,人体脏腑,作用对象
补阳气,四肢关节,作用对象
补阳气,多吃精白面,关键措施
补霜降,重要养生时机,被强调为
表现图14,半月痕图示,对应内容
被子,经常晒晒,需要
裕康,养生论,出自
西北,寒冬,天气特征
西北,春季,部分区域
西北地区,冬季,进入季节
西北地区,几毫米到20多毫米,10月份降水量
西北雨,落过无车路,形容
西北高原,常年月开始降雪,季节特征
西北高原山地,降水量为1～5毫米,在大寒节气
西南地区东部,连阴雨天气,常出现
西洋参,中药,属于
西瓜,哮喘,可能引发
西瓜,消暑,作用
西瓜,瓜果,属于
西瓜,生冷食物,属于
西瓜,解渴佳品,属于
西疆杂述,面饼贴砖壁被烙熟的现象,内容涉及
西风带,发生减弱和北移,在谷雨时
西风带,自西向东环流波动,呈现
视力下降,夏季胃口不好,原因
视情志养生,戒怒戒躁,主张
解放军健康,刘书龙,责任编辑
解毒,中医养生方法,属于
解渴佳品,冰镇,不宜
计划生育政策,社会发展,影响
计划生育政策,身体素质,影响
调养脾胃,根据自身基本状况,建议方式
调养脾胃,药物调养,建议方式
调养脾胃,起居劳逸调养,建议方式
调养脾胃,饮食调节,建议方式
调养身体,良好的生活习惯,需要
调息净心,冰雪在心,对应状态
调息净心,夏季,适用季节
调息吐纳,津液咽入丹田,有助于
调理方法,少吃温热食物,包括
调理方法,注意正常作息,包括
调理方法,点按四白穴,包括
调理方法,饮食清淡,包括
调补阳气,关节,相关部位
调补阳气,寡欲,相关行为
调补阳气,尖连线的交点处,操作要点
调补阳气,脏腑,相关部位
调补阳气,脚寒,相关症状
调达肝气,平衡阴阳,作用
谷子,雨水,生长需要
谷雨,万物壮大,时节
谷雨,万物成形,时节
谷雨,万物生长,时节
谷雨,三候,分为
谷雨,三月,发生在
谷雨,上火,可能导致
谷雨,二十四节气,属于
谷雨,二十四节气中的第六个节气,是
谷雨,人体气机发散,气候特点
谷雨,人体水分流失,导致
谷雨,公历月日前后,发生时间
谷雨,公历每年的月日前后,交节时间
谷雨,具有祛风湿、舒筋骨、温防伤风感冒的食物,时节推荐膳食
谷雨,养生调心情,对应
谷雨,养脾,养生原则
谷雨,农作物生长相关,与
谷雨,出汗相关,与
谷雨,北方地区,发生区域
谷雨,华南暖湿气团,影响
谷雨,吃春,适宜
谷雨,呼吸相关,与
谷雨,品尝新茶,习俗
谷雨,在山东和陕西贴厌蝎符,习俗
谷雨,在江南贴厌蝎符,习俗
谷雨,增加纤维素摄入,目的
谷雨,增加维生素摄入,目的
谷雨,多吃水果,建议饮食
谷雨,多吃蔬菜,建议饮食
谷雨,多风沙,期间
谷雨,多食甘味,饮食建议
谷雨,多饮水,建议行为
谷雨,大风天气较多,气候特征
谷雨,天气忽冷忽热,与现象相关
谷雨,天气渐热,气候特征
谷雨,天气特征是,期间
谷雨,天气转暖,时节特征
谷雨,天气较暖,时节特征
谷雨,天气较暖,气候特点
谷雨,太阳到达黄经°时,发生时间
谷雨,宜甜少酸忌冷腻,饮食建议
谷雨,室外活动,关联活动
谷雨,寒潮天气基本结束,时节特征
谷雨,少食酸味,饮食建议
谷雨,开窗通风防止花粉飞,建议
谷雨,忌食冷腻食物,饮食建议
谷雨,情绪乐观,应重视
谷雨,懒散形骸，勿大汗，以养脏气,养生原则
谷雨,戴任降于桑,对应
谷雨,播种,与农业活动相关
谷雨,无雪花飞舞,发生时景致
谷雨,日照强,期间
谷雨,旧病复发,需防范
谷雨,早春二月的雨水,与
谷雨,早晚春捂,建议
谷雨,春作物播种生长,影响
谷雨,春季,属于
谷雨,春季最后一个节气,发生时间
谷雨,春季的最后一个节气,是
谷雨,春捂,对应节气
谷雨,春雨无声,伴随现象
谷雨,暮春,处于时节
谷雨,有雨无雨为中心,以
谷雨,杏花,伴随植物开花
谷雨,杨絮飞扬,伴随现象
谷雨,柳絮飞扬,伴随现象
谷雨,桃花,伴随植物开花
谷雨,棉花苗期生长有利,对
谷雨,气候干燥,气候特征
谷雨,水稻栽插有利,对
谷雨,汗出过度则会影响夏季时的气血健康,与出汗相关
谷雨,江南,发生区域
谷雨,注意花粉过敏,提醒
谷雨,注意预防感冒,与健康建议相关
谷雨,洛阳牡丹开花,时节对应
谷雨,浮萍开始生长,对应
谷雨,清明后十五日,对应节气
谷雨,清明节,与
谷雨,熏烧艾草,习俗
谷雨,玉米苗期生长有利,对
谷雨,空气干,期间
谷雨,立夏,与节气相关
谷雨,胃经,对应经络
谷雨,膏脉动,含义
谷雨,节气,属于
谷雨,节气习俗,对应
谷雨,茶节,又称
谷雨,蒸发大,期间
谷雨,调节情绪使肝经舒畅,养生原则
谷雨,调达肝气防郁痹,作用
谷雨,谷于水也,含义
谷雨,谷雨断霜,对应谚语
谷雨,谷雨花,俗称
谷雨,谷雨阴沉沉，立夏雨淋淋,与天气变化相关
谷雨,长江中下游,发生区域
谷雨,降水节气,属于
谷雨,降雨量增加,时节特征
谷雨,降雨量增多,意味着
谷雨,雨水充沛，百谷生长,含义
谷雨,雨水珍贵,期间
谷雨,雨生百谷,含义
谷雨,雨生百谷,源于
谷雨,雨生百谷清净明洁,与自然现象相关
谷雨,雨量增加,气象现象
谷雨,雨量较少,气候特征
谷雨,青藏高原,影响区域
谷雨,预防动脉硬化,目的
谷雨,风湿病,易引发
谷雨,风湿病复发,预防
谷雨,风热感冒,季节特征
谷雨,风热感冒多发的季节,是
谷雨,食用粗粮,建议饮食
谷雨,香椿萌发,时节
谷雨,高空西风急流,影响
谷雨,鸣鸠拂其羽,对应
谷雨,黄河中下游地区,影响区域
谷雨,黄经°,对应天文现象
谷雨,黑龙江最北部,影响区域
谷雨以后,神经痛的高发期,是
谷雨养生汤,吴鞠通,创建者
谷雨养生汤,饮食养生,属于
谷雨时节,使人困乏,对人体状态影响
谷雨时节,养生,适宜行为
谷雨时节,北方,对应地区气候
谷雨时节,南北大风天气,常伴有
谷雨时节,心脏,影响
谷雨时节,早出晚归者注意增减衣服,建议
谷雨时节,早晚较凉,特征
谷雨时节,暮春,对应节气
谷雨时节,气温转暖,特征
谷雨时节,消化功能旺盛,对人体生理影响
谷雨时节,由春到夏的过渡季节,处于
谷雨时节,脾胃消化功能,促进
谷雨时节,较大的温差,具有
谷雨时节,避免受寒感冒,建议
谷雨节气,三月中,对应时节描述
谷雨节气,中国传统节气,属于
谷雨节气,二十四节气,属于
谷雨节气,传统习俗,风俗
谷雨节气,减少外出或防护,建议
谷雨节气,大风天气,伴随
谷雨节气,太阳到达黄经30度,发生时间
谷雨节气,山东荣成沿海地带,流传于
谷雨节气,忌食冷腻食物,养生建议
谷雨节气,播种,与活动相关
谷雨节气,播种,适宜活动
谷雨节气,旧病萌发相关,与
谷雨节气,早晚冷热交替,气候特点
谷雨节气,早晚适当春捂,养生建议
谷雨节气,春夏之交,发生时间
谷雨节气,春季过渡至夏季,时节阶段
谷雨节气,晴暖,气候特点
谷雨节气,月令七十二候集解,传统解释来源
谷雨节气,未到炎热,气候特点
谷雨节气,桑树上见到戴待地吃冷饮,与植物现象相关
谷雨节气,气温升高较快,特征
谷雨节气,浴足,建议
谷雨节气,清明断雪，谷雨断霜,传统谚语关联
谷雨节气,百草回芽相关,与
谷雨节气,空气湿度加大,导致
谷雨节气,经络养生,涉及
谷雨节气,脾,与脏腑相关
谷雨节气,脾胃为湿所困相关,与
谷雨节气,花粉过敏,涉及
谷雨节气,谷鸟提醒人们播种,与生物行为相关
谷雨节气,通风,建议
谷雨节气,降雨增多,伴随现象
谷雨节气,雨水较多,气候特征
谷雨节气,风湿性腰腿痛,需防范
谷雨节气,饮食宜多食甘味食物,养生建议
谷雨节气,饮食宜少食酸味,养生建议
豆制品,强心,作用
豆制品,肝脏有益,对
豆制品,补充营养,作用
豆制品,进补食物,属于
豆浆,白糖,加入
豆浆,芹菜炒香菇,加入
豆芽,滋润,作用
豆芽,防春燥,作用
豇豆,健脾益胃,具有功效
贪凉,疾病,可能导致
贪图寒凉,中阴暑发生可能性,增加
赠送西瓜,交流改进栽种技术,目的
赠送西瓜,发现良种,目的
赤小豆,利尿,具有功效
赤箭,天麻,是指
赤脚,反常态行为,属于
走在鹅卵石上,使全身温暖,作用
走在鹅卵石上,刺激穴位,作用
走在鹅卵石上,刺激脚底的经络,作用
走在鹅卵石上,改善血液循环,作用
走在鹅卵石上,疏通经脉,作用
走在鹅卵石上,祛除寒气,作用
走路要人牵,人们在芒种时节的懒散状态,表达
起居,早卧早起,建议
起居,阴阳消长,应顺应
起居养生,傍晚,推荐时间
起居养生,内外阴阳平衡,影响
起居养生,勤搓手,方法
起居养生,宜睡子午觉,包含原则
起居养生,排除夏季湿热,目的是
起居养生,早晨,推荐时间
起居养生,晚睡早起,包括
起居养生,气血的运行,促进
起居养生,白露,对应节气
起居养生,精神的振奋,促进
起居养生,防暑,包含原则
起居养生,防暑,包括
起居养生,阳光照射,包括
起居养生,阳气外发,导致
起居养生,阳气的充盛,顺应
起居养生,雨后添衣,包含
起居养生,饮食宜清淡,包含原则
起居方式,春捂,包括
足三里,100次,按摩次数
足三里,上巨虚穴,向下走四个手指位置
足三里,立秋期间按摩,适用于
足三里,补中益气,功能
足三里,通经活络,功能
足三里穴,健脾保健,有助于
足三里穴,平衡饮食,有助于
足三阳经,足,终止于
足三阴经,足底,汇集于
足少阳胆,月令凉风至,对应时节
足少阴肾经,足底,循行于
足疗,脚部穴位按摩法,方式
足部,地面,直接接触
足部,寒邪,容易受侵袭
足部,心脏,距离
身体,寒邪,需驱散
身体,气候变化,适应
身体出汗,排出毒素,作用
身体机能,增强,因刺激而
身体锻炼,个人身体情况,需要依据
身体锻炼,做操,包括
身体锻炼,慢跑,包括
身体锻炼,散步,包括
身体锻炼,盲目进行,应避免
身放松,四肢容易自由变动,使
轻型中风,面瘫,可能引发
辛甘发散,韭菜,适宜食物
辛甘发散,香菜,适宜食物
辛辣刺激,饮食禁忌,属于
辛辣刺激性调料,咖喱,包括
辛辣刺激性调料,大蒜,包括
辛辣刺激性调料,生姜,包括
辛辣刺激性调料,芥末,包括
辛辣刺激性调料,辣椒,包括
辛辣刺激的食品,饮食不化,可能导致
辛辣的食物,损耗阳气,可能导致
辛辣的食物,肺气,影响
辛辣的食物,调动肺部阳气,作用
辣椒,燥热之品,属于
辣椒,生湿助热食物,属于
辣椒,肠道内热堆积,会加重
辣椒,辛辣的食物,属于
过多的雨水,初插的秧苗,有利于
过多的雨水,新种的作物,有利于
过度劳累,气机运行,会影响
过度劳累,经络畅通,会影响
过度忧虑,脾胃功能,影响
过度思虑,气机运行,会影响
过度思虑,经络畅通,会影响
过敏,肝相关,与
过敏体质者,打喷嚏,易出现症状
过敏体质者,流鼻涕,易出现症状
过敏体质者,脸部红肿,易出现症状
过敏反应,及时到医院就诊,需要
过敏性哮喘,反复发作的喘息,表现为
过敏性哮喘,发作性喷嚏,表现为
过敏性哮喘,呼吸困难,可能导致
过敏性哮喘,咳嗽,表现为
过敏性哮喘,咽痒,表现为
过敏性哮喘,春季传染病,属于
过敏性哮喘,植物,与
过敏性哮喘,清明节,高发时期
过敏性哮喘,窒息,可能造成
过敏性哮喘,胸闷,表现为
过敏性哮喘,花粉,与
过敏性哮喘,鼻塞,表现为
过敏性哮喘,鼻痒,表现为
过敏性鼻炎,慢性疾病,属于
过敏性鼻炎,春季传染病,属于
过量食用,肠胃负担,可能导致
过食,损伤脾胃,可能导致
过饱,胃,对胃有不良影响
运动,不可过多,应注意
运动,保护肝肾,有助于
运动,保护阳气,需注意
运动,养肺,有助于
运动,在动中求静,原则
运动,坐功,推荐方式
运动,大汗淋漓,可能引起
运动,太极拳,推荐方式
运动,应避免大汗,在谷雨时
运动,强身健体,目的
运动,微有汗出为度,应以
运动,慢跑,包括
运动,慢跑,推荐方式
运动,打太极,包括
运动,放风筝,推荐方式
运动,散步,包括
运动,气旺盛,可能导致
运动,腰背酸疼,可能引起
运动,踏青,包括
运动养生,中医导引法,研究内容
运动养生,二十四节气,研究内容
运动养生,佩戴香囊,相关方法
运动养生,八段锦,可结合
运动养生,坐功,研究内容
运动养生,夏至,对应时节
运动养生,太极拳,建议活动
运动养生,山药,应注意
运动养生,强度不宜过大,原则
运动养生,户外散步,包括
运动养生,散步,建议活动
运动养生,旅游,建议活动
运动养生,时令运气,研究内容
运动养生,栗子,应注意
运动养生,游泳,建议活动
运动养生,物候特点,依据
运动养生,瑜伽,建议活动
运动养生,登山,包括
运动养生,白露,对应节气
运动养生,百合,应注意
运动养生,眼肉,应注意
运动养生,立春,适用时节
运动养生,芝麻,应注意
运动养生,莲子,应注意
运动养生,避免大汗,建议
运动养生,雨水节气,适用于
运动场所,公园庭院,宜选择
运动场所,河湖水边,宜选择
运动强度,不可过大,注意事项
运动强度,出汗,指标
运动方式,太极拳,包括
运动方式,慢跑,包括
运动方式,爬山,包括
运动方式,踢毽子,包括
运动时间,傍晚,建议选择
运动时间,清晨,建议选择
运动环境,空气清新,要求
运动过程,间歇次数增加,包括
运气学说,因时制宜方法,用于
运气理论,研究天时气候变化规律,用于
运气理论,阐释自然、生命规律,用于
这一节气,保护心脏,有助于
这一节气,提高机体应激能力,有助于
这一节气,防止动脉粥样硬化,有助于
这三个穴位,肝经,位于
这三个穴位,肾经,位于
这三个穴位,脾经,位于
这个季节,女人的美丽展现,影响
这个季节,室内开空调,伴随
这个季节,寒气侵入身体,引发
这个季节,衣着变单薄,导致
这段时间,温补之物,应少吃
这段时间,辣味,应少吃
这段时间,饮酒,应尽量不
这种方法,保健养生,被老年人用于
这种方法,工作精神,提升
这种方法,日常功课,作为
这种方法,生活质量,改善
这种方法,精力,帮助男性增强
这种方法,美容美体效果,实现
这种方法,脸上的黑斑,清除
这种方法,腿粗问题,解决
这种方法,调节月经相关状态,在经期前后进行
这种方法,身体变轻且健康,使
这种方法,阳气,帮助男性提升
进补,人参,可能包括
进补,今年冬令进补，明年三春打虎,谚语依据
进补,养精神,包括
进补,发挥食材功效,作用
进补,因人,需考虑
进补,因地,需考虑
进补,因时,需考虑
进补,大寒时节,适宜时间
进补,大葱,应避免食物
进补,大量饮酒,应避免行为
进补,大鱼大肉,可能包括
进补,慎房事,包括
进补,抑郁症,涉及
进补,气的补充,应注重
进补,燕窝,可能包括
进补,狗肉,可食用食材
进补,生姜,应避免食物
进补,科学摄取营养,通过
进补,练形体,包括
进补,羊肉,可食用食材
进补,营养丰富的食品,包括
进补,调整饮食,通过
进补,调饮食,包括
进补,适温寒,包括
进食高热量食品,糖的分解代谢,促进
进食高热量食品,脂肪的分解代谢,促进
进食高热量食品,蛋白质的分解代谢,促进
连绵的阴雨,作物湿害,导致
连绵的阴雨,收成,影响
连绵的阴雨,病害流行,引起
连绵阴雨,三秋,对
连绵阴雨,作物,对
追远活动,以礼进行,强调
适应自然变化,身体健康有益,对
适当午休,日常作息建议,属于
适时增减衣物,避免引起感冒,目的
适量运动,寒冷环境,适用于
适量运动,热身活动,需要
适量饮用,有助于消除疲劳,果汁
适量饮用,有助于消除疲劳,糖盐水
透气性好,避免湿气郁积,有助于
通化反复无常,新陈代谢,影响
通化反复无常,生理机能失调,导致
通肝气,伤脾,可能导致
通风,开窗,行为
逸周书,水米交融,记载
逸周书,草木以水为辅,记载
逸周书,雨水节后鸿雁来,记载
遗尿,茯苓,不宜食用
遵生八笺,二十四节气中医导引法,记载内容
遵生八笺,晚明时期,成书时期
遵生八笺,节气养生,记载内容
避免,以防,被雨水淋湿
邓平,太初历,制定
酉时,谷雨节气,时间段
配图,主治功效,附于
酒,促进气血流通,作用
酒,温性调料,是
酒类,肠道内热堆积,会加重
酱熏,肉类加工方式,属于
酷热,人们的工作,会影响
酷热,人们的生活,会影响
酸味,肝,入
酸味,肝功能,影响
酸味,肝功能偏亢,导致
酸味,脾胃,影响
酸味,饮食,应减少摄入
酸味食物,番茄,包括
酸性食物,特别是葡萄,应少吃
酸梅汤,乌梅,原料
酸梅汤,冰糖,原料
酸梅汤,山楂,原料
酸梅汤,甘草,原料
酸梅汤,紫苏,原料
醋,温性调料,是
采桃花浸酒饮之,益颜色,功效
采桃花浸酒饮之,除百病,功效
采茶,清明节气,发生于
采茶,茶农进行,由
野外春游,怡情养性,有助于
野外春游,气血通畅,有助于
野外春游,畅达心胸,有助于
野外春游,缓解郁滞,有助于
野菜,丰富,营养价值
野菜,具有药用价值,性质
野菜,惊蛰以后,上市时间
金银花,药店购买,可在
钓鱼,安神定志,用于
钙的吸收,营养利用效率,提高
钾元素,日常生活饮食,可通过摄入
铁峰居士,传统经络配时形成对比,与
铁峰居士,伤也,提出观点
铁峰居士,十二经脉必须与十二月对应,指出
铁峰居士,经络理论,发展
铁峰居士,经络理论,提出
铁峰居士,运气理论重在实践应用,提出
银耳,富含植物蛋白质的食物,属于
银耳,富含维生素的食物,属于
银耳,润燥,用于
银耳,润肺生津,功效
银耳,滋阴润肺,用于
银耳,肝脏有益,对
银耳,适合处暑节气食用的食物,属于
银装素裹,耀眼且清亮,在光照下呈现
锻炼,慢跑,包括
锻炼,气功,包括
锻炼,热身活动,需要
锻炼,避免痔疮,有助于
锻炼方式,动中有静,特点
锻炼方式,动作柔和,特点
锻炼身体,关节肿痛,可能出现症状
锻炼身体,增强免疫力,作用是
锻炼身体,肿胀,可能出现症状
锻炼身体,黄金时机,最佳时机
长啸,反常态行为,属于
长夏,淡补,需要
长寿老人,侧卧,睡眠姿势
长寿老人,右侧弓形卧位,偏好睡眠方式
长时间处于空调房间内,内分泌的激素分泌,影响
长时间处于空调房间内,大脑的神经活动,影响
长春中医药大学附属医院,长春,所在地
长期游泳,增强心肌功能,有助于
长江中、下游地区,芒种时节,处于
长江中下游地区,小阳春,出现
长江中下游地区,气温升高,气候特征
长江中下游地区,温暖舒适,气候特征
长江中下游地区,连绵阴雨天气,天气现象
长江中下游地区,闷热难耐,感受
长江中下游地区,降雨明显增加,特征
长江中下游地区,雨量增多,气候特征
长江中下游地区,风和日丽,气候特征
长江中下游地区,风小湿度大,气候特征
长江中下游地区,骄阳似火,气候特征
长江沿岸低海拔地区,湿热,气候特征
长江沿岸低海拔地区,高于℃,最高气温
长江流域,小雪节气,冬季开始节气
问候的暖心话,世界上最好的礼物,被评价为
间歇时,淡盐水,可饮用
间歇时,绿豆汤,可饮用
间歇时,金银花水,可饮用
闽南人,霜降要吃柿子,流传的说法
防中风,按中冲,方法
防寒保暖,搓手,包括
防寒保暖,晒背,包括
防寒意识,冬至到来,随
防春瘟,传染性疾病,预防
防春瘟,呼吸系统疾病,相关疾病
防春瘟,春季,针对
防春瘟,流感,相关疾病
防春瘟,流脑,相关疾病
防春瘟,猩红热,相关疾病
防春瘟,痄腮,相关疾病
防春瘟,麻疹,相关疾病
防晒,使用遮阳伞,包括
防晒,使用遮阳帽,包括
防晒,使用防晒霜,包括
防晒,选择合适衣服,包括
防晒措施,戴遮阳帽,包括
防晒措施,打伞,包括
防晒措施,涂防晒霜,包括
防暑,避免过量食用,注意事项
防暑降温,药品,包括
防暑降温,饮料,包括
防止脚冷,养护肝脏,需要
防止脚冷,泡脚,方法
防热病,下肢溃疡,可能导致病症
防热病,湿热,涉及因素
防热病,湿疹,可能导致病症
防热病,熬夜加班,与生活习惯相关
防热病,生活无规律,与生活习惯相关
防热病,脚气,可能导致病症
防热病,避免雨淋,预防措施
防热病,避开潮湿环境,预防措施
防热病,饮食清淡,与饮食相关
防热防湿,防湿,包括
防热防湿,防热,包括
防病抗癌的食疗优势,春季养生,支持
防痔疮,清除肠胃积热,首要任务
防风保暖,养生的重点,是
防风粥,煎汤煮粥,制作方法
防风粥,防风,原料
阳,阴,来源于
阳,阴旺盛时得以生成,在
阳光灿烂,排解心情抑郁,有助于
阳光照射,湿气,作用于
阳光直射位置,北半球,逐渐南移
阳春三月,新茶,与
阳气,人体,不足
阳气,冬至后,在
阳气,冬至后回升,在
阳气,天地之间,生发
阳气,太阳,类似于
阳气,护卫体表,功能
阳气,抵御外邪,功能
阳气,春分,增长过快
阳气,汗液发泄,通过
阳气,由收转向藏,变化过程
阳气,皮肤腠理疏松,生发
阳气,直接曝晒而过旺,可能因
阳气发散,身体变凉,导致
阳气发泄,腠理疏,使
阳气外发,内外阴阳平衡不稳定,导致
阳气始衰,鹿角脱落,引起
阳气损耗,养生不利,对
阳气潜藏,小寒时节,发生时期
阳气生,立春五日后,发生在
阳气生发过快,人体阳气跟不上,导致
阳气盛,气血外行,引起
阳气被消耗,卫气的不断补充与流失,源于
阳长,嗌阴消,治疗
阳长,胸胁积滞,治疗
阳长,腰痛不可俯仰,治疗
阳长,虚劳,治疗
阳长,邪毒,治疗
阴冷晦暗的天气,情绪,影响
阴暑,中医学上的病症,是
阴暑,呕吐,表现为
阴暑,腹泻,表现为
阴暑证,乏力,症状包括
阴暑证,口渴,症状包括
阴暑证,四肢麻木,症状包括
阴暑证,头昏,症状包括
阴暑证,心悸,症状包括
阴暑证,恶心,症状包括
阴暑证,注意力不集中,症状包括
阴暑证,病程较长,发病特点
阴暑证,胸闷,症状包括
阴暑证的致病原因,寒,兼有
阴暑证的致病原因,湿,兼有
阴气,此节气,开始滋生于
阴气,达到鼎盛,在冬至时
阴气旺盛,全身肌肉得到充分放松,使
阴虚火旺,茯苓,不宜食用
阴阳互补,饮食调养的目标,是目的
阴阳交替,人体患病,可能导致
阴阳交替,人体疾病风险,引发
阴阳平衡,保健理论,应用于
阴阳气血,冬至后,在
阴阳理论,手在上为干,说明
阴阳理论,脚在下为阴,说明
降压药,心脑血管意外,用于预防
降水,农业产量,影响
降水稀少,沙尘天气,导致
降雪日,长江中下游地区,比
除夕,家庭举宴,有习俗
陶弘景,食玉泉能延年,认为
陶弘景,食玉泉能除百病,认为
隆冬时节,冰冻现象,常伴有
隆冬时节,气温显著下降,特征是
雨,去声,读音
雨,如火,比喻
雨天,室内运动,适合
雨季,雨日增多,特征
雨季,雨量增多,特征
雨我公田,指谷物播种时的降雨,中的雨
雨水,三九天末梢,发生于
雨水,三九天末梢,发生背景
雨水,三候,分为
雨水,二十四节气,属于
雨水,二十四节气中的第二个节气,是
雨水,公历每月月初前后,发生时间
雨水,冰雪皆散,与自然现象相关
雨水,冰雪融化,对应气象现象
雨水,冰雪融化,气候特征
雨水,冷空气减弱但不退,伴随现象
雨水,减少酸味食物,建议饮食
雨水,化而为雨,与自然现象相关
雨水,南瓜,涉及食物
雨水,土豆,涉及食物
雨水,地黄粥,推荐食物
雨水,增加甘味食物,建议饮食
雨水,大地,影响对象
雨水,大枣,推荐食物
雨水,大雪,与
雨水,天一生水,与天文现象相关
雨水,天气回暖,对应天气特征
雨水,寒冷时段,属于
雨水,小米,推荐食物
雨水,小雪,与
雨水,少吃酸味食物,饮食建议
雨水,少食生冷油,饮食建议
雨水,山川,影响对象
雨水,山药,推荐食物
雨水,开始增多,节气阶段
雨水,扁豆,推荐食物
雨水,提高思维能力,包含
雨水,斗指壬,名称来源
雨水,春寒料峭,气候特点
雨水,春时宜食粥,节气建议
雨水,春雨,对应节气
雨水,月令七十二候集解,记载来源
雨水,树木,影响对象
雨水,栗子,涉及食物
雨水,桂圆,涉及食物
雨水,正月,对应节气
雨水,每年的月日前后,发生时间
雨水,气温回升,对应气象现象
雨水,气温回升,气候特征
雨水,气温回升较快,特征
雨水,气温忽高忽低,气候特点
雨水,河流,影响对象
雨水,湿冷,气候特征
雨水,潮湿闷热天气,预示
雨水,獭而且能补脾养胃、去浊生清,三候
雨水,祭鱼,三候
雨水,立春以后的第二个节气,是
雨水,糯米,推荐食物
雨水,红薯,涉及食物
雨水,肝气,影响
雨水,胡萝卜,涉及食物
雨水,能防老抗衰,包含
雨水,节气,属于
雨水,节气的第二个环节,是
雨水,芋头,涉及食物
雨水,草木萌动,三候
雨水,薏苡仁,推荐食物
雨水,调节中枢神经系统,包含
雨水,谷雨,与
雨水,豇豆,推荐食物
雨水,降水增多,对应气象现象
雨水,降水增多,气候特征
雨水,降水现象,反映
雨水,降水节气,属于
雨水,降水量逐渐增加,对应天气特征
雨水,雨逐渐增多,对应天气特征
雨水,雪逐渐减少,对应天气特征
雨水,风解冻,与自然现象相关
雨水,"风解冻,冰雪皆散而为水,化而为雨",定义
雨水,鸿雁来,三候
雨水,黄经330度,对应太阳位置
雨水,黄豆,涉及食物
雨水之后,气温急剧下降,引起
雨水养生,当心脾胃受寒湿,注意事项
雨水养生,心存淡泊制怒平,心理建议
雨水养生,春捂,具体措施
雨水养生,甘食热粥,饮食建议
雨水养生,省酸增甘以养脾,理论依据
雨水养生,适当锻炼导引功,建议
雨水季节,变化不定,天气特征
雨水季节,寒潮过程,天气现象
雨水时期,忽高忽低,气温特点
雨水时期,春寒料峭,气候特征
雨水时节,倒春寒,关联
雨水时节,养身的最佳时机,是
雨水时节,冷空气活动频繁,伴随现象
雨水时节,减少室外活动,建议
雨水时节,口舌干燥,可能导致
雨水时节,口舌干燥,易引发
雨水时节,嘴唇干裂,可能导致
雨水时节,嘴唇干裂,易引发
雨水时节,多吃新鲜蔬菜,饮食建议
雨水时节,多吃水果,饮食建议
雨水时节,多汁水果,建议饮食
雨水时节,天气乍暖还寒,气候特征
雨水时节,天气变化多端,伴随现象
雨水时节,寒潮,可能出现
雨水时节,山药粥,适宜食用
雨水时节,扁豆红枣粥,适宜食用
雨水时节,抵抗力减弱,影响人体
雨水时节,新鲜蔬菜,建议饮食
雨水时节,春捂,需要采取措施
雨水时节,栗子桂圆粥,适宜食用
雨水时节,气温易变化,特征
雨水时节,皮肤脱皮,易引发
雨水时节,皮肤腠理变疏松,影响人体
雨水时节,空气湿润且不燥热,特征
雨水时节,转暖,气候特征
雨水时节,遇恶劣天气时进行室内活动,建议
雨水时节,降水增多,特征
雨水时节,风多物燥,气候特征
雨水时节,风寒之邪侵袭,易导致
雨水期间,倒春寒相关,与
雨水期间,养脾脏,养生重点
雨水期间,坐冷湿之地,应避免
雨水期间,多吃甜味,饮食建议
雨水期间,少吃酸味,饮食建议
雨水期间,山药,宜食用
雨水期间,春笋,宜食用
雨水期间,暖,天气特征
雨水期间,甘蔗,宜食用
雨水期间,百合,宜食用
雨水期间,肠道疾病,易引发
雨水期间,芋头,宜食用
雨水期间,茼蒿,宜食用
雨水期间,荠菜,宜食用
雨水期间,荸荠,宜食用
雨水期间,萝卜,宜食用
雨水期间,藕,宜食用
雨水期间,豌豆苗,宜食用
雨水期间,韭菜,宜食用
雨水期间,饮食卫生,应注意
雨水期间,香椿,宜食用
雨水节气,下雨较多,导致
雨水节气,元宵节,对应节日
雨水节气,养护脾胃,有助于
雨水节气,养生,适宜
雨水节气,冰雪融化,伴随
雨水节气,南方,主要影响区域
雨水节气,团圆吃汤,习俗
雨水节气,地湿之气,具有特征
雨水节气,多吃甜味食物,适宜饮食
雨水节气,多食粥,建议
雨水节气,大地逐渐呈现欣向荣景象,特征
雨水节气,大枣,适宜食用
雨水节气,导引功,可以进行
雨水节气,少吃酸味食物,适宜饮食
雨水节气,山药,适宜食用
雨水节气,情绪波动,容易引发
雨水节气,我国大部分地区不再有严寒,影响
雨水节气,手少阳三焦经,对应经络
雨水节气,春寒料峭,特点
雨水节气,春风拂面,伴随
雨水节气,昼夜温差,影响
雨水节气,气温,影响
雨水节气,气温忽高忽低,特点
雨水节气,湿度,影响
雨水节气,湿润的空气,带来
雨水节气,祛风除湿,饮食调养重点
雨水节气,立春之后,发生在
雨水节气,脾胃,调养
雨水节气,节气,属于
雨水节气,茼蒿,建议食用
雨水节气,蜂蜜,适宜食用
雨水节气,调养脾胃,适宜
雨水节气,调养脾胃,饮食调养重点
雨水节气,银耳,适宜食用
雨水节气,雨天到来,不意味着
雨水节气,霜,早晨出现
雨水节气,露,早晨出现
雨量,减少,变化趋势
雨量增加,皮肤病,导致
雨雪同降,雨夹雪,气象现象
雪,二十四节气,属于
雷,阳气盛而发声,因
雷雨,减弱暑湿,作用
霜冻,作物冻害,导致
霜冻,杀百草,被比喻为
霜冻,由于温度剧降而引起的作物冻害现象,是指
霜降,万物逐渐萧落,导致
霜降,九月,发生时间
霜降,二十四节气中的一个节气,是
霜降,二十四节气中的第十八个节气,是
霜降,北方地区最低气温可达℃左右,期间
霜降,可能遭遇寒潮,期间
霜降,吃柿子,习俗
霜降,大秋作物,影响
霜降,天气逐渐变冷,表示
霜降,天气逐渐变冷的特征,具有
霜降,太阳到达黄经度,发生时
霜降,寒气增长,对应自然现象
霜降,小麦冬前弱苗,影响
霜降,昼夜温差变大,期间
霜降,昼热夜凉,气候特点
霜降,月令七十二候相关,与
霜降,杀百草,对应现象
霜降,杀百草,被比喻为
霜降,树叶枯黄,导致
霜降,树叶飘落,引发
霜降,植物,影响对象
霜降,气候由热转寒,气候变化
霜降,气温下降,标志着
霜降,温热食物,建议食用
霜降,秋季,属于
霜降,秋季到冬季的过渡,标志着
霜降,秋季到冬季的过渡节气,是
霜降,秋季最后一个节气,性质
霜降,秋季的终止,是
霜降,胃病复发的高峰期,是
霜降,节气,属于
霜降,阳气,影响
霜降,阴阳达到黄经,标志着
霜降,降霜,涉及
霜降,露水凝结成霜,意味着
霜降,黄河流域出现白霜,在
霜降时节,胃痛症状,高发
露天久放的木头,路边的椅凳,属于
露天久放的木头,露打雨淋,经历
露打雨淋,湿气加重,导致
露水,秋色的深浅,表示
青色,滋阴润燥,作用
青色,肝,对应脏腑
青色,舒肝养血,作用
青藏高原,全年飞雪,气候特征
静功,六字诀默念呼气练功法,包括
静功,内气功,包括
静坐养生,中医理论,依据
静心养生,防治情绪中经度时始,用于
靡草,二候死亡,在
面条,夏至相关,与
面条,长寿,寓意
面瘫,面部神经麻痹,医学定义为
韭菜,助阳之物,属于
韭菜,助阳类菜肴,属于
韭菜,护阳气,作用
韭菜,芽菜,属于
顺三气养生,寿之本,属于
顺时养生,二十四节气,基于
顺气,中医养生方法,属于
顾禄,清嘉录,著述
预防湿病,出汗后立即用冷水,禁忌行为
预防湿病,经常洗澡,需要行为
预防燥邪伤人,多吃新鲜蔬菜水果,建议措施
预防燥邪伤人,多喝水,建议措施
预防燥邪伤人,多食大枣,建议措施
预防燥邪伤人,多食杏仁,建议措施
预防燥邪伤人,多食百合,建议措施
预防燥邪伤人,多食芝麻,建议措施
预防燥邪伤人,多食莲藕,建议措施
预防燥邪伤人,多食蜂蜜,建议措施
预防燥邪伤人,早晚添加衣服,建议措施
预防燥邪伤人,早睡早起,建议措施
预防病菌侵袭,注意身体调理,措施
预防阴暑证,大量出汗,需避免
预防阴暑证,贪凉,需避免
预防阴暑证,露宿,需避免
颐身集,夏季心旺肾衰,记载
额头,足阳明胃经,属于
风,热浪,带有
风力加大,森林火险,导致
风寒,呼吸系统,可影响
风寒,外感性疾病,可引发
风寒,背部,易通过
风扇,降温,用于
风湿病,不穿潮湿的衣服,需要防范
风湿病,日常生活中,易复发
风湿病,避免久居潮湿之地,需要防范
风湿病,部位的保暖,需要防范
风湿痹症,慢性疾病,属于
风起叶落,凄凉之感,引起
飞滑石,方剂,用于
食欲增,饮食过量,导致
食物,肝气,有助于
食物中毒,吐泻,可能导致
食物中毒,昏迷,严重时可能导致
食物中毒,死亡,严重时可能导致
食物中毒,腹痛,可能导致
食物的气味,天地之精,获得来源
食物的气味,生长成熟,需要条件
食物的气味,节气符合,需要条件
食玉泉,祛病健体,目的
食玉泉,蒯京,创造者
食玉泉,西汉,起源时期
食玉泉,运动,属于
食用冷饮,肠胃不适,导致
食用助阳之物,滋阴,应搭配
食用助阳之物,蛋类,宜配食
食用生冷之物,避免寒凉损害健康,注意事项
食用生冷之物,降火开胃,作用
食用菌类蔬菜,养生,有助于
食用菌类蔬菜,冬季,适合季节
食用菌类蔬菜,新鲜的蔬菜,替代
食用菌类蔬菜,绿叶菜,替代
食用菌类蔬菜,长寿,有助于
食用过多糍粑,肺火盛,可能导致
食用过多糍粑,胃火盛,可能导致
饥饿,反常态行为,属于
饮水,适量进行,建议
饮用汤品,应对闷热潮湿的夏天,有助于
饮食,以平为期,应
饮食,保健肝肾,有助于
饮食,健脾,作用
饮食,健脾胃,应多吃
饮食,养肺相关,与
饮食,养阴清热润燥,应以
饮食,增加痰湿的食物,应少吃
饮食,壮阳御寒,作用
饮食,夏季,用于调理
饮食,多食温热食物,建议
饮食,多食野菜,建议
饮食,定时定量,要求
饮食,宜增咸酸减辛辣,建议
饮食,寒热均衡,原则
饮食,少酸多甘,原则
饮食,新鲜蔬菜,包括
饮食,暴饮暴食,禁忌
饮食,有助于静心安神的食品,应选择
饮食,清温平淡,应
饮食,温不燥,原则
饮食,温热食物,应调整为
饮食,温补,作用
饮食,狼吞虎咽,禁忌
饮食,痔疮,影响
饮食,祛湿,应多吃
饮食,细嚼慢咽,要求
饮食,蛋白质丰富的食物,包括
饮食,防冷风,作用
饮食不化,聚湿,会导致
饮食不当,春瘟加重,可能引发
饮食养生,上中下燥甘润养,对应方法
饮食养生,不振,适用于
饮食养生,人参,使用药物
饮食养生,何首乌,使用药物
饮食养生,健脾祛湿化痰,涉及
饮食养生,养心安神,涉及
饮食养生,喝水,包括
饮食养生,多吃新鲜蔬菜,相关建议
饮食养生,多吃水果,相关建议
饮食养生,多食辛甘发散食物,建议
饮食养生,来年无病痛,传统说法
饮食养生,甘草,使用药物
饮食养生,白术,使用药物
饮食养生,益精血,涉及
饮食养生,秋果菊藕桂花香,推荐食材
饮食养生,肢体困重,适用于
饮食养生,脘腹胀满,适用于
饮食养生,茯苓,使用药物
饮食养生,补土荣木,涉及
饮食养生,补肝肾,涉及
饮食养生,适当搭配粗粮,相关建议
饮食养生,适量食鱼,相关建议
饮食养生,食用奶,相关建议
饮食养生,食用瘦肉,相关建议
饮食养生,食用蛋,相关建议
饮食养生,食用豆类,相关建议
饮食建议,养护脾脏,旨在
饮食建议,动物脂肪类食物,少食
饮食建议,多吃新鲜蔬菜,包括
饮食建议,多喝水,包括
饮食建议,富含植物蛋白质的食物,宜多吃
饮食建议,富含维生素的食物,宜多吃
饮食建议,常食粥,包括
饮食建议,易消化食物,推荐
饮食建议,清淡,强调
饮食建议,牛奶,包括
饮食建议,瘦肉,包括
饮食建议,益气养阴食物,推荐
饮食建议,维生素,补充
饮食建议,豆制品,包括
饮食建议,避免中暑,包括
饮食建议,鸡肉,包括
饮食搭配,个人体质,适用于
饮食搭配,兔肉,包括
饮食搭配,河蟹,包括
饮食搭配,鸭肉,包括
饮食方面,坚果,应多吃
饮食方面,辛辣燥热食物,应少吃
饮食方面,过度夏生,应避免
饮食治疗,乳类,建议食用
饮食治疗,健脑,有助于
饮食治疗,咖啡,可适量饮用
饮食治疗,振奋精神,可以
饮食治疗,提高情绪,可以
饮食治疗,活血,有助于
饮食治疗,牛肉,建议食用
饮食治疗,羊肉,建议食用
饮食治疗,茶水,可适量饮用
饮食治疗,高热量,包括
饮食治疗,鱼类,建议食用
饮食调养,偏寒,避免
饮食调养,偏热,避免
饮食调养,养肺润肠的作用,具有
饮食调养,少食生冷,原则
饮食调养,平衡搭配,强调
饮食调养,滋阴润肺,旨在
饮食调养,补脾胃的作用,具有
饮食调养,躁热之物,禁忌
饮食调养,防治咽干口燥,可用于
饮食调养,饮食不洁,需改善
饮食调养,饮食不节,需改善
饮食调养,饮食偏嗜,需改善
饮食调养原则,力求中和,主张
饮食调养原则,寒性食物,针对
饮食调养原则,忌大热大寒,主张
饮食调养原则,温热之品,针对
饮食调养原则,滋阴之物,针对
饮食调养原则,益阳之品,针对
饮食调理,健脾养胃,包括
饮食调理,脾,作用对象
饮食调节,七、八分饱,建议
饮食调节,保护肠黏膜,目的是
饮食调节,维持肠道功能,目的是
饮食起居,增强免疫力,用于
饮食过寒,霍乱,可能导致
饮食过量,脾胃,损伤
饺子,冬至,节日餐食
香囊,一般人群,适用人群
香囊,儿童,适用人群
香囊,平衡阴阳,作用
香囊,春季流行愉悦,用于防治
香囊,活血化瘀,作用
香囊,穴位,通过
香囊,经络,通过
香囊,老人,适用人群
香囊,肌肤,通过
香椿,从菜园,被采摘
香椿,健胃的功效,具有
香椿,凉爽的饮食,适合
香椿,口留余香,带来
香椿,开胃的需求,满足
香椿,抗菌的功效,具有
香椿,提高机体免疫力,有助于
香椿,木梯,采摘工具
香椿,杀虫的功效,具有
香椿,止泻的功效,具有
香椿,气候干燥,与季节相关
香椿,消炎的功效,具有
香椿,润肤的功效,具有
香椿,清淡的饮食,适合
香椿,清脆爽口,口感特征
香椿,独特强烈的香味,具有
香椿,理气的功效,具有
香椿,营养价值,具备
香椿,谷雨节气,在节气中食用
香椿,醇香爽口,具有
香椿,食欲,影响
香椿,香椿炒蛋,可制作
香椿炒蛋,儿时记忆中的美食,是
香椿芽,下压,后续处理
香椿芽,不宜过多食用,食用限制
香椿芽,凉拌,食用方式
香椿芽,易诱使痼疾复发,食用限制
香椿芽,有轻微紧绷感即可,食用建议
香椿芽,沸水焯肉,烹饪方法
香燥,饮食禁忌,属于
香瓜,生冷食物,属于
香菇,免疫系统,影响
香菇,冬季,适合食用季节
香菇,和胃益肾,作用
香菇,多糖成分,含有
香菇,性平味甘,性味
香菇,火锅,常用于
香菇,蘑菇皇后,被誉为
香菇,补气健脾,作用
香菜,白露节气,用于食疗
香菜,钾元素,富含
香蕉,5-羟色胺,含有
香蕉,哮喘,可能引发
香蕉,心情平静,有助于
香蕉,心情快活,有助于
香蕉,钾元素,富含
香蕉,降健康,有助于
香薷,和中解表,功能
香薷,辛温通气,性质
香薷饮,厚朴,由
香薷饮,湿热之气,用于对抗
香薷饮,白扁豆,由
香薷饮,秋老虎,用于缓解
香薷饮,立秋的节日饮品,属于
香薷饮,香薷,由
马刀侠瘿,结核,相关病症
高温,体力消耗过大的运动项目,可能导致
高温,倦怠,容易使人产生
高温,烦躁,容易使人产生
高温,高湿度,与
高温天气,心躁,导致
高温天气,暑气逼人相关,与
高温天气,水分流失,导致
高温天气,水稻,对
高温天气,湿性皮肤病,可能引发
高温天气,风湿症,可能引发
高温气候,神经系统,影响
高温酷热,肝火上升,导致
高温高湿,湿热交加,环境特征
高粱,雨水,生长需要
高菊涧,清明,创作
高血压,心脏功能,需养护
高血压,春捂,需要
高血压,蟹黄,患者应避免食用
高血压,谷雨时节,易发时期
高血压,阳气,可能损伤
高血压,降压菜改善,可以通过
高血压患者,清明节气,需注意
高血压患者,血压,需定期检查
高血压患者,降压药,需要服用
鱼,寒性食物,属于
鱼,进补食物,属于
鲅鱼,阳气偏盛时期,适合食用
鲜皮,理气开胃,用于
鲜豌豆,钾元素,富含
鲤鱼,补血气食物,属于
鲫鱼,补血气食物,属于
鳖,进补食物,属于
鳙鱼,补血气食物,属于
鳝鱼,补血气食物,属于
鳝鱼,阳气偏盛时期,适合食用
鸟鸣,大自然的声音,属于
鸡肉,强心,作用
鸡肉,补充营养,作用
鸡肉,阳气偏盛时期,适合食用
鸭、鹅肉,甘平,性味
鸭、鹅肉,补虚益身,功效
鸭肉,养胃生津,具有功效
鸭肉,大暑时节,适合时节
鸭肉,寒性食物,属于
鸭肉,情绪中暑,与病症相关
鸭肉,清虚劳之热,具有功效
鸭肉,滋五脏之阴,具有功效
鸭肉,滋补上品,被评价为
鸭肉,滋阴润,适用于
鸭肉,补养品,性质
鸭肉,补血行水,具有功效
鸭肉,进补佳品,被古代视为
鸭肉,阳气偏盛时期,适合食用
鸭肉,高血压患者,适合人群
鸭肉,高血脂患者,适合人群
鹅卵石,公园,铺设地点
鹅卵石,小区,铺设地点
鹰隼,捕食能力极强的状态,处于
鹰隼,盘旋于空中,活动状态
鹿角,属阳,属性
鹿角,朝前,生长方向
麦冬,防治秋燥,用于
麻木,气不足,原因
麻辣的食物,内火,容易助长
黄帝内经,夏三月,记载
黄帝内经,夜卧早起，无厌于日,提出
黄帝内经,夜理气、祛痰、通气、止咳、解酒等,记载
黄帝内经,天人相应,提出观点
黄帝内经,春三月，此为发陈,记载
黄帝内经,春三月，此谓发陈,记载
黄帝内经,春三月，此谓发陈，天地俱生，万物以荣,记载
黄帝内经,肺是水上之源,记载
黄帝内经,阳气尽则卧，阴气尽则寤,记载
黄帝内经太素•调阴阳,四时和气,涉及内容
黄梅时节,长江中下游地区,发生区域
黄氏枸杞鸡汤,汤羹,属于
黄河流域,冬月,进入季节
黄淮地区,分外妖娆,景观特征
黄淮地区,银装素裹,景观特征
黄淮平原,日平均气温稳定升至,在春分时节
黄淮平原以北,清明时节,在
黄色食物,养脾,有助于
黎梅,河北省荣军医院,所属单位
黏滞,脾胃阳气有害,对
黑色,作用次于红色,在阻隔紫外线方面
黑芝麻,润燥,用于
鼻子保健操,20次,重复次数
鼻子保健操,2遍,重复次数
鼻子保健操,2～5分钟,持续时间
鼻子保健操,右手食指,使用部位
鼻子保健操,拇指,使用手指
鼻子保健操,捏住鼻翼两侧并捏紧松开,操作动作
鼻子保健操,沿鼻子周围按摩20圈,操作方式
鼻子保健操,用右手手掌捂在鼻子上,操作方法
鼻子保健操,自上而下按摩20次,操作方式
鼻子保健操,轻轻拍打,操作方法
鼻子保健操,进行10次深呼吸运动,操作方法
鼻子保健操,食指,使用手指
鼻子保健操,鼻根部到鼻梁,操作路径
鼻子周围,人中穴,包含穴位
鼻子周围,四白穴,包含穴位
鼻子周围,睛明穴,包含穴位
鼻炎,鼻子保健,需要
鼻腔黏膜,海绵样血管,含有结构
鼻部按摩,使血管扩张变粗,作用
鼻部按摩,刺激鼻部血管,作用
鼻部按摩,加快血液循环,作用
鼻部按摩,增强鼻部抵抗力,作用
鼻部按摩,预防呼吸道疾病,作用
龙眼,养血安神,具有功效
龙眼,失眠,可用于治疗
龙眼,润肤美容,具有功效
龙眼,益气,具有功效
龙眼,神经衰弱,可用于治疗
龙眼,补脾,具有功效
龙眼,贫血,可用于治疗
龟,进补食物,属于
